q,p,lo,hi,coverage,n_local,method,cond_number
0,0,0.0979489876132341,0.157359166270869,0.05944235772889282,312,interval,1373547.813476251
0,1,0.811539107015212,0.881223154949008,0.0696945769336936,372,interval,2014997.037523409
1,0,0.82502933301872,0.963411716230041,0.13845733697632923,707,interval,943797.8381877849
1,1,0.246045300925533,0.303933408591523,0.05789685434328215,283,interval,2041931.4555165258
2,0,0.503686572411172,0.793912699500241,0.290383325862672,1000,interval_capped,1309578.7563706278
2,1,0.357617187405427,0.751157146903029,0.3935994219185737,1000,interval_capped,1970331.1526501565
3,0,0.153591060943058,0.304486930958032,0.1509776016149027,738,interval,2311729.2714532386
3,1,0.592338566664636,0.819226642658779,0.22692235793670715,1000,interval_capped,1859593.3088148334
4,0,0.783895419537393,0.895693731791714,0.11185886695955563,540,interval,1530148.482399852
4,1,0.192731778229145,0.620261454124285,0.4275942740355637,1000,interval_capped,1090394.9132505
5,0,0.657269134163734,0.662065290991022,0.004798754629142735,29,interval,1159287.2257657717
5,1,0.686893133293992,0.834849354203156,0.14797857654264093,766,interval,2984967.1327445637
6,0,0.39414904166256,0.581756821925402,0.18770939658964036,944,interval,2077877.9006106295
6,1,0.381917199403944,0.820417269995171,0.43856632631739745,1000,interval_capped,1210906.625699141
7,0,0.127829460510397,0.883982518637251,0.7565626226777299,1000,interval_capped,2224927.17015565
7,1,0.466219906206523,0.661668225961242,0.19547785126730616,988,interval,1778913.4649449566
8,0,0.528383677582465,0.888391685545834,0.3602030035618244,1000,interval_capped,2260130.706170828
8,1,0.842344536616092,0.967768466353973,0.1254428808261504,602,interval,1587445.2498112752
9,0,0.28425908781245,0.654003751286712,0.36994493285809504,1000,interval_capped,1833214.4196477844
9,1,0.60753385347206,0.861849352236415,0.25435392488826486,1000,interval_capped,1092074.12163339
10,0,0.538747127782672,0.65583750255343,0.11715379588139092,612,interval,2262838.3200187795
10,1,0.178308616020268,0.538231489060876,0.3599772560451227,1000,interval_capped,1015088.3996358215
11,0,0.127365013098782,0.426666023763949,0.2994631247804143,1000,interval_capped,1144942.828413914
11,1,0.188564765670494,0.80319232217675,0.6147204244390383,1000,interval_capped,1833634.346762869
12,0,0.650548881608651,0.885882789723027,0.23546137493520924,1000,interval_capped,1282618.5607813245
12,1,0.155493067495856,0.638195914445771,0.4827757815508287,1000,interval_capped,1822563.5391909725
13,0,0.0755675470067657,0.28558443679189,0.21013064383559957,1000,interval_capped,1243644.5022167466
13,1,0.749674223531029,0.83419473130989,0.08453327851253872,431,interval,1868903.026774272
14,0,0.0469561258708965,0.826228312662464,0.7796942736425868,1000,interval_capped,1924737.5601238145
14,1,0.0607776885395728,0.983301568883259,0.9226632702633261,1000,interval_capped,1158282.654198029
15,0,0.610389427832101,0.923170727048116,0.3129507148269934,1000,interval_capped,1027400.70109516
15,1,0.548369762752465,0.828465933948833,0.28013849268378577,1000,interval_capped,1729836.9545693023
16,0,0.211278925257426,0.341728408999539,0.13052014071247978,659,interval,1008232.1541323406
16,1,0.687350539031636,0.815097879552424,0.12776664266776624,649,interval,1956990.9343271074
17,0,0.596059420571554,0.887254678068915,0.2913529811930761,1000,interval_capped,1815194.6017970217
17,1,0.743259395935103,0.871469297733304,0.12822927383646404,657,interval,1062545.807381071
18,0,0.754272010103732,0.991403584457207,0.23726001486654938,1000,interval_capped,1374210.9669259307
18,1,0.271526472499461,0.375266243392961,0.10375544558619512,546,interval,1963391.9146112339
19,0,0.804614484223455,0.810427921486793,0.005816586067401104,26,interval,7253222.75025937
19,1,0.767723892317027,0.990529850144183,0.2228396229768812,1000,interval_capped,1801583.2885960862
20,0,0.42835648147613,0.595089024260888,0.166822852198002,854,interval,2757962.7713019615
20,1,0.115921106597949,0.944841066850826,0.8290452069690969,1000,interval_capped,1338946.8912982354
21,0,0.276269447174024,0.375509295976341,0.09929360131137167,501,interval,2155538.590131526
21,1,0.0136305386540202,0.1312437285133,0.11763096077386788,584,interval,2357454.316770653
22,0,0.171376873229685,0.627374725441368,0.45624483997895343,1000,interval_capped,1068581.131727176
22,1,0.140765687997739,0.415018240571739,0.2742939911124258,1000,interval_capped,1664221.9381523863
23,0,0.221446908104735,0.489856484518194,0.268554958418376,1000,interval_capped,2253243.825786326
23,1,0.125994610668061,0.823592769439167,0.6977035632526201,1000,interval_capped,1028012.5692147537
24,0,0.304832957443085,0.785198463135287,0.4806256920135831,1000,interval_capped,2296893.8969226745
24,1,0.207479895904105,0.424101476333758,0.21665431114300546,1000,interval_capped,1536411.8016861123
25,0,0.387692123718078,0.534050264987415,0.14643741504301522,745,interval,2581274.8814039878
25,1,0.578942628811035,0.787221072409613,0.20830991369505414,1000,interval_capped,2156005.8160337093
26,0,0.8098195160324,0.980552703262817,0.17082566356228668,848,interval,1351037.8472352626
26,1,0.336980598058884,0.435650831458515,0.09868514210410739,531,interval,2568506.976593456
27,0,0.241650986663819,0.357886792329881,0.11629876390584121,603,interval,1762268.428727579
27,1,0.58628477961352,0.629449139488789,0.043170881849152305,242,interval,1423597.3172530334
28,0,0.0602642937236062,0.709793141909624,0.6498806605448109,1000,interval_capped,2194063.9311444033
28,1,0.50645104891445,0.980471053630905,0.4740916273722723,1000,interval_capped,1103504.6412321555
29,0,0.441906269303298,0.531197684671108,0.08933977938358577,461,interval,1349166.321418517
29,1,0.0658970452781662,0.464123826993972,0.39828695229814465,1000,interval_capped,1896547.4999368347
30,0,0.487443892731998,0.500867981595841,0.013431359919441263,61,interval,1137748.4876700349
30,1,0.144443345589044,0.927056431403188,0.7827313357342437,1000,interval_capped,948639.9378241809
31,0,0.507290295037042,0.558167450409622,0.05090471259669758,272,interval,1348390.9749867003
31,1,0.473542179153784,0.69749305650533,0.22398471549434362,1000,interval_capped,996790.4915675778
32,0,0.546095279798044,0.591485053025583,0.04541435825286754,225,interval,995310.1847533602
32,1,0.706539623919249,0.947995639710358,0.24149249889507507,1000,interval_capped,1231122.7211333385
33,0,0.0126704014229411,0.0384085007687071,0.025752040191452802,125,interval,2223471.63456294
33,1,0.254657123104229,0.421914842504397,0.1672829914181212,870,interval,1058356.5826976318
34,0,0.060171696743518,0.168493319365235,0.10838029420446392,532,interval,946675.0566125823
34,1,0.595212604643293,0.882582558100233,0.2874133739857445,1000,interval_capped,1157056.742383324
35,0,0.587201426849627,0.616470939058897,0.02928536581786628,171,interval,1970750.0283251319
35,1,0.0827086898766896,0.328205882421785,0.2455342862558055,1000,interval_capped,967055.4053903583
36,0,0.413757822896726,0.89358362822807,0.4800856993281309,1000,interval_capped,963758.1504539448
36,1,0.164678184533127,0.197682103303229,0.033008905539207045,167,interval,1409628.122433073
37,0,0.509299673246027,0.626596725462834,0.11736058527270607,636,interval,2008529.078434217
37,1,0.177515950472397,0.198710969949521,0.02119822196556321,111,interval,1312203.7192383832
38,0,0.587927374166721,0.629006157501276,0.04110103334500736,239,interval,2046615.0505183185
38,1,0.297526933339054,0.727343146578145,0.4298811568667844,1000,interval_capped,1725220.08681282
39,0,0.301808420752138,0.484207935306075,0.18249830986324028,940,interval,1359609.7879687056
39,1,0.272068141433854,0.524698854717647,0.25266888484289673,1000,interval_capped,1742841.2464742134
40,0,0.241545375368494,0.61369414786833,0.3723503440510316,1000,interval_capped,1533561.9325457083
40,1,0.081838552979161,0.837968185311477,0.7562438807013109,1000,interval_capped,2206237.382403548
41,0,0.766605887612887,0.896180760065622,0.12964505569655127,644,interval,1757509.2172191504
41,1,0.165263122438815,0.315118620521606,0.14987814068996944,730,interval,1838782.1102313867
42,0,0.796023095061799,0.845441241864928,0.04944491376635552,241,interval,1594039.2529114336
42,1,0.828455958988895,0.900468938523491,0.0720238604273774,376,interval,2122816.3211795227
43,0,0.0571463632872974,0.719757435522643,0.6629699704812613,1000,interval_capped,1178086.2905566369
43,1,0.238217455656347,0.5335992558681,0.29542643130073815,1000,interval_capped,2426766.8011913737
44,0,0.666799787189397,0.810935848711058,0.14421413172275008,708,interval,1193259.4283170812
44,1,0.257827859661499,0.319052464784995,0.061233855933117254,311,interval,1254438.9491155937
45,0,0.686680224290516,0.9619854981531,0.27545439086955953,1000,interval_capped,1338097.6354387575
45,1,0.105442333619539,0.853536439689281,0.7482071403006707,1000,interval_capped,2095201.8711994034
46,0,0.796091167419051,0.933762181392879,0.13774558243110113,679,interval,992666.1552260871
46,1,0.339771993740312,0.384676603231918,0.04491139441071961,237,interval,1076676.3842185661
47,0,0.0949664436987252,0.770250715916801,0.6756500348063403,1000,interval_capped,2320909.394696899
47,1,0.253538573357494,0.651502843947854,0.39802440150824625,1000,interval_capped,2775573.6109234565
48,0,0.0280162456007528,0.108149870543776,0.0801770287112909,376,interval,2610815.599123178
48,1,0.83315749163436,0.854677457800369,0.021523217752681584,108,interval,1947497.1399421063
49,0,0.322922723471777,0.722357988814285,0.39965161641494734,1000,interval_capped,1818001.4789843608
49,1,0.494798244397522,0.981959276064249,0.4872346398827337,1000,interval_capped,1997840.3333941028
50,0,0.0644690851808112,0.430258269042225,0.3659873107898092,1000,interval_capped,1852292.4470348
50,1,0.331667210476841,0.680681453947807,0.34906697822221433,1000,interval_capped,1416258.400684832
51,0,0.00678638709588409,0.4459073109871,0.4393587703986667,1000,interval_capped,1677771.2556164481
51,1,0.0950674718247748,0.750447694851236,0.6554792485352503,1000,interval_capped,1248343.5824625732
52,0,0.525292524432423,0.628452393496463,0.10321574482224465,562,interval,1713450.7091191579
52,1,0.165781357005768,0.395167210075296,0.2294205124168979,1000,interval_capped,1864160.419049027
53,0,0.247678804372283,0.504326638259593,0.25678684523387485,1000,interval_capped,2026751.6935901123
53,1,0.0620883724852326,0.235555784293068,0.17349362208716498,855,interval,990956.3380445176
54,0,0.0585263302659116,0.599552591582438,0.5413193040746647,1000,interval_capped,1993524.0683486476
54,1,0.670688047272655,0.956738090268275,0.28609326409087377,1000,interval_capped,1576649.7470449123
55,0,0.747974169180182,0.768086328952615,0.020123053370753853,78,interval,1662103.6924523718
55,1,0.859858049346808,0.997563069621633,0.1377258269900972,655,interval,1295920.9208107195
56,0,0.636817057495065,0.736329727927359,0.09956657071310883,494,interval,2174456.4648844018
56,1,0.422864921593446,0.541520750504497,0.11867375736451338,592,interval,976689.0340398254
57,0,0.176415930711875,0.787122723022995,0.6110375769987193,1000,interval_capped,2352056.888733103
57,1,0.610921668391427,0.832218021321673,0.2213297899842982,1000,interval_capped,1905184.5222310896
58,0,0.953463457080614,0.968016653951441,0.014561079499186638,74,interval,1659535.9858063958
58,1,0.193984834307493,0.751038330474982,0.5571376648743597,1000,interval_capped,1833654.3697984125
59,0,0.0469561258708965,0.616275493419898,0.5696277350528673,1000,interval_capped,1226906.1201945706
59,1,0.0333605057561404,0.0607776885395728,0.027421325417554248,142,interval,1460753.780653128
60,0,0.100828599031546,0.347003407904309,0.24630814758501088,1000,interval_capped,1868734.958654107
60,1,0.0414350072371344,0.654876169267755,0.6135338507036199,1000,interval_capped,1864456.7290551828
61,0,0.834723634454727,0.928765167182314,0.0940924696082904,467,interval,1978315.2279797806
61,1,0.170931124036125,0.780229728185891,0.6093906668977107,1000,interval_capped,2008219.2137422005
62,0,0.633034346721799,0.656002011044765,0.022980104583601002,113,interval,1243254.61986609
62,1,0.811422389550403,0.918030728971214,0.10662444754351803,558,interval,2765808.6019602222
63,0,0.643521663542869,0.902867338960921,0.2594861480299559,1000,interval_capped,1031914.3172030381
63,1,0.526072993145456,0.815181755934289,0.28915244604524615,1000,interval_capped,2190338.940762114
64,0,0.216208276070921,0.304133537187855,0.08797288516565402,443,interval,1040612.8909257965
64,1,0.793482459599683,0.83765604276547,0.04418025762954765,238,interval,1184354.548284139
65,0,0.506408007736357,0.509870952535414,0.0034648204767602645,19,interval,4631182.15006422
65,1,0.216861814605989,0.667404251427372,0.45061051210420333,1000,interval_capped,2312591.1765928436
66,0,0.617157517202135,0.969977930984947,0.353011516275565,1000,interval_capped,1222285.8513671593
66,1,0.455198023859475,0.458178957448607,0.0029813839970859613,21,interval,2052961.7204602705
67,0,0.930014663604038,0.999850482386587,0.06987364482245902,364,interval,1863150.1541652645
67,1,0.30275894148343,0.820357823571604,0.5176770893499233,1000,interval_capped,1116610.7375217502
68,0,0.469273166030908,0.674881036383227,0.20571923629096378,1000,interval_capped,1246922.1531782884
68,1,0.718822719373065,0.905364335978943,0.18656980234881884,966,interval,2508637.4499904155
69,0,0.42264801970489,0.831781114179121,0.4093546983020353,1000,interval_capped,1916091.6942213215
69,1,0.323822711253604,0.988916439666565,0.6651942215962072,1000,interval_capped,1862969.7952781513
70,0,0.586881249581975,0.855443324217715,0.2687075392401588,1000,interval_capped,1148876.5422752982
70,1,0.100016178746633,0.399265490176665,0.29929452688554625,1000,interval_capped,1475461.9863038438
71,0,0.108149870543776,0.295819641420487,0.1877714207802537,917,interval,1432691.1187788781
71,1,0.785615977070602,0.83315749163436,0.047548697909399,251,interval,2345373.748033707
72,0,0.0941975048208723,0.114408343541369,0.02022178576751902,103,interval,1386486.6767827063
72,1,0.0570168823114529,0.934493913378746,0.877609614575918,1000,interval_capped,1608004.1618121595
73,0,0.659974438478385,0.683083667006026,0.023121745465450434,119,interval,1686970.2439134722
73,1,0.18631878121882,0.286193178930999,0.09988948836139447,455,interval,1313396.1081997526
74,0,0.787475049684755,0.915802486393724,0.12839694428870546,619,interval,2608982.0772180506
74,1,0.421272147722737,0.779562066236329,0.3583440547847644,1000,interval_capped,1409230.9239650308
75,0,0.655496888934105,0.795735791292945,0.14031486169331953,687,interval,2702292.590696988
75,1,0.709096227020726,0.717368600959675,0.008273623863816122,37,interval,2094741.411315506
76,0,0.10240987470362,0.546094869479637,0.44392531337773766,1000,interval_capped,2505926.1067407355
76,1,0.0578888945222975,0.795093664709318,0.737316159079887,1000,interval_capped,1364218.0382059684
77,0,0.102813025863135,0.115964016904048,0.013158114175153302,59,interval,1451469.3216824525
77,1,0.805345508298458,0.986295031608367,0.1809768641083972,906,interval,1016911.6830044081
78,0,0.0206681881208215,0.105207391326245,0.08458499322163796,400,interval,2000681.0729363174
78,1,0.433228703332842,0.460573104655405,0.027348532959677395,141,interval,1986386.6757714737
79,0,0.118110302976598,0.452310896952458,0.33438161118488013,1000,interval_capped,1851674.00881768
79,1,0.126283415414906,0.410387069106913,0.284146580695092,1000,interval_capped,1181871.8175410577
80,0,0.0644690851808112,0.49981747208836,0.43558419004904514,1000,interval_capped,1174573.3670504878
80,1,0.331667210476841,0.856317144211273,0.5247292063838024,1000,interval_capped,2407303.0661283056
81,0,0.438049530374137,0.448455091991072,0.01041119771021587,52,interval,1278166.523871275
81,1,0.158124298060383,0.635167601658041,0.477115383062667,1000,interval_capped,1892083.1721100868
82,0,0.147922508850487,0.627098531081169,0.47943556427739614,1000,interval_capped,1770737.3399473666
82,1,0.107013975001619,0.904768760052208,0.797875322825003,1000,interval_capped,1285599.4430546786
83,0,0.691327501082356,0.796091167419051,0.1048204107794902,494,interval,2476726.940014145
83,1,0.13079034071871,0.339771993740312,0.20901322937040068,1000,interval_capped,1563882.5961921604
84,0,0.764784267625678,0.894006565682943,0.12929229033184247,641,interval,2084941.4770056547
84,1,0.290365982859807,0.313928921850719,0.023566499263163374,135,interval,1907387.6089837367
85,0,0.630913279749351,0.912876398123665,0.2821158415521143,1000,interval_capped,1281319.9345139714
85,1,0.254178002938623,0.881418945934805,0.6273357167646468,1000,interval_capped,1305908.7395464703
86,0,0.00288360091884215,0.0495817144880468,0.046723407247124975,210,interval,1416841.0378848147
86,1,0.59071219714703,0.804769945781851,0.21409009196274584,1000,interval_capped,968111.5126420251
87,0,0.265229593677527,0.59294581250874,0.32789372382777127,1000,interval_capped,1978766.4019631308
87,1,0.660267608313657,0.934514931967442,0.2742887614021403,1000,interval_capped,2464302.5571406716
88,0,0.454824877753817,0.530039643971666,0.07525550572371249,391,interval,1773877.6887214407
88,1,0.111625252731111,0.981220978835832,0.8697271187775434,1000,interval_capped,1970007.507604507
89,0,0.553424791963,0.661682415581918,0.10831626053709195,570,interval,1307121.7359678897
89,1,0.794168687139885,0.859647170998351,0.06548837741330792,336,interval,1696603.1013397113
90,0,0.626411600173923,0.94554149702512,0.3193027511317823,1000,interval_capped,979020.843679725
90,1,0.482077630247544,0.850952468460117,0.3689305738256569,1000,interval_capped,1344803.6881621259
91,0,0.44677440712717,0.815363073074579,0.3687883091939769,1000,interval_capped,1163058.522543499
91,1,0.803730231265657,0.999099343782151,0.19539863206116276,959,interval,2051621.2355236663
92,0,0.634508033970839,0.87796173945369,0.24358557033015082,1000,interval_capped,1410715.1135065285
92,1,0.630072447341822,0.975722098987955,0.34570187802009805,1000,interval_capped,1402328.9836858974
93,0,0.184799379227634,0.637719567098839,0.4531655086450013,1000,interval_capped,1257036.9357035235
93,1,0.744296948503908,0.816636173849967,0.07235015553336646,360,interval,988772.5513837306
94,0,0.825475448643394,0.843461226484029,0.01799551970036077,96,interval,1910217.424613821
94,1,0.561455983834031,0.77942325649171,0.2180002067001111,1000,interval_capped,1045284.9670764804
95,0,0.523671138883382,0.545390551866311,0.02173117713772285,123,interval,1222967.5981565337
95,1,0.00662176476314244,0.0252200048926687,0.018601050254285448,76,interval,1285223.3695872298
96,0,0.710013538871433,0.793017408250482,0.08304882779337763,403,interval,1175625.820247004
96,1,0.107657802786407,0.286601063384063,0.17897029825732663,894,interval,2602469.6414864818
97,0,0.577282826584132,0.87874841909046,0.3016288790508607,1000,interval_capped,1725842.452653112
97,1,0.148228251545154,0.60988195524233,0.46172345785100427,1000,interval_capped,1863433.115271092
98,0,0.616275493419898,0.695750794449117,0.0795183482213476,410,interval,1275999.162470616
98,1,0.0333605057561404,0.543996213278376,0.510712862674263,1000,interval_capped,2476373.235124269
99,0,0.562407039734472,0.831781114179121,0.26951997886258633,1000,interval_capped,1904093.5528069278
99,1,0.323822711253604,0.729173632268379,0.40541216802800684,1000,interval_capped,3016234.221453146
100,0,0.0550313622205831,0.330004918068736,0.2751224931825898,1000,interval_capped,2307339.2039060667
100,1,0.467298542083949,0.716379150455885,0.24911824352342046,1000,interval_capped,2753919.723314839
101,0,0.528383677582465,0.639090106373699,0.11076639208609829,597,interval,1721231.1863761782
101,1,0.813287309215526,0.842344536616092,0.02906161783931621,167,interval,1438833.992180009
102,0,0.855952576296403,0.906285880425874,0.05036056678070058,242,interval,2051916.1581971874
102,1,0.62679999650002,0.844326093946931,0.2175589648294132,1000,interval_capped,1879616.6289430067
103,0,0.771306829981033,0.87062898856875,0.09937595567924083,489,interval,2326679.8334531253
103,1,0.268684418763713,0.467902348699999,0.19924803102292052,1000,interval_capped,2150778.359990179
104,0,0.303094713011787,0.912876398123665,0.6101119687222014,1000,interval_capped,2542983.2686070665
104,1,0.775902891422308,0.881418945934805,0.10553199759502592,550,interval,1549905.3024132021
105,0,0.32336145545406,0.461490799312743,0.1382041605668511,710,interval,1170891.5551892095
105,1,0.364996062217526,0.391011442593467,0.02601931120294423,132,interval,2489852.4362646276
106,0,0.445681815660744,0.541583499693279,0.09595362845004002,498,interval,1626886.4867834267
106,1,0.370257086610958,0.941040081306958,0.5708692378789221,1000,interval_capped,1101134.7290430756
107,0,0.0947517061245167,0.254533947340773,0.15986878605153582,784,interval,1027403.6989133237
107,1,0.695573767481435,0.86542475411578,0.16987665048531103,871,interval,2045113.8792452458
108,0,0.317968604105629,0.531767573704853,0.21391477218445526,1000,interval_capped,1580328.6644824978
108,1,0.265397486896948,0.904863024913086,0.6395621588753436,1000,interval_capped,1320704.5026621528
109,0,0.0497221741624384,0.0711546474324758,0.021444082006118893,103,interval,1069972.1224190255
109,1,0.289476077870547,0.483308398212188,0.19386160768274044,1000,interval_capped,1999425.831519063
110,0,0.583069171820262,0.776702426857824,0.1937381350169283,981,interval,1692900.1217896861
110,1,0.177635065891276,0.702094689826039,0.5245388678290319,1000,interval_capped,1911199.0281395898
111,0,0.128420907953627,0.376344702622998,0.24805808070646876,1000,interval_capped,1542381.5832535687
111,1,0.689019061817936,0.78128164539824,0.09227652411277688,475,interval,1240146.2590965957
112,0,0.0458735689569394,0.0990727009775871,0.05322794692575037,261,interval,1094008.8722871304
112,1,0.118146157215202,0.819679020565666,0.7016388623511736,1000,interval_capped,1305127.8082916902
113,0,0.181759396052369,0.195304201831664,0.013552142220292076,64,interval,1906384.8736316687
113,1,0.730198787108846,0.783619315207774,0.053428599741600274,256,interval,1751168.9178027324
114,0,0.0232566716894872,0.510928642171379,0.4879361142943363,1000,interval_capped,1857765.1918549554
114,1,0.095867200319288,0.235533213661479,0.13968711635620612,713,interval,1985875.2237864502
115,0,0.269541237300509,0.717335912895144,0.44803722017370323,1000,interval_capped,1540836.4492628516
115,1,0.77774042855212,0.932981404357183,0.15526443213785107,778,interval,2593571.8690233645
116,0,0.126498064254279,0.87062898856875,0.7445339771680357,1000,interval_capped,1805633.9967089703
116,1,0.268684418763713,0.31877137387608,0.050094523064586845,258,interval,1318131.0168658518
117,0,0.638362393712331,0.800558710862269,0.16228416955107988,794,interval,1504598.8706224358
117,1,0.493278393946016,0.918774596532826,0.4255604934769965,1000,interval_capped,1855510.0116706537
118,0,0.578011811777053,0.804544660607768,0.22665554862474854,1000,interval_capped,1401072.2447204683
118,1,0.639523166839066,0.727685466224399,0.08817562038014784,464,interval,2069130.8147506951
119,0,0.216868745912061,0.31154975145085,0.09473228878507518,470,interval,1036492.5357973814
119,1,0.299431794066359,0.363391980125403,0.06396985020474787,336,interval,1329580.8348838417
120,0,0.0773171923887419,0.39412662746769,0.31698103249906934,1000,interval_capped,1386546.290077756
120,1,0.0611967371423369,0.260971722564979,0.1998051706782842,980,interval,1548608.9089816725
121,0,0.587467117520869,0.943274070644353,0.3559996732525482,1000,interval_capped,1294999.2190097205
121,1,0.0893486154022222,0.277665355078993,0.18834519363419092,939,interval,2097328.1561897863
122,0,0.0139377478099412,0.0799256696344341,0.06602366368029156,311,interval,1974875.869915202
122,1,0.519447885818128,0.617159452267496,0.09772633030284163,487,interval,1054828.5124736074
123,0,0.0905715793050763,0.490388328765642,0.40003330716097507,1000,interval_capped,1418218.2170090785
123,1,0.44081693373401,0.937470916665061,0.496729025496609,1000,interval_capped,1381879.3347015604
124,0,0.271833325973485,0.901280466667097,0.6297880759483301,1000,interval_capped,1767626.9698207774
124,1,0.845360484301018,0.878441595417659,0.0330861095492219,172,interval,1077037.8616248723
125,0,0.242661089711808,0.730118885548685,0.4877218236432545,1000,interval_capped,2502099.3739284924
125,1,0.0607975126854423,0.685632814343562,0.6249297119431454,1000,interval_capped,1762986.573830858
126,0,0.0728282483980097,0.868623689677183,0.7962264778252715,1000,interval_capped,1371902.0033001322
126,1,0.43551597540161,0.925047442976783,0.48960543395520967,1000,interval_capped,1453062.3368680421
127,0,0.11762691679697,0.377401730432557,0.25991551868694135,1000,interval_capped,2514989.4346207953
127,1,0.518724411753247,0.760441848012083,0.2417539588624602,1000,interval_capped,1188995.5033972308
128,0,0.351964961405991,0.653174330967868,0.3013725173252014,1000,interval_capped,1099161.0859582913
128,1,0.283651536982579,0.676267216154096,0.39267500193717664,1000,interval_capped,1589720.6503550324
129,0,0.28558443679189,0.883299538900272,0.598038849945828,1000,interval_capped,1746279.0492292354
129,1,0.641911993246453,0.749674223531029,0.1077785127558915,572,interval,1496864.156128056
130,0,0.581376316711654,0.730303272774821,0.14900762121583386,780,interval,1284061.712536937
130,1,0.624948789769246,0.93925125362444,0.3143499537859295,1000,interval_capped,1308199.8517707982
131,0,0.754682762001319,0.831781114179121,0.07714011191366979,385,interval,1089605.0626090132
131,1,0.323822711253604,0.386677331731762,0.06286411757702352,335,interval,2095637.2972710622
132,0,0.377681066403879,0.693255023322688,0.31574488515158466,1000,interval_capped,1037823.4276956569
132,1,0.0221076176478913,0.649904400009586,0.6278916401154159,1000,interval_capped,1932070.0517624395
133,0,0.176068174518017,0.425270401930098,0.24933720590254713,1000,interval_capped,2521265.8838514723
133,1,0.305591809912731,0.976602131654641,0.6711117089003544,1000,interval_capped,1361378.2531697627
134,0,0.636317034425755,0.680237164307328,0.04394391888576461,232,interval,1704272.4683006604
134,1,0.754209379497208,0.805465868606753,0.05126423377399237,249,interval,1121753.901317917
135,0,0.416859546181262,0.453753402856325,0.03691383995183059,174,interval,1460204.241990398
135,1,0.349686136567622,0.690368347677354,0.34073368692194794,1000,interval_capped,1294379.0239586555
136,0,0.442525077607837,0.451099782563985,0.008579349379848335,43,interval,1335140.93001843
136,1,0.330298232687956,0.353594532127636,0.023299819423689055,126,interval,1658700.7655320347
137,0,0.199149670399084,0.307181138906906,0.10808998293080073,531,interval,1821031.7964707725
137,1,0.665841495400601,0.885483138825876,0.21967483045888894,1000,interval_capped,1416164.4552440788
138,0,0.414579011266358,0.946126547893827,0.5318354453064966,1000,interval_capped,1405723.3617430336
138,1,0.796415690616727,0.910840347268941,0.11444194579131968,581,interval,1515624.436304834
139,0,0.631642159618273,0.928355843014647,0.29687439610549143,1000,interval_capped,1269350.4819393905
139,1,0.326922372074095,0.98279656627437,0.6559732943462672,1000,interval_capped,1630168.7730083114
140,0,0.201902167856005,0.226899247603132,0.025010619225186093,105,interval,1726189.4395189069
140,1,0.0891209975278928,0.460048044485308,0.37098309265159096,1000,interval_capped,1216037.2024857826
141,0,0.623686976675322,0.730354963851046,0.10672576307941299,535,interval,1368438.6482387325
141,1,0.617767002003037,0.925079951967392,0.3073593838055948,1000,interval_capped,2593244.905804659
142,0,0.74274062184636,0.819426359826061,0.07672727422622767,376,interval,1434096.5687798539
142,1,0.680261469681406,0.837186963690966,0.15694920486676978,811,interval,1570522.4476194992
143,0,0.0773171923887419,0.934478363073728,0.8576254455115265,1000,interval_capped,1403631.8193000068
143,1,0.0611967371423369,0.497895273531492,0.43676451991022275,1000,interval_capped,1454225.3880744348
144,0,0.390319301773126,0.914012742812314,0.5239770956070968,1000,interval_capped,966517.8037410366
144,1,0.117051531846678,0.971823596575635,0.8549012176018002,1000,interval_capped,970768.9387102072
145,0,0.692925078062321,0.79626483012467,0.10339572525281114,487,interval,2071455.3986711972
145,1,0.420803055772602,0.630367435229134,0.2095960438531229,1000,interval_capped,1313124.43227019
146,0,0.639520081207602,0.77216446037217,0.13271622498334096,634,interval,2647672.18685469
146,1,0.197154876379971,0.369950598214737,0.17282183062424436,857,interval,1888086.608425225
147,0,0.477263759809004,0.573329344961677,0.09611761834597271,495,interval,1001553.6355652459
147,1,0.107979094006494,0.928043217212063,0.8201880318378209,1000,interval_capped,2036461.4026243258
148,0,0.65050447532178,0.941569406389305,0.29122258417292096,1000,interval_capped,1223798.420482653
148,1,0.494572209666369,0.607561663870152,0.11300652648914836,548,interval,1120531.91569663
149,0,0.915802486393724,0.990008784798962,0.0742464916821836,380,interval,2071807.077215982
149,1,0.421272147722737,0.613126564003428,0.19188340476785942,958,interval,1818620.3447527448
150,0,0.450840476755727,0.534503425181334,0.08370826382508675,434,interval,1032700.1287902853
150,1,0.817786512920245,0.956069622101953,0.13830400324405925,693,interval,1022193.4599613224
151,0,0.0459857698416447,0.95467885045304,0.9091852673048758,1000,interval_capped,1885029.2847701956
151,1,0.179554050531041,0.288032553643472,0.10849489380990093,501,interval,2317436.812274531
152,0,0.217539956773888,0.316769289379867,0.09928307941901597,497,interval,1091200.8994697244
152,1,0.19104280904805,0.593527480325406,0.40254548521093647,1000,interval_capped,1264754.244363554
153,0,0.0297702515360464,0.57827842009331,0.548805263833534,1000,interval_capped,1758922.9967138448
153,1,0.211965269919995,0.723183909995275,0.5112958833062432,1000,interval_capped,1362405.4418176957
154,0,0.167669823823776,0.371037058894638,0.20347738738645404,1000,interval_capped,1808753.4121716134
154,1,0.813517793316299,0.889120903508035,0.07561453353987757,408,interval,1368507.1168471512
155,0,0.930688138957797,0.999312561137362,0.06866159207572162,358,interval,1958535.4449070683
155,1,0.203156967157272,0.261998984618968,0.05885090827120259,281,interval,1024359.2485531468
156,0,0.322031803296801,0.468686358566841,0.14673398959410644,761,interval,978129.6514455826
156,1,0.0264832902729848,0.412599265130626,0.38617431554220644,1000,interval_capped,1866262.7385174378
157,0,0.0159359214758901,0.157442087900387,0.14158281216291577,696,interval,1702450.2994090496
157,1,0.708636710654274,0.923378515388802,0.21477425142077972,1000,interval_capped,1079161.423895148
158,0,0.734985879784683,0.779303687982162,0.04434181260110485,216,interval,1374737.023882558
158,1,0.62928614957811,0.697871291491668,0.0685955048728521,358,interval,1728793.1212470636
159,0,0.723619287430263,0.922063065324158,0.1985512634563664,973,interval,2287830.193040344
159,1,0.465616532785611,0.900935699730066,0.4353849420479412,1000,interval_capped,2019655.4734490104
160,0,0.192622039661656,0.432180533329397,0.23968824870319716,1000,interval_capped,1764996.0767897174
160,1,0.371718294558341,0.43597196746433,0.06426338139646144,347,interval,1105060.3242095904
161,0,0.562461459274677,0.803372483673727,0.2410415120224864,1000,interval_capped,1082489.8515235481
161,1,0.390215892497136,0.595283925527734,0.20509901804600397,1000,interval_capped,2203633.8490486005
162,0,0.113475158905418,0.826594709132117,0.7135058060054337,1000,interval_capped,2478353.612552611
162,1,0.193336613576739,0.907346102326101,0.714117372921663,1000,interval_capped,1144904.0216856224
163,0,0.504352104855687,0.799201989615832,0.2950095879569114,1000,interval_capped,2233526.784625441
163,1,0.341871058509408,0.66988428008182,0.3280627831475321,1000,interval_capped,1231904.1863379343
164,0,0.207195209891527,0.995975490639826,0.7892075175860693,1000,interval_capped,942062.4325139163
164,1,0.149722349701096,0.826437452008628,0.6768173514370553,1000,interval_capped,2023708.040734292
165,0,0.261332268687249,0.342449922057356,0.08116159012988543,424,interval,2243750.0038308236
165,1,0.177638791958177,0.230375354774084,0.05274453111397452,249,interval,1134210.081856129
166,0,0.352389933933862,0.658822474842343,0.30659851776282565,1000,interval_capped,1540778.4098784514
166,1,0.185793441582935,0.814043608020418,0.628345092695848,1000,interval_capped,1116086.0662594934
167,0,0.142461764899988,0.295589513839487,0.15321068941966637,742,interval,1340837.6862572888
167,1,0.0581399355225038,0.183043617613242,0.12492255457152739,642,interval,1811180.7383793544
168,0,0.26961772041326,0.831009056735064,0.5616954096678747,1000,interval_capped,1626644.1168129889
168,1,0.504550620406024,0.772681121948039,0.2681710150613495,1000,interval_capped,1509636.3884670248
169,0,0.348457818138437,0.917713266129165,0.5695637808730515,1000,interval_capped,1308191.662483629
169,1,0.108610081054124,0.23250581437395,0.12391445350331298,640,interval,2541271.487315052
170,0,0.584306035269905,0.799649682995862,0.21546028697434327,1000,interval_capped,953658.7572661011
170,1,0.407376578787167,0.668232219669385,0.26089505519722367,1000,interval_capped,1824205.6407315808
171,0,0.558247377404311,0.583038422606424,0.024804473083128446,118,interval,1327942.711990264
171,1,0.010311953772705,0.943984510781065,0.9338136314514875,1000,interval_capped,1352494.6677941678
172,0,0.857582955156289,0.989837893016909,0.13232657274147364,661,interval,1919447.1964298356
172,1,0.544451171006614,0.962222351450869,0.41783430411239053,1000,interval_capped,1812307.2005517983
173,0,0.218852925700556,0.240603221382254,0.02176207656387067,105,interval,1858927.8364446838
173,1,0.372705226039742,0.535190439366381,0.1625097642367139,819,interval,1020214.256334743
174,0,0.19782915956407,0.793197961997097,0.5956912794151054,1000,interval_capped,1498261.8489168216
174,1,0.730079443742612,0.732464072638948,0.002384989204873553,12,interval,11792215.637045948
175,0,0.0890784091124219,0.399580718511705,0.31067049061276664,1000,interval_capped,2375793.1778172124
175,1,0.307082055308099,0.505051214432272,0.1979990715261925,1000,interval_capped,1123934.3933346085
176,0,0.152974386073768,0.237889649712542,0.08496125734526098,397,interval,2088628.872019471
176,1,0.337466488604949,0.80688793695453,0.46949237618067224,1000,interval_capped,2473254.0364894313
177,0,0.0725398214879561,0.624789937467448,0.5525492380531136,1000,interval_capped,2390161.89871877
177,1,0.76066295647461,0.990712685865356,0.23008448904735343,1000,interval_capped,1832295.5936562626
178,0,0.528297111056909,0.847967461319058,0.31984349727521244,1000,interval_capped,1027943.6078368471
178,1,0.107171658254671,0.620582596824564,0.5134885130489869,1000,interval_capped,1006350.2118160634
179,0,0.515958056977585,0.571368323407619,0.05544027897926648,295,interval,1001215.2673399312
179,1,0.5368531430568,0.988708338433485,0.45192346901242975,1000,interval_capped,1490348.8710990434
180,0,0.348368274452232,0.593955194393508,0.24571994022795696,1000,interval_capped,1209253.9846542524
180,1,0.592033440599273,0.710997843118145,0.11898237759665632,631,interval,1962989.91342486
181,0,0.584338270278105,0.641302361755978,0.056994945644620605,325,interval,1077378.33025782
181,1,0.167526799138789,0.487205555155094,0.31972705828474607,1000,interval_capped,1265767.1337525274
182,0,0.648911011908459,0.670719734130162,0.021820534750166466,116,interval,2716138.0993517023
182,1,0.0652893677118871,0.179939258457931,0.11466721391718157,592,interval,1061097.7592984526
183,0,0.198749396300154,0.399536012572628,0.20089537081552805,1000,interval_capped,1370997.267955037
183,1,0.148782822414293,0.670273067988718,0.5215690408066921,1000,interval_capped,1610483.9102055142
184,0,0.487503097226609,0.610503354427111,0.12306687935398868,647,interval,1010723.1187153537
184,1,0.697597624623428,0.755151227264503,0.05756229877590474,293,interval,1077549.6046954056
185,0,0.796895036979119,0.872762443420038,0.07590849944439375,365,interval,1963220.3943358825
185,1,0.931954243013437,0.949410374444747,0.017458768987702038,87,interval,1932089.9164961078
186,0,0.699750003277949,0.782192215299104,0.08248686621804907,396,interval,1617387.2361061105
186,1,0.176394198113613,0.349439090698074,0.17307103902271084,853,interval,1413429.4941151629
187,0,0.219535608438471,0.420077906710764,0.20065092048236113,1000,interval_capped,1657135.833628663
187,1,0.766055104939969,0.804196810159566,0.03814746828908365,187,interval,1182334.837419813
188,0,0.429367198524211,0.969647626969388,0.540573067228615,1000,interval_capped,1681855.508269703
188,1,0.568224630978761,0.730349557974686,0.16214942346807834,854,interval,2204154.1285682814
189,0,0.624354489595569,0.745655686009209,0.12136689828377838,597,interval,1621320.7108482425
189,1,0.173278394449545,0.877979752180993,0.704807835479848,1000,interval_capped,2714325.6444401057
190,0,0.683473465087591,0.80057004908465,0.11716000847087212,563,interval,2228544.8259004853
190,1,0.229893345153432,0.273550195755774,0.04366344698973842,211,interval,1321096.0059132962
191,0,0.250251315402269,0.319974610274727,0.06976105996464814,340,interval,2197211.166740373
191,1,0.782409962418131,0.823313336838914,0.04090955476819183,213,interval,1020718.726866087
192,0,0.402821043261515,0.444679225251386,0.0418808541556751,216,interval,1006577.5891487044
192,1,0.224352820659382,0.33166780259751,0.10733119683188547,538,interval,1223399.6626199177
193,0,0.527356985021672,0.57827842009331,0.05094901627951764,256,interval,2533667.0413909922
193,1,0.0945928925832742,0.211965269919995,0.11739011186543435,609,interval,2113214.2929360466
194,0,0.274655087636983,0.757038329662836,0.48264452123876767,1000,interval_capped,2145701.5095988275
194,1,0.277815098005545,0.537506570220144,0.25973071062805847,1000,interval_capped,1351504.5311701896
195,0,0.259406173039275,0.514473001792049,0.25520498375993655,1000,interval_capped,1067762.518931807
195,1,0.432027298052428,0.81194258871379,0.37997269444565807,1000,interval_capped,1052900.2767323703
196,0,0.7627243667941,0.813233032049443,0.050536022889592115,268,interval,2036439.4088268275
196,1,0.232156517024342,0.268117037464613,0.035965953940867774,170,interval,1301600.043007204
197,0,0.589053973709519,0.614658400103854,0.025618294837084707,143,interval,1064495.3942554235
197,1,0.952189884215655,0.984256002642456,0.03207096349776986,160,interval,995583.2827377338
198,0,0.11064649473875,0.46838112812513,0.35792839762879225,1000,interval_capped,2803371.499553195
198,1,0.0303015368239575,0.417107317872775,0.38686422596052705,1000,interval_capped,1436240.2734130565
199,0,0.326658329257894,0.537041245491926,0.21049686853994848,1000,interval_capped,1251282.2819994022
199,1,0.810668819666578,0.813556146833777,0.00288776343157151,15,interval,4954175.68207
200,0,0.87860326814758,0.984180564615087,0.10563448160687211,532,interval,1252464.202312218
200,1,0.887619803666665,0.983707162029589,0.09610187680460981,453,interval,1425241.653967879
201,0,0.114883047837225,0.392281569932045,0.2775487728937744,1000,interval_capped,1582979.4706347766
201,1,0.374372480011765,0.549752469763751,0.1754064890147139,890,interval,1321744.692068547
202,0,0.472564053698649,0.504326638259593,0.03177978852321135,156,interval,1777353.8143674722
202,1,0.0620883724852326,0.205090717430783,0.14302395206683471,717,interval,1255159.345685106
203,0,0.0328019171217845,0.89339421965822,0.8610584358094381,1000,interval_capped,1892617.3622566892
203,1,0.253750603672067,0.822706799898476,0.5690421633868915,1000,interval_capped,2304137.727099994
204,0,0.243818173068314,0.854358874045673,0.6108713957028511,1000,interval_capped,1349275.2162102002
204,1,0.0700813213348783,0.969503888551896,0.8995584666143535,1000,interval_capped,1336424.9421905482
205,0,0.533926545444831,0.953704910849862,0.42000573516284223,1000,interval_capped,1955625.9457861232
205,1,0.134563559511823,0.7612524139519,0.626783544790019,1000,interval_capped,1732906.2741800086
206,0,0.923085602935432,0.994145177069373,0.07109806301162633,373,interval,1213518.939583049
206,1,0.610266245990421,0.682374268581836,0.07211891784484808,382,interval,2636018.6078002066
207,0,0.327876181694617,0.565636473750965,0.23788907310958268,1000,interval_capped,2386507.2858549645
207,1,0.0746352521378522,0.618283756593169,0.5437306477179066,1000,interval_capped,1144135.3174407992
208,0,0.276611539276385,0.37064482334765,0.09408421648414637,479,interval,1622812.704952503
208,1,0.34030059155945,0.579688521096407,0.23942410016079868,1000,interval_capped,998053.6451895677
209,0,0.611224673895362,0.86564795694853,0.2545610894886987,1000,interval_capped,1607106.8351953623
209,1,0.669441790498427,0.786963021074142,0.11753898759559807,600,interval,2250518.422244295
210,0,0.313956746070488,0.927151129143495,0.613526515145216,1000,interval_capped,1540313.1800865259
210,1,0.325919788079087,0.709215905578967,0.3833540321145094,1000,interval_capped,1506313.2705528154
211,0,0.151329872915247,0.581698065254985,0.4306012979967376,1000,interval_capped,1443308.3782994854
211,1,0.647173398775997,0.715218367059076,0.06805524962415103,357,interval,1276383.6020777142
212,0,0.0706896389709566,0.373994700558674,0.3034693444666828,1000,interval_capped,1814129.7304640838
212,1,0.383170589512913,0.849381667053661,0.4662815202967766,1000,interval_capped,1973442.2616814873
213,0,0.229698044949081,0.530039643971666,0.300504276764599,1000,interval_capped,2224464.42506667
213,1,0.111625252731111,0.640782819256717,0.529237520261489,1000,interval_capped,2962323.735253669
214,0,0.718885264684383,0.785705094086214,0.06685602185403956,332,interval,1307111.957920263
214,1,0.576215283968437,0.673235291329299,0.09703466672233507,525,interval,2196317.924683737
215,0,0.71953288499147,0.904456782377898,0.18502406000848617,896,interval,1391211.9040210566
215,1,0.0955690311639326,0.379532082485752,0.2840059570804103,1000,interval_capped,1374147.9917091061
216,0,0.0148326543900824,0.71621609255329,0.7017633371661353,1000,interval_capped,1914652.2798930374
216,1,0.117835657740186,0.477841405004635,0.36006014279095,1000,interval_capped,1330962.6000364842
217,0,0.774499900185425,0.952948700649956,0.17854545589960602,890,interval,1247801.3583932642
217,1,0.266026817989482,0.273672436692628,0.007646773927633181,38,interval,2315041.917971178
218,0,0.0273298084421437,0.499080675277582,0.47200638710322557,1000,interval_capped,1792233.1418835656
218,1,0.00512556734299267,0.895587516664789,0.8905964948031686,1000,interval_capped,1731231.757989948
219,0,0.191875107366025,0.398230407867272,0.2064670712797452,1000,interval_capped,1526431.88975997
219,1,0.0793924212346126,0.229734795144344,0.15036509008203247,762,interval,1256981.009613711
220,0,0.199263101808352,0.239955571177612,0.04071451013569231,185,interval,1033541.330168055
220,1,0.798258884926972,0.970212566950283,0.17197966358371258,851,interval,1554611.3342155972
221,0,0.782017084900432,0.866699872948686,0.08472865583610616,411,interval,1226663.875292201
221,1,0.617662738199101,0.76420447053898,0.14656387424940562,760,interval,2048536.2440363723
222,0,0.619518343389147,0.785315072671249,0.16588653181908217,821,interval,2588149.033995559
222,1,0.277593001981878,0.347845565621659,0.07026317854028269,373,interval,1044384.2556169361
223,0,0.0529742895166291,0.463237211362164,0.41048513763573874,1000,interval_capped,955113.8621045793
223,1,0.248493449994175,0.72193115262766,0.4735092373056281,1000,interval_capped,1353292.9903840066
224,0,0.899697702677593,0.944666295847408,0.044992950066169796,238,interval,1126705.076526443
224,1,0.021405230991473,0.0276098641453082,0.006205570650777159,38,interval,1945494.6111553856
225,0,0.225853516508467,0.895908205658054,0.6704176191739708,1000,interval_capped,2177485.622039723
225,1,0.0899097533749148,0.727135850979284,0.637322380092476,1000,interval_capped,2468546.0832710103
226,0,0.454809693609323,0.60149535574478,0.1467651133083204,768,interval,1371748.2838769492
226,1,0.398326334031071,0.700452742937402,0.3021720590805496,1000,interval_capped,1349031.0299758285
227,0,0.113176251695948,0.93418881573035,0.8214572592431805,1000,interval_capped,1329441.943621617
227,1,0.394964025569228,0.653473720654398,0.25854875493651025,1000,interval_capped,1015641.3554278752
228,0,0.437194906814125,0.88254816691924,0.44559448231005844,1000,interval_capped,1055264.9005271094
228,1,0.567892806356105,0.835689751113238,0.2678374078772807,1000,interval_capped,1064951.7476478305
229,0,0.0711546474324758,0.915802486393724,0.845105336036866,1000,interval_capped,1352464.043476528
229,1,0.289476077870547,0.421272147722737,0.13181598374707876,703,interval,1408132.5461050766
230,0,0.4799454675338,0.873817035359857,0.39408490536406693,1000,interval_capped,1507680.5059600691
230,1,0.77351059090243,0.945180441142098,0.17169578891414494,862,interval,1358853.608199313
231,0,0.343218763408012,0.389811045480558,0.04661751842764136,243,interval,2087182.2203470957
231,1,0.499348770626685,0.786358900274033,0.28705349580811607,1000,interval_capped,1337682.364579228
232,0,0.0243510133758477,0.137002426573241,0.11271242997826304,541,interval,1321069.3479056263
232,1,0.764748158724186,0.917256924441899,0.15253180922374107,783,interval,1521136.898991795
233,0,0.295589513839487,0.454865150232384,0.15936190682952833,825,interval,974459.5067239623
233,1,0.0581399355225038,0.909822085578803,0.8518108360545529,1000,interval_capped,1263102.2322041485
234,0,0.334069036562109,0.673011314945667,0.3391258638898613,1000,interval_capped,1260267.427195806
234,1,0.0899172096132221,0.603362938627169,0.5135233087497474,1000,interval_capped,2362159.5305883535
235,0,0.154071612350482,0.710960023692211,0.557190045712744,1000,interval_capped,1747213.7365771604
235,1,0.384364518427865,0.421240940088523,0.036881993550515135,198,interval,1251883.6381969145
236,0,0.181712913563264,0.511838637511182,0.3303045340345904,1000,interval_capped,1358035.1239934284
236,1,0.0316660832786038,0.0523101424559384,0.020647178417726186,100,interval,1393295.808853409
237,0,0.719623889442348,0.773052808528705,0.05345785845387546,251,interval,1457634.2396163829
237,1,0.348949784389196,0.434286060228444,0.08534916983243891,450,interval,994238.1332278315
238,0,0.647131397541168,0.769057376234711,0.12199201897224989,585,interval,1012099.5368900369
238,1,0.254404637411387,0.402317050799921,0.1479347624028579,746,interval,1260257.9491991138
239,0,0.83395876217114,0.99773352299493,0.1638634681769386,823,interval,1977758.4491378285
239,1,0.367317518355629,0.806571003825182,0.43931985503390325,1000,interval_capped,2042333.6896011806
240,0,0.796091167419051,0.799058539759824,0.00296897959542469,19,interval,2063055.9394444001
240,1,0.339771993740312,0.976874891730615,0.6371991618634074,1000,interval_capped,1884206.5892858473
241,0,0.490870475966007,0.682926370528949,0.19215992017700825,1000,interval_capped,1901937.544722352
241,1,0.0381702286930216,0.19566685617263,0.15752042463295662,795,interval,2118034.25995062
242,0,0.600301947191393,0.951612451192566,0.3515007886627806,1000,interval_capped,1053087.1412414913
242,1,0.456918230178106,0.664450374222361,0.2075635013776502,1000,interval_capped,1609642.9489802567
243,0,0.216355350897268,0.327669145912282,0.11137408728517233,561,interval,1482227.7255837575
243,1,0.147377515210354,0.186029557304335,0.03865788227346709,207,interval,1075037.4634075123
244,0,0.285267680167232,0.69951870656979,0.41447540231925234,1000,interval_capped,1820142.8077366543
244,1,0.800214443684454,0.942116855254154,0.14192385249515116,709,interval,1418007.3796030602
245,0,0.453332526618296,0.968185496537366,0.5151318361130578,1000,interval_capped,1269625.3224859333
245,1,0.865301088067778,0.94771786653816,0.0824292313384029,401,interval,1720190.3042974735
246,0,0.103376203592368,0.408450165833028,0.3052392032312057,1000,interval_capped,1460768.2793363694
246,1,0.160830729752878,0.928470760077422,0.7677560178717708,1000,interval_capped,1110736.6628325006
247,0,0.195086255222985,0.323740013676032,0.12872344278247344,633,interval,1570779.7104943614
247,1,0.368788699996966,0.457948769305242,0.08917354106240696,468,interval,1381907.2609967168
248,0,0.207622852579597,0.26355311553996,0.055960557161759863,282,interval,2547599.056841804
248,1,0.787211379536242,0.87863848683082,0.09144092158969844,473,interval,2137247.944667756
249,0,0.464744229516516,0.609585380721627,0.14491960331266268,759,interval,1278222.4026446973
249,1,0.218224049216096,0.296918403233094,0.0787062444405591,369,interval,1334093.420730093
250,0,0.463461197895418,0.749150104437437,0.28584364776463334,1000,interval_capped,2767252.192725295
250,1,0.198133537410109,0.839542650974346,0.6415060280904633,1000,interval_capped,1113952.0089991756
251,0,0.0667895383047437,0.155075037024165,0.08833331788809788,433,interval,1888765.4633111274
251,1,0.306719669577609,0.467037638471345,0.1603421923412554,837,interval,2261673.937595998
252,0,0.286741132104671,0.327421487319129,0.04070238941935054,210,interval,2379570.7997451923
252,1,0.368040557122594,0.637130689846866,0.2691307912403013,1000,interval_capped,1365646.82655267
253,0,0.875592862420293,0.939747334436975,0.06418922079834175,331,interval,2395352.1784639508
253,1,0.479164357056897,0.772330914756804,0.29321085407400593,1000,interval_capped,1268726.163770976
254,0,0.114700824145734,0.926641119923828,0.8123800770617963,1000,interval_capped,1665417.0129932882
254,1,0.196678196250451,0.548942089082913,0.3523171185936158,1000,interval_capped,1344538.3371175542
255,0,0.255325252805375,0.551686905988032,0.2965221752172876,1000,interval_capped,1291087.7742147313
255,1,0.206170150418753,0.287513574930051,0.08135571519953645,373,interval,2326150.6934119808
256,0,0.952878279690611,0.992601209580526,0.03974444551266489,207,interval,2215750.150154442
256,1,0.580042435645126,0.609468697236167,0.0294307077894819,155,interval,2169900.597721627
257,0,0.676303250170779,0.837498067628416,0.1612821274040904,777,interval,2247786.989499441
257,1,0.342478728839514,0.90192746527344,0.5595332670526727,1000,interval_capped,1032934.1087091204
258,0,0.687442697837045,0.80662378338239,0.11924563907356217,571,interval,2283358.0121973827
258,1,0.442362228861204,0.592684653656722,0.1503451379535822,720,interval,1454174.290999268
259,0,0.474645636792392,0.720247308657356,0.24573470014191218,1000,interval_capped,1147578.4609885407
259,1,0.809637637041669,0.894374981692278,0.08475014814752979,448,interval,1129878.3237882731
260,0,0.508928478176047,0.878803985904412,0.3700758479829928,1000,interval_capped,1210299.8106904386
260,1,0.784113938395704,0.846418428578367,0.06231390415889152,328,interval,1800808.847687087
261,0,0.192808542746642,0.975950002153249,0.7835656420196996,1000,interval_capped,1211336.8064418323
261,1,0.0556127561845132,0.0806798801316166,0.025070911496094854,111,interval,2314619.686896901
262,0,0.734491127927779,0.9548116830082,0.22043989003280975,1000,interval_capped,1026540.403026324
262,1,0.0598878729812793,0.164476506174768,0.10460443614611323,527,interval,1167060.7212865404
263,0,0.519733956434024,0.944448557351878,0.42494464435007434,1000,interval_capped,2233573.465937532
263,1,0.542766892713512,0.719927738832284,0.17718761446225884,904,interval,1257517.5523452694
264,0,0.000664769087088473,0.197975332356794,0.19741743503509757,937,interval,2541714.3701676787
264,1,0.0131086664413318,0.798832515321853,0.7858425688253249,1000,interval_capped,2242105.956345424
265,0,0.24303682371511,0.334069036562109,0.09108151975248488,470,interval,1363424.2471812817
265,1,0.0899172096132221,0.865783927590822,0.7759839485466663,1000,interval_capped,2233408.066451723
266,0,0.494797512486028,0.635939839838244,0.14121877601996957,750,interval,2488679.260442239
266,1,0.643350783075426,0.87748530338351,0.23416989716137315,1000,interval_capped,1144435.4326804923
267,0,0.365320926595414,0.405608856784547,0.04030975183999628,204,interval,1900372.1142379318
267,1,0.220549989996678,0.532006982125894,0.31150405211978016,1000,interval_capped,1570105.136652109
268,0,0.588848995428032,0.859432468790202,0.27073003284182945,1000,interval_capped,1526550.6833609948
268,1,0.267610431507293,0.563456550555912,0.2958908202944497,1000,interval_capped,1077130.5294933524
269,0,0.621702637406213,0.832484487119607,0.21089601809859435,1000,interval_capped,1815280.5838212513
269,1,0.790175725100664,0.977155921476453,0.1870084483864983,927,interval,2545999.2267486746
270,0,0.659424967601953,0.779876922284848,0.12051719656771126,586,interval,1927629.710638593
270,1,0.773754158970383,0.867929046579582,0.09418911708368269,488,interval,1405338.0172416258
271,0,0.360889957081654,0.793017408250482,0.43236150971498727,1000,interval_capped,1510913.3028749987
271,1,0.107657802786407,0.333400792779129,0.22577709891705963,1000,interval_capped,2512668.1461911444
272,0,0.432180533329397,0.854728867719282,0.4227772044803221,1000,interval_capped,1768202.7246355754
272,1,0.43597196746433,0.809700292443112,0.3737847939356252,1000,interval_capped,1098284.948031039
273,0,0.779076907427003,0.991403584457207,0.21244168215936698,1000,interval_capped,977104.777903907
273,1,0.0999908162762268,0.375266243392961,0.2753170202076906,1000,interval_capped,2193899.4301261846
274,0,0.729228202091529,0.847081659764216,0.11791729210136791,568,interval,2103104.626692988
274,1,0.166320567312878,0.505479526945331,0.3392102052870486,1000,interval_capped,1957757.2004438248
275,0,0.352389933933862,0.4799454675338,0.12762462308422845,655,interval,1619166.121834321
275,1,0.185793441582935,0.77351059090243,0.5878059511900591,1000,interval_capped,1271047.7143800987
276,0,0.61369414786833,0.837403448750605,0.22383047132304476,1000,interval_capped,1964597.9232793394
276,1,0.837968185311477,0.903962500689377,0.06600428687296178,333,interval,1291710.6965869959
277,0,0.0508202098038903,0.133729386314667,0.08295408363543377,410,interval,1244677.2098392688
277,1,0.440401878846267,0.886244924392088,0.44591041076813637,1000,interval_capped,1337798.8572117097
278,0,0.935182489339084,0.966747647606026,0.03158225529475936,158,interval,1023794.409529575
278,1,0.231641072531096,0.238530411081485,0.006890379503764168,42,interval,1676610.5473201405
279,0,0.0926397159498601,0.11920871523606,0.026583390182517673,136,interval,1422320.769781398
279,1,0.613872140683722,0.967822741856638,0.35400408178941295,1000,interval_capped,1027284.183118415
280,0,0.0869053663309284,0.937176045383087,0.8507312216963312,1000,interval_capped,1014222.063407391
280,1,0.365638122942699,0.787280196756351,0.421705782359347,1000,interval_capped,2455155.884923815
281,0,0.889570226877287,0.993319855497253,0.10380582381694702,535,interval,1189929.5241186912
281,1,0.648471002861328,0.750444744074194,0.10198914906505926,540,interval,1284196.2804062404
282,0,0.363293992690709,0.719757435522643,0.3566565185436541,1000,interval_capped,1969531.2225808287
282,1,0.238217455656347,0.620634062248013,0.38247438831547553,1000,interval_capped,1158614.2273250737
283,0,0.0500330825220954,0.447595218185415,0.3977774721693195,1000,interval_capped,2301007.34950399
283,1,0.563218106313884,0.659409926245813,0.09620635415736851,500,interval,1336274.2463299574
284,0,0.684600135773805,0.905833394242886,0.2213530877803162,1000,interval_capped,2644877.0715610837
284,1,0.257528368967719,0.260882064203114,0.0033542019662442407,19,interval,1558184.7984585974
285,0,0.315038629835331,0.731303227379539,0.41649006409639133,1000,interval_capped,1852673.5783466967
285,1,0.421621774102596,0.976828280158734,0.5552903956896874,1000,interval_capped,1216396.0096834851
286,0,0.629187559490927,0.719977138683453,0.09083875467733903,442,interval,1504099.6524349956
286,1,0.0841783748426927,0.235566490247581,0.15141098958483132,766,interval,993113.9792843008
287,0,0.336355784317098,0.769139863089391,0.43301849297579786,1000,interval_capped,2488428.3919086317
287,1,0.35647749392561,0.951833384700369,0.5954458468306838,1000,interval_capped,2417626.3085274543
288,0,0.36001606614577,0.409656670007448,0.04966749131707782,259,interval,1785499.1879265097
288,1,0.104046251271164,0.310182810761636,0.20616770595624315,1000,interval_capped,1375702.777760028
289,0,0.771317741107856,0.968882290389985,0.19767155861711225,997,interval,1805229.7473080142
289,1,0.824290116478902,0.931666005500778,0.10739211311846679,538,interval,1113070.4814101413
290,0,0.351300338741008,0.51127197634968,0.16005828502906647,815,interval,1489516.7442890352
290,1,0.35363348519905,0.359775837569111,0.006143280456608681,35,interval,1580965.6791255763
291,0,0.470334895098202,0.798423733428983,0.3282665451538562,1000,interval_capped,1383116.8686403697
291,1,0.231436959136565,0.424771655425262,0.19336390844065693,1000,interval,1574544.5843313395
292,0,0.321716220138131,0.561371131217459,0.23978471833854154,1000,interval_capped,1150758.6727965872
292,1,0.535984002373122,0.694667620418149,0.1587075945482251,816,interval,949369.5117716138
293,0,0.528477166006069,0.634094268196102,0.10567430888986501,563,interval,2432362.8754718383
293,1,0.403462435568647,0.679169931789649,0.27574915459598953,1000,interval_capped,1036658.7595295362
294,0,0.656419397437434,0.909395541759919,0.2531131669263324,1000,interval_capped,2733471.702265818
294,1,0.0329690211857765,0.541713485699664,0.5088213339061458,1000,interval_capped,1011655.4096649264
295,0,0.857093388196045,0.923085602935432,0.06602795892041034,323,interval,1126704.4927399838
295,1,0.682374268581836,0.823390545267832,0.14103758371976924,716,interval,1939991.1993612377
296,0,0.296681451830355,0.912699843952358,0.6163520537972276,1000,interval_capped,1963442.8491385821
296,1,0.247218083933508,0.534713066302663,0.28753842178936206,1000,interval_capped,1070087.0577899606
297,0,0.186033271259344,0.258580206876456,0.07258623011282832,343,interval,1325281.3193249549
297,1,0.536243331341705,0.634053213030849,0.09782466039768388,496,interval,2119265.824780979
298,0,0.643349404923164,0.896180760065622,0.2529682993223477,1000,interval_capped,1075555.2502662637
298,1,0.165263122438815,0.373958916541474,0.2087273272592406,1000,interval_capped,1421608.640555227
299,0,0.236764818609016,0.729643195323154,0.4931453405369062,1000,interval_capped,1834675.0999337935
299,1,0.0566066280200164,0.390908808661691,0.3343526924550682,1000,interval_capped,2454276.264013825
300,0,0.0571953299645826,0.367837086318037,0.3108100130973197,1000,interval_capped,1451042.0459354864
300,1,0.4090370494515,0.998416799045487,0.5894688026772552,1000,interval_capped,2668797.780196085
301,0,0.845056592744199,0.931360070275077,0.08635022315285763,433,interval,2078000.0636673092
301,1,0.0964897746055479,0.747107354569994,0.6507158858556212,1000,interval_capped,1645084.4986063757
302,0,0.490870475966007,0.609801744893035,0.11899568714397446,622,interval,992645.1454767493
302,1,0.19566685617263,0.537867466777345,0.3422523158414348,1000,interval_capped,1499703.6098780655
303,0,0.0539279286965811,0.55406869210139,0.5004116608440734,1000,interval_capped,1134815.4459521556
303,1,0.229729321812361,0.626268504358887,0.39659909813892086,1000,interval_capped,1400720.8161317063
304,0,0.842883676996331,0.961966186974659,0.1191470101138392,607,interval,1253749.5901769723
304,1,0.013777290344463,0.252804568463568,0.23906339424986178,1000,interval_capped,1852786.1727958203
305,0,0.835196172789471,0.959525140183601,0.12439630923338381,622,interval,2099283.3069023592
305,1,0.132827908331767,0.435105546652251,0.30232331134490337,1000,interval_capped,1886780.5905536283
306,0,0.257765961541021,0.354564065144876,0.09685053356020056,494,interval,1161585.6971501457
306,1,0.0695139228921884,0.64115319176875,0.5717256414393206,1000,interval_capped,1111100.3781378902
307,0,0.408808945945996,0.979014532443615,0.5705144340152358,1000,interval_capped,1281187.7801623945
307,1,0.114025963599652,0.145522192186868,0.031500987549954264,184,interval,1563570.8878465209
308,0,0.468233138684969,0.974551691919087,0.5065927968262408,1000,interval_capped,1263429.163384343
308,1,0.0751793131197792,0.483058795674299,0.4079411116239752,1000,interval_capped,1022288.228055168
309,0,0.192190308223069,0.25724997824949,0.06509490910169563,322,interval,1144225.4299028234
309,1,0.125749881004961,0.284331510489284,0.15860559057742982,773,interval,1394889.639250696
310,0,0.0706896389709566,0.21010290141209,0.13948877457403316,679,interval,1384736.746561795
310,1,0.02587088937327,0.849381667053661,0.8236352070892867,1000,interval_capped,1485800.3367943887
311,0,0.558033126873948,0.791737704312259,0.23383116174457996,1000,interval_capped,2534772.9867688194
311,1,0.290591154014906,0.42966940954246,0.13909926973355421,742,interval,1088328.1885029348
312,0,0.216342381333371,0.905616126287208,0.6896470848335723,1000,interval_capped,1050457.5286685796
312,1,0.0807808524698529,0.499376469788889,0.4186588655565104,1000,interval_capped,1442835.6020813105
313,0,0.673011314945667,0.907993844008147,0.2351098055615231,1000,interval_capped,2602000.0883599943
313,1,0.603362938627169,0.886319709979334,0.28299952506560333,1000,interval_capped,2765774.6989429216
314,0,0.0527656659355833,0.148676396735722,0.09596268011775655,460,interval,2222263.1864661383
314,1,0.581305737706844,0.60038657443456,0.019083719771022297,101,interval,1274990.685596329
315,0,0.539180981499805,0.744388965824104,0.20531913366771912,1000,interval_capped,1507388.9544135637
315,1,0.0264055920196251,0.919247276237014,0.8929765892678334,1000,interval_capped,2058254.952335241
316,0,0.11679073284974,0.154071612350482,0.03730107240547852,194,interval,1088337.9406059214
316,1,0.384364518427865,0.392595061015733,0.00823178619217391,40,interval,1736116.4089723066
317,0,0.16069233854981,0.182544660631489,0.02186415822567497,99,interval,1373027.6150030487
317,1,0.655350059599786,0.784193839478982,0.12886324769407445,653,interval,1718424.495923436
318,0,0.122331324382715,0.17191934782336,0.049614882416259797,263,interval,1005659.0484984507
318,1,0.522576802103877,0.831538276320901,0.30900815714413354,1000,interval_capped,1871800.7624958623
319,0,0.314906000577198,0.568734934557981,0.2539664184916606,1000,interval_capped,983473.9561302033
319,1,0.331764682272627,0.383262406384037,0.05150550522556702,267,interval,2001328.797199534
320,0,0.487770701062755,0.697053916241454,0.2093965718399057,1000,interval_capped,1403775.6523092105
320,1,0.0918849384335554,0.272729061241556,0.18087144768086585,910,interval,2559924.2957679355
321,0,0.406022532784588,0.519912358180315,0.11395151295314175,576,interval,1074050.8164882076
321,1,0.183133823269804,0.984570177533805,0.8015574483098004,1000,interval_capped,1550226.856201799
322,0,0.589683957530934,0.709336346524534,0.11971719779974406,611,interval,1864118.3267043117
322,1,0.421367988007579,0.533274220157809,0.11192314076478076,551,interval,2281981.7905743774
323,0,0.785745550434407,0.859432468790202,0.07372683031448836,356,interval,1740792.297518509
323,1,0.563456550555912,0.811366810398835,0.2479477181591071,1000,interval_capped,1420789.5261117246
324,0,0.581019454012105,0.972464935972846,0.3916575054278005,1000,interval_capped,1405486.5057894303
324,1,0.366548390515363,0.790175647709258,0.42369126569339904,1000,interval_capped,994334.6587065043
325,0,0.0799426001579557,0.299320848441139,0.21949707284226477,1000,interval_capped,2781821.822982113
325,1,0.756295891906458,0.934990678142082,0.1787217863517448,904,interval,1459260.7305996218
326,0,0.073753450062682,0.431434243319148,0.35787452833678146,1000,interval_capped,1170034.8481237588
326,1,0.41040166334759,0.779951842308268,0.36960601661523174,1000,interval_capped,1052165.0837829432
327,0,0.206039088028369,0.49498021835305,0.2890976330895632,1000,interval_capped,1061565.328471579
327,1,0.123488595394246,0.915716488851855,0.7923475961393047,1000,interval_capped,1188074.4834951935
328,0,0.232703087073187,0.489113413482264,0.2565492091115233,1000,interval_capped,1676683.6364134268
328,1,0.413128729802282,0.51455851150587,0.1014451073655269,519,interval,2312354.211614691
329,0,0.196896849415394,0.828819044083127,0.6322644705166052,1000,interval_capped,2027364.529908141
329,1,0.853563893267704,0.989953938834515,0.13641065359430635,657,interval,1292800.9840612598
330,0,0.0791347896847692,0.963252081021805,0.8845961667412365,1000,interval_capped,1606472.3239338307
330,1,0.427908776566574,0.837509367472044,0.40966248002798183,1000,interval_capped,1200060.519608236
331,0,0.490874845008261,0.520743784849093,0.029885118124844172,151,interval,1737796.434465685
331,1,0.50972700840153,0.961283408332411,0.45162462841974765,1000,interval_capped,1557185.0353753467
332,0,0.131344542929544,0.383710242627742,0.25250239165935917,1000,interval_capped,1327079.446722646
332,1,0.205300260138396,0.89603268226586,0.6908367892217631,1000,interval_capped,1182791.1250196015
333,0,0.847081659764216,0.9989521934768,0.15195279323168895,777,interval,1519832.983912795
333,1,0.505479526945331,0.735808717126949,0.2303639920637092,1000,interval_capped,1114904.1686367511
334,0,0.603394152697943,0.896838150091674,0.29360293910230184,1000,interval_capped,1491605.0892374716
334,1,0.660097842002971,0.83186472286465,0.1717928341971213,880,interval,1277128.9248967739
335,0,0.109308383904586,0.944781871974993,0.8359260159286662,1000,interval_capped,2462258.3770051817
335,1,0.474233968602421,0.737782639497963,0.2635884921173445,1000,interval_capped,1138685.793729812
336,0,0.64048408785967,0.826690228657864,0.1863069979376404,906,interval,1724281.293205387
336,1,0.198731881689018,0.629253543595855,0.43058671212519445,1000,interval_capped,1891312.8280302403
337,0,0.154447089680245,0.882966051442542,0.7289135585151263,1000,interval_capped,1415668.9011707318
337,1,0.728437936296268,0.946002941867036,0.21759787883214277,1000,interval_capped,1424412.0994853226
338,0,0.557985885374029,0.999850482386587,0.4421039296096802,1000,interval_capped,1092339.8719974353
338,1,0.576045142884641,0.820357823571604,0.24434959542234658,1000,interval_capped,1841283.9834920045
339,0,0.154447089680245,0.290368298174475,0.13599482918267813,654,interval,1449648.675441079
339,1,0.52201121513847,0.728437936296268,0.20645791146591544,1000,interval_capped,2223469.588931082
340,0,0.108032283694915,0.560060385522266,0.4522729394095289,1000,interval_capped,1269188.0287299152
340,1,0.199148018841565,0.772320838844516,0.5732594242795689,1000,interval_capped,1520249.0518429542
341,0,0.221446908104735,0.529388227289036,0.30810811325691945,1000,interval_capped,1037728.2537511386
341,1,0.125994610668061,0.326364040485138,0.2003997048910513,996,interval,1340241.5572597228
342,0,0.763899714554799,0.822986419796003,0.05911870910554698,298,interval,1213482.4365203439
342,1,0.289316536477545,0.646917696310252,0.35765519203501006,1000,interval_capped,1203678.5115061898
343,0,0.848748304328727,0.984655639233824,0.1359809480790211,682,interval,1687462.9636440768
343,1,0.703115570377345,0.791230486505037,0.08812822996307325,446,interval,2365139.9676519632
344,0,0.067800249805125,0.192672041307858,0.12493942735853523,604,interval,2535555.726381444
344,1,0.231085089287868,0.45843322857965,0.22738249074819564,1000,interval_capped,1087156.8402692743
345,0,0.0739331412577038,0.406166522280943,0.33241333270633083,1000,interval_capped,1730127.4145661038
345,1,0.917314787709262,0.932617929277813,0.015305453816199955,60,interval,1564234.7895517587
346,0,0.301672184242442,0.340460993872906,0.03880981929408245,206,interval,2106769.620387988
346,1,0.213850985249929,0.416543492158831,0.2027231329911657,1000,interval_capped,1835532.270363649
347,0,0.336660906249732,0.610389427832101,0.2738767845534685,1000,interval_capped,1258719.4679730474
347,1,0.828465933948833,0.981539439840677,0.15309663472800733,759,interval,1765635.9705763792
348,0,0.925414502306784,0.989928164365444,0.06454860539287308,331,interval,981590.6323228127
348,1,0.0631305303503208,0.339202069701869,0.2761132527320958,1000,interval_capped,1435641.041279464
349,0,0.0673527262536361,0.472958022879052,0.40582498964835595,1000,interval_capped,1449761.5346654723
349,1,0.323333891287486,0.559710685529871,0.2364125098949076,1000,interval_capped,1396357.2550733357
350,0,0.531806305480073,0.603974616092035,0.07220740002832492,380,interval,1410225.9652098983
350,1,0.00489595935639704,0.340437960365558,0.3355927001547907,1000,interval_capped,1047670.0177880385
351,0,0.080584927765279,0.48762008951862,0.40725562925184877,1000,interval_capped,2674130.787190746
351,1,0.678168642309907,0.976188352371644,0.2980647397290678,1000,interval_capped,2134582.9351224164
352,0,0.600745257198273,0.820383284353512,0.21975699242157012,1000,interval_capped,2418878.881891981
352,1,0.0925092665747018,0.622039849392546,0.5296105929150985,1000,interval_capped,2357543.0880162055
353,0,0.0799426001579557,0.441681432123857,0.3619347650520089,1000,interval_capped,1094455.1932713548
353,1,0.186322292326592,0.756295891906458,0.5700597204662029,1000,interval_capped,1109515.1272188968
354,0,0.0261879825240924,0.317293255194953,0.29126294762697913,1000,interval_capped,2431378.1009471957
354,1,0.382681433082756,0.578033908124995,0.1953819920730474,975,interval,1681032.0163702052
355,0,0.709546311540281,0.730989436885196,0.02145473985061179,113,interval,2332683.0613878993
355,1,0.224186746439056,0.794033997214592,0.5699333525710396,1000,interval_capped,1932729.3174553406
356,0,0.443733313791041,0.472475767244497,0.02875802158468718,142,interval,1290017.826279499
356,1,0.115342149849394,0.724062483472703,0.6088123089967326,1000,interval_capped,2256781.8290019617
357,0,0.322922723471777,0.968349105296504,0.6457759721138284,1000,interval_capped,1966565.9961241316
357,1,0.256414691909532,0.494798244397522,0.2384195713542034,1000,interval_capped,1396679.4299259828
358,0,0.0113094474069314,0.421413119677415,0.41032580180436673,1000,interval_capped,2542030.1987734246
358,1,0.128278128852845,0.205595615874974,0.07732916940621941,399,interval,2161872.5794518176
359,0,0.128638566222514,0.251513517719266,0.12294150577935761,595,interval,1924655.951470024
359,1,0.0752174769816451,0.97622348518226,0.9011421468499811,1000,interval_capped,1800187.9581887252
360,0,0.781208634039171,0.950233720107291,0.169116637219991,841,interval,1288535.945724408
360,1,0.334769341944679,0.862766412743467,0.5280768491880924,1000,interval_capped,1274719.9856928056
361,0,0.470334895098202,0.505474934863782,0.035159073100762224,177,interval,1438454.534852565
361,1,0.116688797270331,0.231436959136565,0.11476549988577166,583,interval,2440263.9769368623
362,0,0.750431747771687,0.931233248801445,0.18089943078719412,888,interval,1828341.2638157087
362,1,0.161895761443923,0.234638068099398,0.07275329774686586,347,interval,1590517.3494471223
363,0,0.135359567991854,0.175984716871575,0.04064715318252234,205,interval,2297462.582416341
363,1,0.229531082117241,0.496776856620306,0.26728615434344183,1000,interval_capped,1943336.7572332388
364,0,0.303094713011787,0.332632062268723,0.029553347937431272,157,interval,1102177.9195589307
364,1,0.775902891422308,0.919182190031856,0.14330094757749862,736,interval,1572180.3139089013
365,0,0.0756653939636419,0.453407151740979,0.377946358726455,1000,interval_capped,1238736.1316884009
365,1,0.60904636378547,0.700014754212288,0.09098213541152958,485,interval,1356289.1590725388
366,0,0.0781241555233958,0.0954810096184485,0.0173662553030167,81,interval,1233236.9648258912
366,1,0.816759200026495,0.879535634389145,0.06278591964788482,339,interval,1793939.7996943435
367,0,0.733974498265536,0.797218495055205,0.0632782524193493,306,interval,2034115.5418866852
367,1,0.417478336659636,0.716172769497968,0.2987395644537593,1000,interval_capped,1645164.9984679804
368,0,0.668614555108517,0.742384281562505,0.07380968326505777,353,interval,968246.9888724576
368,1,0.0250148755682991,0.222803376596389,0.19781838613334451,985,interval,1699057.905014401
369,0,0.0213857145585851,0.20592804355175,0.18464228494160598,883,interval,1026643.7686369354
369,1,0.631090072758577,0.645813670108049,0.014725822030149776,69,interval,1754716.6268708198
370,0,0.717133353903691,0.741487230752867,0.02436706794127914,120,interval,1380336.4385750568
370,1,0.379346626627287,0.652937731378082,0.27363244334692016,1000,interval_capped,1023270.9196705603
371,0,0.120198673793856,0.907059721074092,0.7872872445798006,1000,interval_capped,1080086.6976369924
371,1,0.0181807428000875,0.718958380205327,0.7008835222941238,1000,interval_capped,1300609.5986827686
372,0,0.408349413148976,0.832338131989253,0.4242183691039927,1000,interval_capped,1485003.0240458134
372,1,0.141637407943718,0.602618832379923,0.4610510770111428,1000,interval_capped,2281620.7716746056
373,0,0.474645636792392,0.663646431716127,0.1891031657663259,993,interval,1036504.9322328422
373,1,0.809637637041669,0.957321395237439,0.14770607266114655,738,interval,1121749.8553491542
374,0,0.518106039304177,0.771306829981033,0.2533379349586921,1000,interval_capped,1314210.4413792512
374,1,0.467902348699999,0.545701701268729,0.07781110776090831,388,interval,1665967.6809336112
375,0,0.0062935826684257,0.792370241120202,0.7865024308930997,1000,interval_capped,1275981.7379221823
375,1,0.28147893224455,0.286904570706319,0.005426458255516635,26,interval,1914454.6990725796
376,0,0.810935848711058,0.894921382775323,0.08403102418980164,401,interval,993915.9722421686
376,1,0.164953365140603,0.319052464784995,0.1541223834439485,748,interval,1705042.0878509055
377,0,0.29136637973203,0.958344830410415,0.6673397144816058,1000,interval_capped,1243829.651729907
377,1,0.441921844989399,0.46626667418127,0.024348507604817247,116,interval,1275167.814663222
378,0,0.515129363895685,0.62474461448355,0.10967462285435746,594,interval,1304874.4439949358
378,1,0.57806341658464,0.811744065173901,0.23371595686422517,1000,interval_capped,1897087.3597610064
379,0,0.0941975048208723,0.77573300832882,0.6819046520280789,1000,interval_capped,1398185.7841675945
379,1,0.0570168823114529,0.293560191221239,0.23657904972205426,1000,interval_capped,1331160.098455117
380,0,0.52619626952573,0.763899714554799,0.23783219529154387,1000,interval_capped,1510415.6291484802
380,1,0.359140989670353,0.646917696310252,0.2878201886275932,1000,interval_capped,1398971.6937582295
381,0,0.717985046018192,0.822662662195111,0.10473431401129982,511,interval,2108693.352405885
381,1,0.115097632544183,0.209938644235685,0.09485534181485157,497,interval,1258367.8934230097
382,0,0.543232058924543,0.746618734905816,0.20349683882688627,1000,interval_capped,2393200.739068163
382,1,0.0127924060943631,0.899180785920288,0.8865223098061306,1000,interval_capped,984683.511951408
383,0,0.0848041383195542,0.775691203596146,0.6912612789990051,1000,interval_capped,1547754.8076359886
383,1,0.420555852045088,0.621554123946286,0.20102864199086717,1000,interval_capped,1551706.3797670587
384,0,0.797753431193363,0.918599054982118,0.12091107890144742,585,interval,2146460.7586041032
384,1,0.00160312115745768,0.182471873767062,0.1808960812039408,908,interval,1753187.8265325294
385,0,0.907059721074092,0.943145638132098,0.03610546272042697,192,interval,2067705.2086011032
385,1,0.718958380205327,0.979394566370214,0.2604755371018485,1000,interval_capped,1868105.0232901047
386,0,0.785449099463337,0.908621112738606,0.12323872845912685,593,interval,1540553.982909037
386,1,0.293852312749205,0.836805396245196,0.5430351216830659,1000,interval_capped,1491631.8183375604
387,0,0.504540311718215,0.674067608489909,0.16961911994217152,908,interval,1901339.6600747297
387,1,0.45195618867109,0.576221622831149,0.12428421020396488,596,interval,1309562.4895617878
388,0,0.121940316497931,0.230020459544436,0.10813868383367725,516,interval,2166182.767518874
388,1,0.127173370295274,0.746351712320566,0.6192718975648033,1000,interval_capped,1774887.1445017988
389,0,0.50860124176476,0.77395541185483,0.2654978971573984,1000,interval_capped,1157483.5147292516
389,1,0.619079880912811,0.703784293033613,0.08471721064174033,442,interval,1356315.887957909
390,0,0.283831396105305,0.410896519536038,0.12713394728808647,676,interval,2075577.4872407685
390,1,0.305412212265051,0.428894123527732,0.12350056891919765,654,interval,1723306.1600271033
391,0,0.802641678503536,0.943256039778391,0.14069052397379975,692,interval,1743691.4925163775
391,1,0.00511886587875387,0.64726546689781,0.6422436269768879,1000,interval_capped,1394954.0661308405
392,0,0.729852061410062,0.835196172789471,0.1054011702158454,516,interval,1001791.0429060335
392,1,0.132827908331767,0.573490820116111,0.44072949430775676,1000,interval_capped,1802379.6366141418
393,0,0.261385102081122,0.936722697339083,0.6757033867282443,1000,interval_capped,1642731.6925586876
393,1,0.829352127045343,0.89972396861351,0.07038247449111902,362,interval,1133857.467994751
394,0,0.799461958175464,0.869892399137155,0.07046858907418023,333,interval,2007957.0141799196
394,1,0.736510769125439,0.816413769631116,0.07991507355121737,394,interval,2012420.5906211964
395,0,0.158411882097458,0.802629733183978,0.6445667867841419,1000,interval_capped,1455736.4958265517
395,1,0.000679344830376863,0.728748448535117,0.7281791122324541,1000,interval_capped,1740779.6600810152
396,0,0.350406364549975,0.876678652213681,0.5265573390442683,1000,interval_capped,1403636.6127719525
396,1,0.577278518834182,0.809128900941346,0.23188541383568506,1000,interval_capped,1316137.8386001692
397,0,0.432753709638788,0.46373709336211,0.031000165637384062,146,interval,2431898.638935211
397,1,0.395476342547541,0.518798806322651,0.1233410973397056,631,interval,1925143.4574423842
398,0,0.79177450026107,0.809922441572346,0.01815777100561187,95,interval,1052328.6485082568
398,1,0.467392849123807,0.911202697112671,0.44387690600260715,1000,interval_capped,1088066.5833892731
399,0,0.401559098530092,0.914190438631117,0.5129090029661247,1000,interval_capped,956865.9330568917
399,1,0.655298394509278,0.883863061841145,0.22859920260113298,1000,interval_capped,1414839.317441129
400,0,0.269943701136174,0.329793069632664,0.05988178545158268,301,interval,1312666.699143042
400,1,0.109264929261066,0.664677727174519,0.5554967187169332,1000,interval_capped,1051162.1753643407
401,0,0.386242710490877,0.437153192766289,0.05093805755079297,258,interval,1471986.3922001084
401,1,0.424703386234953,0.733135187749767,0.3084784044103526,1000,interval_capped,1813732.1876451992
402,0,0.0218706308243376,0.487139844713533,0.4655212234189789,1000,interval_capped,1854499.0770880317
402,1,0.67566229209055,0.813466816929221,0.1378253465887119,692,interval,1075357.8380636168
403,0,0.0291727158084956,0.924436167313032,0.8957483641415882,1000,interval_capped,1381705.0276776466
403,1,0.0205222854469406,0.957805135631116,0.9374244701291445,1000,interval_capped,1263688.6938863087
404,0,0.084620944087284,0.71926248182969,0.6349852865027648,1000,interval_capped,979985.9806952884
404,1,0.544121429543491,0.691821746838356,0.14772263426225973,750,interval,1942820.5916560784
405,0,0.35630133452643,0.785449099463337,0.4293802095586892,1000,interval_capped,1786791.830701809
405,1,0.436384117969693,0.836805396245196,0.40048178043809207,1000,interval_capped,1988303.5870175583
406,0,0.118110302976598,0.246994327670734,0.12895383374552,634,interval,1628425.7899734103
406,1,0.126283415414906,0.160375992678206,0.034097728524645404,185,interval,2235977.067626633
407,0,0.754472000266119,0.937176045383087,0.1828030053729337,907,interval,1946742.9930528896
407,1,0.787280196756351,0.830761361141161,0.043487734226673784,224,interval,1943045.111152097
408,0,0.337147280432159,0.471288165682524,0.13421354164027335,682,interval,1442316.9509446705
408,1,0.210959985386901,0.29884937603153,0.08790267040395033,416,interval,1319898.9711513645
409,0,0.195304201831664,0.426956668033519,0.2317779389976859,1000,interval_capped,1825643.4972042455
409,1,0.230256776299682,0.730198787108846,0.5000175501834784,1000,interval_capped,1421849.8803802982
410,0,0.139300587351038,0.563090787978518,0.4240197433653161,1000,interval_capped,1358212.6359941696
410,1,0.686468752026322,0.77513985149352,0.08868449733980871,457,interval,1448042.9246534072
411,0,0.771306829981033,0.865593223304687,0.09433746283123627,469,interval,1056420.5872181812
411,1,0.467902348699999,0.941127602267998,0.4732967561398801,1000,interval_capped,1382668.9191801138
412,0,0.112357071824511,0.731734116634676,0.6197125256740643,1000,interval_capped,1462427.5538154426
412,1,0.377078641538845,0.97073227889881,0.5937433362117439,1000,interval_capped,2881123.9047167115
413,0,0.76343341980218,0.920215086498027,0.15686658629276679,777,interval,1041532.9960998234
413,1,0.185966600711469,0.636000102326483,0.4501014999996216,1000,interval_capped,2893954.8150518937
414,0,0.162926015600119,0.26355311553996,0.10068160384291973,482,interval,1387804.1594843727
414,1,0.787211379536242,0.857367396531032,0.07016661730745348,359,interval,2864139.3742679353
415,0,0.0781241555233958,0.443808586313302,0.3658825009795974,1000,interval_capped,1303422.3147084974
415,1,0.816759200026495,0.861590057617592,0.04483763136657329,242,interval,1448104.79787339
416,0,0.419581549893951,0.580658828502177,0.16116452489065575,802,interval,996811.0203659573
416,1,0.228760310432917,0.41832857761962,0.18959691024526487,975,interval,1219574.385004355
417,0,0.481573859975004,0.810718214565147,0.3293226331255694,1000,interval_capped,1522094.3535985132
417,1,0.11556991395857,0.518690531005136,0.4031815270691817,1000,interval_capped,1906416.9664901174
418,0,0.860284119073544,0.860677316483878,0.0003934103827197899,10,knn_fallback,671700.4730216134
418,1,0.310550613627611,0.384486995745661,0.07394755362979237,383,interval,1512158.3153435695
419,0,0.193954103360545,0.242087017282587,0.048158984748657,223,interval,1576089.1239792504
419,1,0.0204488087271651,0.496593924198986,0.476217059223952,1000,interval_capped,1242630.959078557
420,0,0.580658828502177,0.793646135569334,0.21310267002155325,1000,interval_capped,1361385.5740322124
420,1,0.228760310432917,0.638600000755515,0.4099016155721406,1000,interval_capped,1935873.8178972194
421,0,0.0643839635022209,0.207195209891527,0.14288859901435844,686,interval,1678731.3689318695
421,1,0.149722349701096,0.239757786411706,0.09004904072949259,441,interval,1456057.9229944444
422,0,0.50185312468476,0.550142570588646,0.048315601514858086,266,interval,2602838.896788183
422,1,0.453950690008747,0.794543632849775,0.34064440516514133,1000,interval_capped,1339387.159226059
423,0,0.739704223432872,0.797831373604004,0.05815863429977194,287,interval,1304938.5650375653
423,1,0.120439447796213,0.329932439022821,0.20952464483670347,1000,interval_capped,1998675.4063840879
424,0,0.404080959225639,0.514801492299174,0.11078050400787647,558,interval,1875370.6827236894
424,1,0.178446131518824,0.537924036357193,0.35953222060984696,1000,interval_capped,1795673.7979172964
425,0,0.33778240583169,0.755833191729542,0.41827721992536715,1000,interval_capped,1013744.3670726825
425,1,0.0585120703245868,0.167817952924269,0.1093223983111086,551,interval,1057886.162599815
426,0,0.711024035604679,0.774499900185425,0.06351024579985118,302,interval,1397350.7935302495
426,1,0.273672436692628,0.937129639269923,0.6635574484875876,1000,interval_capped,1583794.6006650652
427,0,0.0589341843685252,0.905964744209079,0.8474893474988074,1000,interval_capped,949144.2383265237
427,1,0.0855155505488419,0.114127602589057,0.02861637521462782,139,interval,1424585.3653038612
428,0,0.0335577990140641,0.378713992725951,0.3453431449381503,1000,interval_capped,2523604.6734026633
428,1,0.304141412115411,0.597612988070831,0.2935159184166403,1000,interval_capped,2956515.7254475313
429,0,0.551523219015923,0.899697702677593,0.3483630697217205,1000,interval_capped,2351898.227834629
429,1,0.021405230991473,0.782322726102743,0.7610324669084841,1000,interval_capped,1499482.341002588
430,0,0.32111984868939,0.987493476656362,0.666734564172573,1000,interval_capped,1106885.436926171
430,1,0.830376109017648,0.854874609468554,0.02450220208300666,127,interval,1465719.4466733185
431,0,0.531235683184758,0.953271080754922,0.4222639898322752,1000,interval_capped,1558769.8149226971
431,1,0.632520410157916,0.893575003208558,0.2610940374265787,1000,interval_capped,1862236.987001318
432,0,0.285811670406033,0.619418581061205,0.3337876063001384,1000,interval_capped,1262754.402273109
432,1,0.375736129751348,0.748120249390486,0.37244038549156483,1000,interval_capped,1647650.5077016505
433,0,0.0300416347498393,0.067800249805125,0.037779066721850565,176,interval,2414322.84756883
433,1,0.0486981031841767,0.231085089287868,0.18241454409744953,907,interval,1115603.762472141
434,0,0.0440015939873502,0.642046600681572,0.5983689332219768,1000,interval_capped,1290429.850101094
434,1,0.669053028907129,0.944162905272522,0.2751514444422479,1000,interval_capped,1290824.1287238544
435,0,0.571796654058129,0.821129466598829,0.24946786176160757,1000,interval_capped,2022176.1435379314
435,1,0.110944646571495,0.188962704983029,0.07802984664935,435,interval,993638.177711797
436,0,0.0183647114692449,0.36278133031352,0.3446031694854384,1000,interval_capped,1066136.896953638
436,1,0.227117113377302,0.757592241584069,0.5305552810213089,1000,interval_capped,1305573.6664045253
437,0,0.498703665050322,0.880790080850849,0.3822933700006076,1000,interval_capped,1267312.2056902912
437,1,0.0550246707758978,0.347889007437675,0.29290858737140374,1000,interval_capped,1453163.685083773
438,0,0.472246337561235,0.667215207859832,0.19507447370380762,1000,interval_capped,2068346.6156482194
438,1,0.093052798598816,0.544992359297355,0.4520078470815694,1000,interval_capped,1314877.4240571782
439,0,0.211208006933107,0.619048763879315,0.4080616607892226,1000,interval_capped,1523982.2408576815
439,1,0.516645908257842,0.749142167549269,0.2325313886095831,1000,interval_capped,1484976.3579953571
440,0,0.629187559490927,0.919733586306977,0.29070339886090624,1000,interval_capped,1274696.0467231572
440,1,0.0841783748426927,0.508259525968477,0.42414522820696965,1000,interval_capped,2544077.2158072204
441,0,0.519714110599494,0.886833561183822,0.3673182980415727,1000,interval_capped,1794686.9252683735
441,1,0.156374436369638,0.411982205513542,0.25564639052505134,1000,interval_capped,1088370.9979729212
442,0,0.0434150668491478,0.574347972395356,0.531220481314987,1000,interval_capped,1567935.983153667
442,1,0.0551273274842782,0.39165889892852,0.3365824201102757,1000,interval_capped,1322819.310469211
443,0,0.637609268270011,0.698244750566928,0.06066832504456871,306,interval,1949417.555440376
443,1,0.70773670686149,0.87584528390865,0.16813397762653212,865,interval,2524694.00104108
444,0,0.528229907381581,0.792824611763037,0.26473802008996156,1000,interval_capped,1363354.111275738
444,1,0.463171673273303,0.580427109088205,0.11727315267418756,566,interval,1275613.035187162
445,0,0.343027613991775,0.417781300219416,0.07479417599303584,392,interval,2211648.1475506015
445,1,0.417365484209477,0.644841167130903,0.22751005364920662,1000,interval_capped,1387523.4401011795
446,0,0.123207204777518,0.514526382309052,0.3915311325867603,1000,interval_capped,1079785.402859467
446,1,0.127170691599571,0.460587743280283,0.3334674297544189,1000,interval_capped,2595437.0432289084
447,0,0.17191934782336,0.285408744770951,0.11355086761598343,536,interval,2594178.575363231
447,1,0.522576802103877,0.759964343581951,0.23742340985073632,1000,interval_capped,1145633.9384628977
448,0,0.0224615129175563,0.0949664436987252,0.07254420252528541,330,interval,1146764.9700803054
448,1,0.475121318565977,0.651502843947854,0.1764081759729053,881,interval,1308960.159041182
449,0,0.0998131454582071,0.166984962673988,0.06720820031951077,344,interval,1381932.148705212
449,1,0.562314473424005,0.756208100831694,0.19392292401205763,1000,interval_capped,2515000.969878681
450,0,0.0485965984594729,0.462685421040402,0.41431311064115756,1000,interval_capped,1255648.9339399242
450,1,0.2238044906106,0.329435809808562,0.10564727969655524,530,interval,1632099.0557649962
451,0,0.530422589302047,0.637923505935023,0.10755914368656831,574,interval,1662497.9050067826
451,1,0.262546999185229,0.303435171610153,0.04089435047536795,201,interval,1107154.532104303
452,0,0.332177075837731,0.390319301773126,0.05817371822970797,314,interval,1065696.5082613039
452,1,0.117051531846678,0.459546633162275,0.3425468510487656,1000,interval_capped,1434565.0312316883
453,0,0.501362372411874,0.875677697031801,0.3745180696675946,1000,interval_capped,2018345.3700942344
453,1,0.0171201346817297,0.214323280992827,0.19723294297143606,992,interval,1888037.005723543
454,0,0.456407671676424,0.712323044385947,0.25605398732406365,1000,interval_capped,1106797.4355368041
454,1,0.0914411338490466,0.535717580617808,0.44434357528384105,1000,interval_capped,1839151.6552738347
455,0,0.830529332733454,0.900201389576539,0.06970979418258635,330,interval,1199145.0914356057
455,1,0.131797085815038,0.795695046171867,0.6639982728639792,1000,interval_capped,1263653.4606407485
456,0,0.851688273481013,0.858389873060336,0.0067052294497472265,36,interval,1466588.8073021777
456,1,0.223069330439825,0.303498151190783,0.08044097324597745,398,interval,977545.5110264434
457,0,0.826056826611223,0.946126547893827,0.12013475613360718,604,interval,1272333.386739139
457,1,0.886992248950983,0.910840347268941,0.02385170167672075,117,interval,1849861.376700636
458,0,0.0144678698791565,0.879783653151868,0.8657844749831172,1000,interval_capped,1247319.4839355338
458,1,0.473205457752347,0.489169927416449,0.01596688183596114,83,interval,1261510.534721344
459,0,0.709766694932124,0.713720199209056,0.003955645662444138,17,interval,7319210.165748026
459,1,0.761083805852459,0.965320058373923,0.20426711185793542,1000,interval_capped,1849957.6400236548
460,0,0.197939948609607,0.637719567098839,0.44001782177360027,1000,interval_capped,2487883.2390341256
460,1,0.646765237465157,0.816636173849967,0.1698966032501089,872,interval,1092401.919706101
461,0,0.46870122308629,0.889753509936351,0.4212803466177306,1000,interval_capped,1534397.8317717728
461,1,0.217429835860043,0.532381569218366,0.3149993213912603,1000,interval_capped,2194109.575118588
462,0,0.538747127782672,0.587201426849627,0.048480543969388515,245,interval,1575907.4529620607
462,1,0.178308616020268,0.328205882421785,0.14991991531973267,729,interval,1998767.710657393
463,0,0.517435532992269,0.671084619194727,0.1537323090609873,820,interval,1121594.109921865
463,1,0.798671430652016,0.96069587440283,0.16204892504032353,798,interval,1280368.0908601165
464,0,0.468233138684969,0.989486254131093,0.521535448230242,1000,interval_capped,2058834.2872475837
464,1,0.0579267152868086,0.483058795674299,0.42519631626016985,1000,interval_capped,1901987.125983968
465,0,0.0133367097804951,0.221225789101852,0.20800168085948356,995,interval,1565386.0828785459
465,1,0.514396590588818,0.523907156189799,0.009512002611992918,53,interval,2664480.200064746
466,0,0.763899714554799,0.905398862469231,0.14157578985132827,695,interval,2616559.5710481596
466,1,0.433120461287097,0.646917696310252,0.21382953898844415,1000,interval_capped,1215322.9473570036
467,0,0.826254063435794,0.934093437337472,0.10789778427807477,535,interval,2246015.9326357003
467,1,0.176386952900051,0.914389194454296,0.7381137509420626,1000,interval_capped,1661699.9053343479
468,0,0.452538187158026,0.51184153828341,0.0593354723343218,300,interval,1026499.7376773078
468,1,0.850109011019375,0.94035592354319,0.09026054849590469,443,interval,1193163.1989348994
469,0,0.107065851377598,0.455662618545195,0.3487855819542957,1000,interval_capped,2264316.7022850704
469,1,0.597319740157315,0.792332533899411,0.1950422594483261,1000,interval_capped,1438667.2411409623
470,0,0.346147875145946,0.371883609176965,0.02574967359555104,125,interval,1665435.2779938322
470,1,0.660913046313054,0.793794698627414,0.1329017302367123,676,interval,1218186.8045658052
471,0,0.853014850489384,0.900094719273437,0.047105369236780936,229,interval,1058356.4113770416
471,1,0.585626683149186,0.818662523750939,0.23307105144863377,1000,interval_capped,1351021.0177204858
472,0,0.442943823452527,0.654007485197344,0.21117798277136007,1000,interval_capped,2116277.8158389702
472,1,0.0232362726215007,0.695084004919965,0.6719492459865223,1000,interval_capped,1161181.2797487848
473,0,0.414579011266358,0.880925356870243,0.4665989385538666,1000,interval_capped,1151697.5507173454
473,1,0.157774020367272,0.796415690616727,0.638738166625312,1000,interval_capped,2884617.722802195
474,0,0.0842784293271061,0.707947558737404,0.6240069350491654,1000,interval_capped,1800386.0775991068
474,1,0.689866779480403,0.691793720529533,0.0019272322027399573,15,interval,10258525.583045142
475,0,0.58918168151479,0.621851669163781,0.03268768309923716,184,interval,1661986.1667250798
475,1,0.323136787178486,0.40138667285252,0.07826170894008526,401,interval,1999129.5269772236
476,0,0.821129466598829,0.961394675251124,0.14034118223537814,704,interval,2840958.3707393506
476,1,0.110944646571495,0.262252646294037,0.15133086179730404,772,interval,1341940.2816009817
477,0,0.550671359706281,0.635707698075691,0.08508239765510371,450,interval,1170996.4338698601
477,1,0.617234896653607,0.650548622728891,0.0333187596551181,175,interval,1679315.9741113759
478,0,0.162944140963173,0.858469194489703,0.6959017793799918,1000,interval_capped,1035293.7270313677
478,1,0.295651315948233,0.713003734525708,0.41741547897225334,1000,interval_capped,1495415.0953659476
479,0,0.673230004036476,0.995193085805689,0.32213747062285336,1000,interval_capped,1402438.3660242083
479,1,0.333764215583213,0.625874167147769,0.2921540882894063,1000,interval_capped,1918428.076405101
480,0,0.11920871523606,0.162926015600119,0.04374097950718574,230,interval,2284459.4954688884
480,1,0.857367396531032,0.967822741856638,0.11047203471656568,533,interval,1145122.1340240026
481,0,0.0162112813110954,0.768818531813601,0.7530148944936594,1000,interval_capped,2001276.9310518517
481,1,0.118741482336755,0.707130359211631,0.58847778024097,1000,interval_capped,1340657.0202157565
482,0,0.205145680819453,0.681380039313944,0.47649230721142355,1000,interval_capped,1240925.086855284
482,1,0.562868717314145,0.60932115853399,0.046459460010563274,234,interval,1172512.7939013927
483,0,0.858389873060336,0.928603411542615,0.07025156911119054,353,interval,979159.9266862993
483,1,0.223069330439825,0.912206129167767,0.6892409247294929,1000,interval_capped,1247364.1711697895
484,0,0.473902858470814,0.605362712797792,0.13153105855688485,691,interval,1206166.959806563
484,1,0.159516514193945,0.239560831516406,0.08005641172044563,390,interval,1996071.2450163795
485,0,0.054901843809401,0.379915978317851,0.3251901759415932,1000,interval_capped,1232884.684971629
485,1,0.339238337194833,0.44763451276033,0.10841255382358146,576,interval,2936527.679026547
486,0,0.357010719134665,0.528112345753974,0.17119430251357057,875,interval,1028335.4436982729
486,1,0.708615742025371,0.765871869077373,0.05726477823937906,293,interval,2188437.638289425
487,0,0.223292423445048,0.475659873115466,0.2525041425794383,1000,interval_capped,1184861.2812546883
487,1,0.293392720946893,0.505106096757209,0.21174536491224563,1000,interval_capped,2267406.6158112143
488,0,0.779303687982162,0.878803985904412,0.09955419150158897,483,interval,1991219.886300748
488,1,0.62928614957811,0.846418428578367,0.21716508687825986,1000,interval_capped,1356791.8073602326
489,0,0.396079715432562,0.598987016700588,0.20301720446397303,1000,interval_capped,1252960.9730670105
489,1,0.0757346591451896,0.333522448651427,0.2578267402803355,1000,interval_capped,1142602.2103742734
490,0,0.168318317837459,0.193601514161905,0.02529689077537233,114,interval,1835976.633605431
490,1,0.938931356226674,0.953771411532301,0.014842297582667861,67,interval,1556965.7809538743
491,0,0.551686905988032,0.870573662804199,0.31905947940180224,1000,interval_capped,1181540.3748732572
491,1,0.0791013783666314,0.287513574930051,0.2084436868694701,1000,interval_capped,1772581.8684627116
492,0,0.101199256311383,0.928603411542615,0.8278523123967529,1000,interval_capped,1773100.0598235403
492,1,0.692798717448484,0.912206129167767,0.21944056336135925,1000,interval_capped,1564732.7551623993
493,0,0.211593197712747,0.463461103405931,0.2520043280280097,1000,interval_capped,1198675.3187463502
493,1,0.0177102244617005,0.205043168828048,0.1873612496759633,953,interval,1470457.5694537195
494,0,0.917520935121247,0.986118085791477,0.06863430579498106,350,interval,1181047.360244394
494,1,0.155471544051454,0.175472466055199,0.020003944068506935,100,interval,932013.0775099728
495,0,0.0799256696344341,0.240927891398172,0.16108942739219895,778,interval,1700102.14065166
495,1,0.160312406087776,0.617159452267496,0.4569160740655141,1000,interval_capped,1923786.658506349
496,0,0.0170945499088482,0.0490773657237527,0.03200013906375498,145,interval,1072644.2460213655
496,1,0.270272370999881,0.311971554571539,0.041705484162863245,217,interval,997833.0140712557
497,0,0.129675346727541,0.225460466837624,0.09583700139162626,442,interval,2441988.9659684347
497,1,0.776680435250617,0.994712121656608,0.2180646301811004,1000,interval_capped,1098427.938631672
498,0,0.198056526736185,0.359403986297253,0.16143485218495526,816,interval,2079150.489423254
498,1,0.140743468950457,0.295145119182732,0.15442497974609756,754,interval,1093618.7906030384
499,0,0.171376873229685,0.675390963549818,0.5042870857174517,1000,interval_capped,1481639.1456990044
499,1,0.0812472346270772,0.140765687997739,0.05952744638711286,307,interval,2431763.139765592
500,0,0.0371767413132426,0.526625326194241,0.48971369098311507,1000,interval_capped,1482713.9234507864
500,1,0.515833821607601,0.705167113515775,0.1893618994628471,969,interval,1011879.0872450625
501,0,0.712132319757625,0.809929511489141,0.09785016283634454,482,interval,1156086.137459964
501,1,0.777262713032767,0.848374381051217,0.07112241272642102,364,interval,1544900.0558185424
502,0,0.109308383904586,0.53278321476823,0.423704202783847,1000,interval_capped,1593651.5212761485
502,1,0.474233968602421,0.695176435468467,0.22097585044923299,1000,interval_capped,1603508.026475475
503,0,0.621851669163781,0.810935848711058,0.18918659555451478,935,interval,1310469.0682267186
503,1,0.319052464784995,0.323136787178486,0.004084939519380458,19,interval,1676534.787893883
504,0,0.763318611188913,0.797467451980669,0.03416733725155543,182,interval,1018825.2997022673
504,1,0.148677065073547,0.754012087871566,0.6054264866635956,1000,interval_capped,1835895.8879910999
505,0,0.676999800058378,0.85558555706991,0.17868248662807876,853,interval,1839043.9435621472
505,1,0.113833621252781,0.893495298109399,0.7797794808298255,1000,interval_capped,1707877.0418278074
506,0,0.488115927492314,0.768086328952615,0.28012204529814605,1000,interval_capped,1853282.1125954431
506,1,0.366815327443278,0.997563069621633,0.6308430458111047,1000,interval_capped,1716032.0458062983
507,0,0.627374725441368,0.894571836303518,0.26734183614432594,1000,interval_capped,1021686.1224623147
507,1,0.247021467360661,0.415018240571739,0.1680221568973073,855,interval,990852.4696955404
508,0,0.776205933825188,0.87119724740588,0.09504276490296817,467,interval,1106084.586639759
508,1,0.643826052046481,0.675653005365908,0.031831762253439526,175,interval,971067.0674692325
509,0,0.263417303112239,0.997232464082542,0.734212626369138,1000,interval_capped,2165127.85372957
509,1,0.490456159469022,0.644310640889469,0.15387772825910165,759,interval,1834984.784072439
510,0,0.359441787877794,0.78566147048019,0.4264505412506595,1000,interval_capped,1386693.7454349715
510,1,0.568350099096187,0.614725755891538,0.04638266398422895,246,interval,1237626.5682407056
511,0,0.927287663597825,0.9282559240504,0.0009687849034823282,10,interval,1978561509.627194
511,1,0.7861040001008,0.942150236520387,0.15606981442425236,788,interval,2006064.8278113205
512,0,0.205148992867707,0.513972427522144,0.3089907065181884,1000,interval_capped,1560233.8966729303
512,1,0.888140587066522,0.946545221626854,0.0584134592829125,273,interval,2289268.404044111
513,0,0.536919297588276,0.723428860528046,0.18661058442551093,953,interval,2016112.3282241088
513,1,0.0957082783688351,0.213244599293492,0.1175540802246355,608,interval,1722397.0072349932
514,0,0.0516675754411729,0.184784452072064,0.13318897837432173,650,interval,1065511.0716092738
514,1,0.0790681612856366,0.588199881491734,0.5092086481112473,1000,interval_capped,2095383.8056014772
515,0,0.243818173068314,0.560467381177459,0.3168207187435471,1000,interval_capped,1175179.9544970996
515,1,0.910642970905441,0.969503888551896,0.05886981131170903,272,interval,1197428.592840168
516,0,0.0820639189246344,0.521009938478272,0.43918377132548475,1000,interval_capped,1181573.2126158138
516,1,0.613264931818529,0.751418631864886,0.1381745745554702,725,interval,1283856.5804784065
517,0,0.426103668931437,0.777610584824097,0.35169730693927426,1000,interval_capped,2670402.9963988285
517,1,0.60115350052675,0.923655068187813,0.3225502964458216,1000,interval_capped,1160482.1798620415
518,0,0.566401943408,0.911445207104458,0.34523015375503774,1000,interval_capped,977996.6974524399
518,1,0.17150312196673,0.350995557852183,0.1795195565234626,890,interval,1001806.2733198191
519,0,0.804544660607768,0.883666334179637,0.07916452922437582,382,interval,1035898.9324281306
519,1,0.409221602843382,0.639523166839066,0.23033636170356153,1000,interval_capped,1316707.8423756284
520,0,0.773699677112677,0.848936605036133,0.07527767943303876,373,interval,2053300.2303669273
520,1,0.24348614227035,0.260048460135027,0.016564820369170827,70,interval,1096994.2560114402
521,0,0.777610584824097,0.880700827902839,0.10314608112456153,505,interval,1506144.1115453378
521,1,0.923655068187813,0.978335526145988,0.05468871997155271,255,interval,1095898.8203131596
522,0,0.0951853573080464,0.863324379850117,0.7685550791993788,1000,interval_capped,1754405.6681274087
522,1,0.14239073897495,0.17159080443488,0.029204477480978635,157,interval,2322617.729695616
523,0,0.0979489876132341,0.41954902220228,0.32177422680094336,1000,interval_capped,1930715.100185143
523,1,0.301989887359846,0.811539107015212,0.5096262106431265,1000,interval_capped,2361553.0896224426
524,0,0.419378322944328,0.677771830662174,0.2585334645953595,1000,interval_capped,1988086.3344849062
524,1,0.20656251073224,0.884071513653244,0.6776113720059509,1000,interval_capped,1391625.7572107424
525,0,0.509180785761672,0.796265169213268,0.28723988052366106,1000,interval_capped,2505538.435927207
525,1,0.467601011872128,0.485559089966142,0.017960791492675814,93,interval,1111946.3018438485
526,0,0.262544655973366,0.307343423125407,0.04482303206342531,226,interval,2446456.3429803727
526,1,0.331838186334893,0.966205473551879,0.6344631377494995,1000,interval_capped,1768462.8809730513
527,0,0.254874737968237,0.5047415346086,0.2500021350896954,1000,interval_capped,1539728.467851415
527,1,0.118692025535475,0.521518140139901,0.4028869801288205,1000,interval_capped,2418665.318608974
528,0,0.471288165682524,0.506757043466554,0.03548808923182297,180,interval,1227684.2842518205
528,1,0.120994818219546,0.210959985386901,0.08997876056877152,459,interval,1643752.301300567
529,0,0.464964655844575,0.60532787744412,0.14043924827059528,732,interval,1142428.9522247375
529,1,0.61601731218081,0.88356781366495,0.26759092736762774,1000,interval_capped,1934640.758393107
530,0,0.419378322944328,0.540944904416756,0.12163242708636449,620,interval,1264095.7614978703
530,1,0.20656251073224,0.477863621597874,0.27134210345221904,1000,interval_capped,1185424.2422112257
531,0,0.132673891339653,0.999312561137362,0.8671080780395359,1000,interval_capped,1469403.2826660892
531,1,0.261998984618968,0.55917002714701,0.2972159439648719,1000,interval_capped,1448336.9498846468
532,0,0.331191197784504,0.579089831239557,0.2480329058637705,1000,interval_capped,2383506.4703103662
532,1,0.159330167563414,0.180602849653544,0.021275896313100534,116,interval,1277463.260515572
533,0,0.0231265801225737,0.203140693282009,0.18011161643422216,860,interval,1004783.9084630891
533,1,0.375152379977111,0.622173012055377,0.24705795597501104,1000,interval_capped,2352061.4386996487
534,0,0.340414639966257,0.48785487697374,0.14752009689008486,764,interval,981284.5022904763
534,1,0.679415068734122,0.735870956115088,0.0564644176551116,296,interval,1174544.1572197983
535,0,0.764784267625678,0.880700827902839,0.11597934560010423,575,interval,1912455.3768688797
535,1,0.290365982859807,0.978335526145988,0.6880734929197857,1000,interval_capped,1243144.9324065822
536,0,0.174909416757877,0.205148992867707,0.03025595514615735,128,interval,2192414.9959308244
536,1,0.791254505467813,0.888140587066522,0.09690072072449864,506,interval,1114049.2062539798
537,0,0.473944863079265,0.935182489339084,0.4614874521108367,1000,interval_capped,2362879.0671812803
537,1,0.231641072531096,0.535344607107086,0.30374942304801855,1000,interval_capped,1532828.2135547954
538,0,0.0861070433637504,0.176240804037266,0.09018258093921742,460,interval,2300485.8465820714
538,1,0.651985617547371,0.906778015052713,0.254830895686874,1000,interval_capped,1155187.2277045154
539,0,0.194653107317348,0.234632805487098,0.04000135286908509,172,interval,1591331.004559752
539,1,0.283646016739339,0.748342682819084,0.46476688001384675,1000,interval_capped,2361804.5347626507
540,0,0.013736988322504,0.29136637973203,0.27777976725708825,1000,interval_capped,2910154.7270811065
540,1,0.387815620790248,0.46626667418127,0.07846290705276542,411,interval,1402011.7491789802
541,0,0.377930640214531,0.813901621257462,0.4362071214078038,1000,interval_capped,1200657.0559974979
541,1,0.332882602101902,0.866506821678184,0.5337048482067916,1000,interval_capped,2280753.5172359385
542,0,0.718654194729309,0.846522228512643,0.12793729253097114,623,interval,2819719.1043387596
542,1,0.832100830518737,0.860223969953802,0.028127388736605537,147,interval,1237456.2648255848
543,0,0.536756138622602,0.699893621237514,0.16322584479116733,849,interval,2807294.652364818
543,1,0.126244404224255,0.236184834382317,0.1099570417472592,556,interval,1142852.5417328512
544,0,0.38865357378842,0.923309778566763,0.5349457972438227,1000,interval_capped,1593308.9177570252
544,1,0.0331887725321511,0.0940749448192246,0.06089537196075469,281,interval,2133724.7875457434
545,0,0.330004918068736,0.607694330440453,0.2778398207291767,1000,interval_capped,1813782.430514158
545,1,0.141007172625036,0.716379150455885,0.5754589143920174,1000,interval_capped,1841566.042858865
546,0,0.580995791012583,0.912876398123665,0.332060367716868,1000,interval_capped,1300085.3756763062
546,1,0.552946172369464,0.881418945934805,0.3285224045770543,1000,interval_capped,2044977.8400780666
547,0,0.624185575510555,0.677322820771082,0.0531660266451369,281,interval,2059085.6341883307
547,1,0.0483441878375355,0.56619118778709,0.5179252447009877,1000,interval_capped,1076896.4568613518
548,0,0.11961085978105,0.579089831239557,0.459727844747532,1000,interval_capped,1592742.3238917242
548,1,0.180602849653544,0.409260685655554,0.22869238534871467,1000,interval_capped,1598453.89342222
549,0,0.419280920149198,0.809289540451333,0.3902198655040091,1000,interval_capped,2369328.262818404
549,1,0.289692271408933,0.3513909766984,0.06170802773385619,334,interval,1754074.2713275612
550,0,0.100404420305119,0.177132845673763,0.0767699847364701,396,interval,2443847.941821598
550,1,0.541265886837754,0.731881159688031,0.19064407410749196,979,interval,1642139.5465064642
551,0,0.243751386865209,0.287184334120409,0.04345647238062878,220,interval,1512193.9980680875
551,1,0.253020111094767,0.503231733902037,0.25024942885081985,1000,interval_capped,1050037.1161382706
552,0,0.174909416757877,0.820345203085441,0.6457853817105429,1000,interval_capped,2221403.576332457
552,1,0.791254505467813,0.923443000465996,0.13220846818704865,674,interval,2286891.683041496
553,0,0.106986946536788,0.267676259721791,0.16077634932891305,789,interval,1347851.1601419768
553,1,0.173024392373677,0.660073014096333,0.48712221295393915,1000,interval_capped,1354402.0268930672
554,0,0.610503354427111,0.611546413994597,0.0010436245327647522,10,knn_fallback,1187248.190388175
554,1,0.697597624623428,0.823783889260632,0.1262053309114351,640,interval,957595.3301517728
555,0,0.311659193265484,0.52619626952573,0.2146532786353344,1000,interval_capped,1311283.1787017928
555,1,0.359140989670353,0.641953216677534,0.28285495888050766,1000,interval_capped,1068640.13961696
556,0,0.714851907511908,0.943174795403324,0.22844655724648763,1000,interval_capped,1278926.4692006116
556,1,0.329998121865532,0.599725460102458,0.26976809303233296,1000,interval_capped,1812724.0479698782
557,0,0.0645449689238289,0.612035907834251,0.5477874832119938,1000,interval_capped,1796310.0036799181
557,1,0.0195217275774737,0.47928880887367,0.4598365503884121,1000,interval_capped,1025340.2361306481
558,0,0.679261749049802,0.779076907427003,0.09986922249830982,471,interval,972519.2477440608
558,1,0.00467008165636088,0.0999908162762268,0.0953351372275618,440,interval,1079425.7994844394
559,0,0.124026676194799,0.932519240989434,0.8089304786410815,1000,interval_capped,1778355.407036765
559,1,0.580562965617277,0.871082030266607,0.2905629609970974,1000,interval_capped,1238724.7835003878
560,0,0.374239819195631,0.893559748301453,0.5196012147942672,1000,interval_capped,1387994.442484839
560,1,0.255743545108726,0.798461942329086,0.5428003999472134,1000,interval_capped,2261156.2222096417
561,0,0.276919191183648,0.620583794361926,0.3438507464958774,1000,interval_capped,1496808.5398295694
561,1,0.224097803500225,0.8682154643406,0.6442149846179988,1000,interval_capped,2656452.003379313
562,0,0.526997081569822,0.727956464193485,0.20106823074429683,1000,interval_capped,1313892.263985053
562,1,0.0675967090932146,0.455766308244455,0.3882282501307816,1000,interval_capped,1630726.0838222618
563,0,0.150887070676611,0.401403908698858,0.2506525285615481,1000,interval_capped,1771480.02437248
563,1,0.912411259860826,0.997165356034145,0.0847669022013324,383,interval,1326197.3550799682
564,0,0.212180463890441,0.651424114739022,0.43948156383015446,1000,interval_capped,1991710.6696707977
564,1,0.068444228008668,0.202465630042876,0.1340416521684946,678,interval,1432890.1193727127
565,0,0.224793494389291,0.584385676911731,0.359786952892209,1000,interval_capped,2193716.480698487
565,1,0.571118946501598,0.710192165519002,0.13909423246240626,732,interval,1456339.7412504137
566,0,0.192190308223069,0.518838344438904,0.3268249626394067,1000,interval_capped,1643417.5069532332
566,1,0.125749881004961,0.663752314583771,0.5380837237411359,1000,interval_capped,1928474.7674148357
567,0,0.500077474411373,0.899531878666329,0.39967076569384163,1000,interval_capped,1862003.8269648042
567,1,0.18060366806327,0.970896399301204,0.7904121415238315,1000,interval_capped,2470361.9251159374
568,0,0.408626133070308,0.46380608150888,0.055209836237816744,273,interval,2262671.756346286
568,1,0.705598653263414,0.803329701356772,0.09774581489043532,493,interval,1285749.0689771373
569,0,0.248760041431848,0.883294913056129,0.6348785626097484,1000,interval_capped,1362870.4886261062
569,1,0.0249407148433046,0.194854008214471,0.16993896663644806,870,interval,1795130.743474538
570,0,0.210223176919927,0.233603508438502,0.023392995297256858,95,interval,1665507.4618896137
570,1,0.203682067967549,0.297969379732829,0.0943015582266346,444,interval,1025656.2384001628
571,0,0.496653105396991,0.704211773359995,0.20767109053633226,1000,interval_capped,2340740.6893514534
571,1,0.0972037873936145,0.121137468506668,0.023937297403057597,137,interval,2363739.5106331757
572,0,0.100404420305119,0.568606236591808,0.46845541423824894,1000,interval_capped,2326914.589735082
572,1,0.267918124356865,0.541265886837754,0.27338906430890425,1000,interval_capped,1315273.7325009396
573,0,0.421214482613725,0.531806305480073,0.11065172408578498,564,interval,976340.5316573627
573,1,0.00489595935639704,0.632639151566395,0.627838041866447,1000,interval_capped,1362671.9711774264
574,0,0.064161707239308,0.481793897134481,0.41785839719334816,1000,interval_capped,2722369.426582638
574,1,0.648834498870962,0.712640511645667,0.06381565362540025,332,interval,1281155.8625310613
575,0,0.738130263209478,0.779876922284848,0.041769270835635905,206,interval,1347487.4133590797
575,1,0.867929046579582,0.898442118816854,0.030517682648750443,153,interval,1228639.3167319084
576,0,0.804128133587324,0.866661300065563,0.06256703709208918,295,interval,1987746.5007602174
576,1,0.179891714526396,0.997994237414194,0.8182261351295538,1000,interval_capped,2208215.445101192
577,0,0.00177579090696088,0.0283960161725594,0.026634643908078296,120,interval,1886727.4220323884
577,1,0.886560630787261,0.971948124371495,0.08540039531623528,405,interval,1325000.3106436778
578,0,0.101325624691674,0.888391685545834,0.787492369197767,1000,interval_capped,1108203.8190252532
578,1,0.700126009982629,0.967768466353973,0.2676828961488725,1000,interval_capped,1392182.565793905
579,0,0.261226585257603,0.853266928679555,0.592361017569531,1000,interval_capped,1568624.0710921716
579,1,0.0279048271662399,0.177716740741981,0.14983454959746295,765,interval,1670964.225593055
580,0,0.0255263817238789,0.408808945945996,0.38349016630688953,1000,interval_capped,1262803.3154833494
580,1,0.145522192186868,0.836250078681466,0.6908322529035797,1000,interval_capped,1426044.7278942082
581,0,0.308981210092678,0.876923970106927,0.5682503818891175,1000,interval_capped,1864128.706321764
581,1,0.0757284608742364,0.407146771595748,0.3314683867929098,1000,interval_capped,1475760.7969613816
582,0,0.00752811071358883,0.0615589289052546,0.05406008357325524,263,interval,1517668.9526925709
582,1,0.262556244524066,0.398961082417228,0.1364254481557227,693,interval,1941641.8574712097
583,0,0.358387365225511,0.781960946743188,0.42380300692542033,1000,interval_capped,1619634.408864602
583,1,0.409987506181367,0.670207670163533,0.2602594822789808,1000,interval_capped,937714.9184367511
584,0,0.352373197733531,0.952490107587784,0.6004419586125908,1000,interval_capped,1568081.8900845428
584,1,0.475719751059248,0.788128942085802,0.31245639489082216,1000,interval_capped,1838487.8374182018
585,0,0.482776374925522,0.768310846760578,0.2856891294092863,1000,interval_capped,1555293.3195562314
585,1,0.525513532135332,0.762743984292361,0.2372662967940805,1000,interval_capped,2311953.73959304
586,0,0.652939036717109,0.827824509911943,0.17498019858080444,856,interval,1221207.7571088846
586,1,0.0996630254752573,0.55733286514832,0.4577389918798867,1000,interval_capped,2162662.372621045
587,0,0.0525655760641083,0.182089983185057,0.12959456303060193,630,interval,1395613.5247878619
587,1,0.388244709475593,0.85702151900883,0.4688476399618059,1000,interval_capped,1747820.2333146024
588,0,0.684315010959148,0.768310921256757,0.08404140604335349,379,interval,1520883.021602112
588,1,0.110458533373046,0.657314420378856,0.5469385148919477,1000,interval_capped,1881203.9412773924
589,0,0.560467381177459,0.626344298932478,0.06591259948630801,361,interval,1902560.374037285
589,1,0.860176126749109,0.910642970905441,0.050474469508370326,258,interval,1370864.7100132762
590,0,0.485188946694402,0.865103083873484,0.3801199147809747,1000,interval_capped,2499159.482947527
590,1,0.0390203298061645,0.201561686992682,0.16256591657972036,815,interval,2028080.2257504829
591,0,0.0123564474605107,0.0497434945837388,0.037407297532849576,183,interval,1795818.2154579186
591,1,0.183679160729075,0.259751821688055,0.07608415525449233,346,interval,1956626.8215127492
592,0,0.230386518804275,0.319454043337327,0.08911576728006065,457,interval,1760455.570797775
592,1,0.269743649674964,0.418030723119648,0.14830947906874586,775,interval,1062046.3424263706
593,0,0.867370018373544,0.876923970106927,0.00955912655864984,50,interval,1377909.5426960126
593,1,0.270124712402056,0.407146771595748,0.1370427627160906,695,interval,1119571.6145554911
594,0,0.319405665411088,0.42986683207037,0.11052099710977852,591,interval,2448492.659188798
594,1,0.108382956569149,0.177473477765689,0.06910096051675996,378,interval,1063559.6048168507
595,0,0.321773695757172,0.856051299507123,0.5345669911490644,1000,interval_capped,1963220.040687089
595,1,0.23828227326148,0.582401494905827,0.3441712167760434,1000,interval_capped,2322253.409491638
596,0,0.843331713426265,0.9282559240504,0.08497020917668856,425,interval,1684939.3017737786
596,1,0.772157437225149,0.942150236520387,0.17001848457356847,860,interval,1161458.7283008872
597,0,0.691740063074177,0.845056592744199,0.1533995724018357,726,interval,2416112.82425038
597,1,0.428323575385927,0.747107354569994,0.3188319462248447,1000,interval_capped,2581747.3447041
598,0,0.0495298373055554,0.171807538381643,0.12234393186254693,610,interval,2079156.0651753012
598,1,0.484394066980618,0.507113786115378,0.022723151999634254,108,interval,1536879.6928895835
599,0,0.198036022458044,0.928412053178575,0.7307716333406323,1000,interval_capped,1872549.5534688814
599,1,0.251757495066651,0.865211031291047,0.6135462267670898,1000,interval_capped,1336183.707685807
600,0,0.307181138906906,0.727757856253266,0.4208045195254261,1000,interval_capped,1064390.0585553576
600,1,0.160454285205689,0.665841495400601,0.5054635723185567,1000,interval_capped,1331098.4834845886
601,0,0.298238827950988,0.467097126045712,0.16894975890715816,873,interval,1364879.4424289055
601,1,0.217889403710286,0.827815029407254,0.6100177831855313,1000,interval_capped,990741.9414959821
602,0,0.665592036962615,0.688437047841815,0.02285738470553043,128,interval,1013867.7062426648
602,1,0.339168337836448,0.695462961551124,0.3563484585042417,1000,interval_capped,1252337.0820682016
603,0,0.184678578986105,0.67144434866874,0.4870294226583113,1000,interval_capped,1201806.128471905
603,1,0.23609058758987,0.821738780672923,0.5857366823420418,1000,interval_capped,1894950.995469947
604,0,0.37945183059415,0.96716109891277,0.5880275965723215,1000,interval_capped,1869550.277765802
604,1,0.713014033532797,0.828844702722412,0.11584817077197412,592,interval,1893627.2207589084
605,0,0.30619525049623,0.559730925935895,0.25367300110928503,1000,interval_capped,990517.7408293368
605,1,0.663609032128115,0.829524298243778,0.165940335293929,849,interval,1419485.6790589732
606,0,0.478189605823128,0.528229907381581,0.05006740550706931,255,interval,1928260.8905491817
606,1,0.580427109088205,0.893895207353892,0.313515462126892,1000,interval_capped,1121187.5044770238
607,0,0.366528511302256,0.858228118941541,0.49196593299075225,1000,interval_capped,1066965.5520269254
607,1,0.227068794801535,0.561528034951673,0.3345097756946379,1000,interval_capped,1115728.806144073
608,0,0.783634659054376,0.899697702677593,0.11612590828775007,563,interval,1942611.6196614155
608,1,0.021405230991473,0.655193531830103,0.6338840638884599,1000,interval_capped,1225187.240437598
609,0,0.232579767367235,0.658808382258768,0.42645947837790305,1000,interval_capped,1100525.4826495098
609,1,0.116955598573849,0.383613408333111,0.26669810076035755,1000,interval_capped,1837035.4115026258
610,0,0.236433196442921,0.490872541838378,0.2545771605310331,1000,interval_capped,963387.7345166121
610,1,0.187403270093389,0.756026859114801,0.5687095059261859,1000,interval_capped,1006634.945541608
611,0,0.33574232116183,0.872570704235805,0.537119152083302,1000,interval_capped,2925188.5223985706
611,1,0.410341792226378,0.606947323553437,0.1966352376900012,997,interval,1266179.1544619363
612,0,0.415852372029757,0.42986683207037,0.014022050866267446,73,interval,2769126.2486350294
612,1,0.177473477765689,0.346825837608471,0.1693779483530984,841,interval,2708334.580202348
613,0,0.0888803924062656,0.664820858107609,0.5762524194726482,1000,interval_capped,995229.8917484786
613,1,0.554924951944253,0.650383287439199,0.09547275889362129,478,interval,1703757.4286643476
614,0,0.423446387673919,0.633186992056772,0.20985420878544217,1000,interval_capped,1171005.553563228
614,1,0.204912505862296,0.23845533432576,0.033547896659814926,163,interval,1500209.137549283
615,0,0.333366062450088,0.405835487637043,0.07250867769973658,377,interval,1619956.4257243727
615,1,0.232289384182238,0.440214458970079,0.20795649149160694,1000,interval_capped,993338.2657205395
616,0,0.0706896389709566,0.23414720096026,0.16354609753411659,780,interval,1196998.8238570725
616,1,0.849381667053661,0.907014442809959,0.05764148385389033,302,interval,1338474.882021435
617,0,0.27679425824072,0.334949258727585,0.05818649970041655,295,interval,2536446.046270537
617,1,0.115915724213124,0.271812084269278,0.15591991541505945,780,interval,1835748.2655649767
618,0,0.868916623555854,0.954913788894398,0.08604374504885527,449,interval,1237818.3328577296
618,1,0.833885196595075,0.944757566998624,0.11088912280544357,550,interval,1729778.0380209044
619,0,0.727956464193485,0.875921369727046,0.14804504959887813,717,interval,1750777.1070785923
619,1,0.00180125125151682,0.0675967090932146,0.06580539929012705,310,interval,1308130.3362668115
620,0,0.634508033970839,0.70968440655429,0.07521709129369453,369,interval,2235936.3806472914
620,1,0.630072447341822,0.704387837806552,0.07432661924322084,387,interval,1433226.313979982
621,0,0.464002105274499,0.729643195323154,0.2657849725239961,1000,interval_capped,1450505.2809580592
621,1,0.304859452553194,0.390908808661691,0.08606235784545856,444,interval,2899406.270532367
622,0,0.205610951615841,0.531434921782851,0.3260004502414762,1000,interval_capped,1384327.785405891
622,1,0.630828479333282,0.831016756444209,0.20021852481340266,1000,interval_capped,1639750.356434542
623,0,0.198355484336916,0.42835648147613,0.23012557542939202,1000,interval_capped,1140475.9930438998
623,1,0.115921106597949,0.81126149093382,0.6954454476760837,1000,interval_capped,1089974.7591289876
624,0,0.724529149278796,0.865430573403405,0.14097774230896226,684,interval,1659045.2517867303
624,1,0.0158364601592194,0.0891303861568347,0.07330500043663263,352,interval,1388158.0848989717
625,0,0.585512593666655,0.966721007781925,0.38141489275241797,1000,interval_capped,1429953.4417596296
625,1,0.048849104316619,0.461666670766841,0.4128799416457475,1000,interval_capped,1762545.3483207468
626,0,0.0139377478099412,0.987769251958859,0.9743589725739131,1000,interval_capped,1781545.5138798153
626,1,0.519447885818128,0.928980049970448,0.4095940429358046,1000,interval_capped,1230003.7110803565
627,0,0.83691893711209,0.927984857214056,0.0911152452647301,449,interval,2128187.8705322617
627,1,0.0224984288157258,0.486758898489243,0.46433061769996786,1000,interval_capped,1477785.430607113
628,0,0.032871392334281,0.585439108764955,0.5528670105301636,1000,interval_capped,1029245.9188230839
628,1,0.438515459559001,0.476780033325938,0.03827035540140311,188,interval,1284033.314508528
629,0,0.030112833051174,0.25724997824949,0.22726017230487933,1000,interval_capped,1899234.0195542786
629,1,0.239920368231836,0.284331510489284,0.04441785261550192,193,interval,1900347.6098564349
630,0,0.620583794361926,0.99773352299493,0.3773540089140402,1000,interval_capped,1834773.5002354844
630,1,0.806571003825182,0.8682154643406,0.061653774763624054,330,interval,2193687.2777752797
631,0,0.634164920093066,0.827545554242353,0.19348537729847115,943,interval,2119060.9309180453
631,1,0.109694942088948,0.556782982264191,0.44715559351160616,1000,interval_capped,2000443.3576335388
632,0,0.193350274434295,0.229816002151098,0.036485479100777665,158,interval,1005566.4282602788
632,1,0.393399874687036,0.433451699870075,0.04005787686453213,221,interval,1424838.1261770064
633,0,0.273946239977262,0.943428845589739,0.6698452257721655,1000,interval_capped,1619760.0775431436
633,1,0.488437498368639,0.697237767358063,0.20883181793177155,1000,interval_capped,1271267.6451285165
634,0,0.0815937289718986,0.797659296123722,0.7164534186182114,1000,interval_capped,1890730.583010104
634,1,0.791549021555559,0.930882076573969,0.13935410772366358,699,interval,1500739.906028875
635,0,0.443733313791041,0.925446310188281,0.4819739125767094,1000,interval_capped,1059826.9130888218
635,1,0.186751319659854,0.724062483472703,0.5373923495268897,1000,interval_capped,1804790.6789790478
636,0,0.690142639827034,0.70914246547732,0.01901011676129253,74,interval,2157755.5250282674
636,1,0.455668886814592,0.461481176618318,0.005813168019050207,38,interval,2723763.9739813064
637,0,0.631997893215863,0.901809305876546,0.26995755395953763,1000,interval_capped,1587001.188366701
637,1,0.150008155822087,0.39299419993544,0.2430227583988953,1000,interval_capped,2294814.885164362
638,0,0.472108125364358,0.49981747208836,0.027724355280833377,140,interval,1666383.2213724833
638,1,0.0590038627181506,0.856317144211273,0.7974337525579946,1000,interval_capped,2672037.478650873
639,0,0.41053450825929,0.928412053178575,0.5181580493513096,1000,interval_capped,1413440.6182369147
639,1,0.862542852106789,0.865211031291047,0.0026685823361871737,15,interval,2476747.089399504
640,0,0.569323663878234,0.729228202091529,0.15999114928981256,821,interval,1248465.0989833325
640,1,0.166320567312878,0.977873377033811,0.811675432325443,1000,interval_capped,1254697.1163108933
641,0,0.155512856396821,0.860402222139234,0.7052711637043397,1000,interval_capped,1765039.7465606846
641,1,0.307934099565729,0.849600354040812,0.5417480982270895,1000,interval_capped,1526629.7686098183
642,0,0.401880541882854,0.988318133759655,0.5867552313366331,1000,interval_capped,2352511.2153656
642,1,0.451631618897353,0.904748944299388,0.453185789740922,1000,interval_capped,1348822.2784711227
643,0,0.472438198755397,0.841027517341007,0.3687889621856744,1000,interval_capped,2225696.425452859
643,1,0.4868285286967,0.804440104930436,0.3176595661590173,1000,interval_capped,1845038.4684230501
644,0,0.15327743599847,0.333977391357,0.1807978301145259,893,interval,973933.9248619607
644,1,0.34282540666271,0.35275274727187,0.009928840593322186,54,interval,2752100.405482011
645,0,0.177132845673763,0.563090787978518,0.3861669934877108,1000,interval_capped,2641705.3217242933
645,1,0.731881159688031,0.77513985149352,0.043265228032575355,214,interval,1382599.7985262845
646,0,0.0434150668491478,0.152609913771748,0.1092539914806459,547,interval,1239943.6364350643
646,1,0.0413807023091332,0.0551273274842782,0.013748702238968832,65,interval,2184182.379605569
647,0,0.331191197784504,0.634865374619177,0.30383865964210355,1000,interval_capped,1739889.4519706925
647,1,0.159330167563414,0.239992843241724,0.08067486350793729,397,interval,1728459.2072083803
648,0,0.341728408999539,0.927151129143495,0.5857398099062353,1000,interval_capped,1136424.8460444806
648,1,0.709215905578967,0.815097879552424,0.1058979723450525,530,interval,1156238.2303419942
649,0,0.351300338741008,0.464155301576581,0.11291608986755561,579,interval,1742656.7932257173
649,1,0.359775837569111,0.866570920113769,0.506871657392567,1000,interval_capped,1428109.042358669
650,0,0.161456159386499,0.246257106578248,0.08484687897960223,400,interval,1367790.89906753
650,1,0.371403328612774,0.769113807836413,0.39777057179459585,1000,interval_capped,1542209.1988842252
651,0,0.101216322959397,0.142461764899988,0.04126778222040937,207,interval,1821062.350166104
651,1,0.127958636032268,0.183043617613242,0.05509330471636326,301,interval,2627826.731451936
652,0,0.568966438617491,0.855217802037506,0.28640640929311795,1000,interval_capped,1041331.6291650146
652,1,0.36207017245415,0.569313603873131,0.2072747451289747,1000,interval_capped,1821865.1119479206
653,0,0.0788726612580592,0.34210629943704,0.2633762166763333,1000,interval_capped,1000751.2270168131
653,1,0.660740530933156,0.747658957098504,0.08693155921555581,450,interval,2283118.3310133917
654,0,0.869352915348468,0.875754459965647,0.006405011965115872,33,interval,2474975.147053361
654,1,0.149332983649793,0.96141393742236,0.8122036561776746,1000,interval_capped,1044563.304526508
655,0,0.0926397159498601,0.913935073071919,0.8217402055035617,1000,interval_capped,1065281.5904537623
655,1,0.396882510896763,0.613872140683722,0.2170224161111974,1000,interval_capped,1851952.7405334602
656,0,0.548174136177735,0.827885952120402,0.27986331971963374,1000,interval_capped,1511853.9793904414
656,1,0.722356642046883,0.789491352243082,0.06714485400066701,341,interval,1368260.7081282297
657,0,0.126466484031147,0.407976617037086,0.2816626108276609,1000,interval_capped,2143298.938934786
657,1,0.413272916844145,0.749517579200134,0.336295467671129,1000,interval_capped,1310476.639516619
658,0,0.674060848433495,0.864952835526333,0.19099538228527843,915,interval,1864270.1090756787
658,1,0.306942655066908,0.468709193471399,0.161790980725464,847,interval,1186607.116843745
659,0,0.504352104855687,0.659662890954406,0.15539490900435432,829,interval,1255302.1817383463
659,1,0.66988428008182,0.827097697913583,0.15723717219318908,797,interval,1788818.4163293634
660,0,0.667215207859832,0.927686288205275,0.26061216252436337,1000,interval_capped,2314239.792441968
660,1,0.23550303847858,0.544992359297355,0.30953608350153855,1000,interval_capped,1049440.0238541889
661,0,0.227908447879184,0.782692337052944,0.5550843836463547,1000,interval_capped,1484215.201028449
661,1,0.272257354836457,0.592705721834118,0.3204967855514526,1000,interval_capped,1344263.0482644353
662,0,0.4799454675338,0.576383993593436,0.09649076125354045,488,interval,1894127.3133708276
662,1,0.47817202265437,0.77351059090243,0.29538319280485664,1000,interval_capped,1361173.7553640099
663,0,0.496385039272212,0.578211233020997,0.08187051428406869,418,interval,2473234.4038826614
663,1,0.0662899634018981,0.152526464206258,0.08624953081818747,445,interval,1609154.61717602
664,0,0.0146728000818621,0.0352133401685838,0.020551665713980562,95,interval,1602796.666308386
664,1,0.155963742123275,0.901533639287615,0.745682549996712,1000,interval_capped,1205649.4742752095
665,0,0.544682523686402,0.706881581965978,0.16228691216542984,827,interval,981107.2295001547
665,1,0.35150684932944,0.416660421473111,0.06516341660556393,335,interval,1335027.25768039
666,0,0.339479730696199,0.880860114250605,0.5416736181201601,1000,interval_capped,1377096.446818204
666,1,0.451791722622844,0.984654580011512,0.5329433709801891,1000,interval_capped,1433723.2178361586
667,0,0.463885515385788,0.82502933301872,0.36133942843405314,1000,interval_capped,1431840.0244206123
667,1,0.0135746704580233,0.303933408591523,0.2904026102565282,1000,interval_capped,2065877.470332696
668,0,0.336971496010296,0.697139973495197,0.36036356000045167,1000,interval_capped,1850619.0262106534
668,1,0.387579073354458,0.412371310139276,0.024795982799383876,121,interval,2556067.479833606
669,0,0.782192215299104,0.864952835526333,0.08280544688750531,400,interval,1955635.3422586177
669,1,0.176394198113613,0.468709193471399,0.2923591630639892,1000,interval_capped,1068980.0094794598
670,0,0.345909195846341,0.505973953197743,0.1601514552093966,805,interval,1491580.639907371
670,1,0.737063457522313,0.767246852676583,0.03018795575277015,144,interval,2335839.313002579
671,0,0.296926158534212,0.510911798832218,0.21410154399200107,1000,interval_capped,1894984.7487154305
671,1,0.776683979104035,0.87626160755604,0.09959267426049148,513,interval,1047607.6485564027
672,0,0.446783320539586,0.475659873115466,0.028892193340880473,144,interval,1282276.6041448964
672,1,0.291357153123848,0.293392720946893,0.0020358753897555255,12,interval,4840367885.363662
673,0,0.0146728000818621,0.455393391257663,0.4409593041308656,1000,interval_capped,1913454.7586401291
673,1,0.510879855721876,0.901533639287615,0.3907128098962855,1000,interval_capped,1203623.2321729872
674,0,0.287184334120409,0.416859546181262,0.12974544965285453,684,interval,1025033.8613670933
674,1,0.253020111094767,0.690368347677354,0.43741431827093213,1000,interval_capped,1434732.4078025776
675,0,0.819773489324461,0.858092571889422,0.038339837804488235,186,interval,1678048.0294266217
675,1,0.540783676334838,0.618609225301045,0.07783730811656336,397,interval,2397904.7115263348
676,0,0.466058764877877,0.898617986578267,0.4327935141117727,1000,interval_capped,2587992.914346849
676,1,0.419635882852158,0.838839156958566,0.4192666141585578,1000,interval_capped,2208616.4359973473
677,0,0.387035283365355,0.52700028113153,0.1400408087423158,710,interval,1586273.886462246
677,1,0.182863611955708,0.220216758068958,0.037358790034394976,164,interval,1164213.6723552418
678,0,0.567888671171215,0.811651252653639,0.24389461363005893,1000,interval_capped,1146302.9180315642
678,1,0.103982461617596,0.934891192141792,0.8310342777361908,1000,interval_capped,1393800.4866515258
679,0,0.638548851202865,0.79807399395322,0.15961154833020655,779,interval,2338175.978758856
679,1,0.00961045386552109,0.357658704410069,0.34810083933786573,1000,interval_capped,2650071.5432677846
680,0,0.079983524693926,0.437978699818991,0.35818908048792775,1000,interval_capped,1907652.5760818643
680,1,0.344893377393628,0.497746817026257,0.15287653521760086,793,interval,1777847.8590322442
681,0,0.49420997946729,0.610798167208734,0.11665133684629331,617,interval,976011.3284582334
681,1,0.555433967560848,0.654811601145238,0.09939264917439745,500,interval,1908128.8092247231
682,0,0.500077474411373,0.693159595850909,0.19318670290158219,1000,interval_capped,1357840.1291418136
682,1,0.923218176189133,0.970896399301204,0.04768542711386401,221,interval,1345172.7095320048
683,0,0.351976241921962,0.375913912043794,0.023950635778727917,120,interval,1773585.7223044813
683,1,0.059795996984329,0.554905774446539,0.4951845867040776,1000,interval_capped,2251831.903992934
684,0,0.58918168151479,0.711048243627058,0.12193257020843563,629,interval,954944.3322539821
684,1,0.40138667285252,0.712850882626194,0.3115112708547973,1000,interval_capped,1203356.6063437285
685,0,0.201902167856005,0.342460698165239,0.14063466276776096,713,interval,1472600.4349096103
685,1,0.0891209975278928,0.228892014605983,0.13979213595777842,709,interval,1443863.764369288
686,0,0.354965663211873,0.815363073074579,0.46064678061690484,1000,interval_capped,1828703.7381052573
686,1,0.803730231265657,0.957654126932062,0.15394715299329345,769,interval,1893829.1557034124
687,0,0.52026566900804,0.975950002153249,0.4559311510972624,1000,interval_capped,2211386.2791461083
687,1,0.0806798801316166,0.708101597128296,0.6275165180794219,1000,interval_capped,2004416.4246319926
688,0,0.0486634713472849,0.144063788629456,0.09545199013819033,470,interval,1082993.4322832348
688,1,0.631161174095825,0.730466539266721,0.0993203698414156,518,interval,1180726.064360474
689,0,0.378713992725951,0.865051672275183,0.4866011006531445,1000,interval_capped,1441616.9544697104
689,1,0.301292900168666,0.597612988070831,0.29636486076292273,1000,interval_capped,1777660.4982715268
690,0,0.343598684171421,0.812976328743723,0.46963187940230683,1000,interval_capped,1115612.3999247756
690,1,0.627063792861383,0.961020697627537,0.33400736440964973,1000,interval_capped,1547068.7490712714
691,0,0.62346268412341,0.703158519402846,0.07973900192226328,397,interval,1449383.0494245482
691,1,0.59878947908675,0.918135891030505,0.3193946639962455,1000,interval_capped,1831572.787491873
692,0,0.638738192698659,0.998664934990634,0.36012169387349774,1000,interval_capped,1227057.2255417518
692,1,0.609320106755615,0.689360768347622,0.08005275543762445,418,interval,1800993.7036876576
693,0,0.597948113802574,0.686094163296279,0.08819379313076953,471,interval,1618462.112545467
693,1,0.900480586828025,0.90478577276222,0.004305836431742249,28,interval,1666329.6966397979
694,0,0.255325252805375,0.625061123970583,0.36993613578675383,1000,interval_capped,2316359.2071745787
694,1,0.206170150418753,0.276443921987507,0.07028438967369466,326,interval,2131220.252118991
695,0,0.0267410157323872,0.153591060943058,0.12691875257254273,610,interval,2213762.129016327
695,1,0.592338566664636,0.891662243247764,0.29936890327493965,1000,interval_capped,2548597.83374513
696,0,0.0711839593724497,0.354436100812771,0.283405562807658,1000,interval_capped,1040591.3149530981
696,1,0.381662695945129,0.644720875030623,0.26309792619581235,1000,interval_capped,1493941.8306856074
697,0,0.403679282875532,0.774121222200446,0.37064258638290654,1000,interval_capped,1242888.3234145048
697,1,0.122402736073195,0.301503228078934,0.17912755342248932,885,interval,1827043.8444898915
698,0,0.148811461283641,0.193001236350479,0.04421371012229276,215,interval,1145203.6549756778
698,1,0.107500829155763,0.661668829119574,0.5542517326829609,1000,interval_capped,1304645.0433234514
699,0,0.67311007025047,0.998198917216277,0.3252649288663843,1000,interval_capped,2216427.6949399593
699,1,0.634511707064463,0.733417446046368,0.098920683270397,517,interval,1501073.4174586101
700,0,0.271776716572955,0.556907251283183,0.2852849734949879,1000,interval_capped,1083473.3664967895
700,1,0.591116341111531,0.94459968122204,0.3535367501256011,1000,interval_capped,1816118.1086855736
701,0,0.650800167867453,0.657269134163734,0.006472470162657401,33,interval,1785454.8400154728
701,1,0.834849354203156,0.887907628831339,0.05306629153570621,279,interval,1687813.399237559
702,0,0.482934049231968,0.484953881595955,0.002020926390819418,11,interval,55619224.76409178
702,1,0.38082917667222,0.431422874195113,0.050601342042002215,269,interval,1723404.1781439406
703,0,0.545679015807476,0.667067811843505,0.12145454535383648,629,interval,1628579.2306068002
703,1,0.0763610955009044,0.477952674881667,0.4016522583714864,1000,interval_capped,1660384.3260104237
704,0,0.0469561258708965,0.658808382258768,0.612183661507373,1000,interval_capped,986409.7835201913
704,1,0.0607776885395728,0.383613408333111,0.32288449906743855,1000,interval_capped,1792635.5709781253
705,0,0.39566029619927,0.9445386638911,0.549175663483645,1000,interval_capped,2627058.0336843613
705,1,0.119778411529682,0.26366006569662,0.14390339414856806,714,interval,2569799.8326419047
706,0,0.129421315752422,0.344042635003296,0.21473756725553741,1000,interval_capped,1258825.721218288
706,1,0.283223756462393,0.405573850055902,0.12236858023659468,634,interval,1461276.5417169787
707,0,0.553609302443046,0.555600863079159,0.0019926393497791636,10,knn_fallback,414896830.33651584
707,1,0.467855272277905,0.834973360338129,0.36717355823490816,1000,interval_capped,1212604.326507417
708,0,0.170811881966458,0.371586329277074,0.2008831952624445,991,interval,979839.053920138
708,1,0.767509345251465,0.869854285124255,0.10236040381171711,531,interval,1380028.5384915164
709,0,0.0375432165479357,0.0861070433637504,0.048590131043120086,233,interval,1080531.9183199098
709,1,0.203353669201832,0.651985617547371,0.4486997349606719,1000,interval_capped,1548334.8695746118
710,0,0.423371511469391,0.832888725095502,0.40973902550913144,1000,interval_capped,1471365.4931596222
710,1,0.00276452826846736,0.0458558254973227,0.0430978081632451,201,interval,1793476.827410138
711,0,0.169774222248636,0.410389396145626,0.24074550127525274,1000,interval_capped,1297632.8896950153
711,1,0.79016863383743,0.914957805834293,0.12480802717560384,639,interval,1589235.765614434
712,0,0.210146462271576,0.345748483042354,0.1356754685736242,692,interval,1505430.3817393016
712,1,0.5357497422538,0.653962322704352,0.11823044193082416,606,interval,1987586.1435440585
713,0,0.168075005760199,0.744388965824104,0.5766261161355895,1000,interval_capped,2208725.7182004335
713,1,0.0176713827593399,0.0264055920196251,0.008735528966747924,49,interval,2041534.5052430388
714,0,0.443733313791041,0.927151129143495,0.4836796549341396,1000,interval_capped,1779338.2647792853
714,1,0.709215905578967,0.724062483472703,0.01484882115631557,76,interval,1105261.188056884
715,0,0.0604921574950491,0.500867981595841,0.44061435031539353,1000,interval_capped,997418.808160186
715,1,0.144443345589044,0.321974000807407,0.1775574794386263,875,interval,1139440.5363748826
716,0,0.151205879317497,0.486585459321153,0.335561235801488,1000,interval_capped,1284742.2063054724
716,1,0.309513816504633,0.921960381800204,0.612539103688711,1000,interval_capped,1586345.2705349626
717,0,0.704018710072292,0.878671274209379,0.17474716336963828,852,interval,1831917.3686096394
717,1,0.0387683781525122,0.613787084862935,0.5751055898936417,1000,interval_capped,983661.3059671277
718,0,0.45255898809166,0.484957236963238,0.032415797136582866,167,interval,2231288.1808850314
718,1,0.572578973188946,0.934117323998044,0.36159297790628186,1000,interval_capped,1025265.0175899871
719,0,0.0336185877041517,0.197928638562091,0.16439904814686218,790,interval,1505224.4123032785
719,1,0.469053263907086,0.562113090152883,0.09307388723866503,451,interval,1802563.2067676827
720,0,0.00689746703397901,0.429367198524211,0.4226985590060065,1000,interval_capped,1134327.3239845643
720,1,0.730349557974686,0.822298679739303,0.09196301493417804,456,interval,963735.8133969221
721,0,0.340876882509158,0.354418895895837,0.013549348315197891,68,interval,2078593.4944666184
721,1,0.39994834550493,0.55455566703219,0.15463068211724854,795,interval,1329595.9777568004
722,0,0.678460342421022,0.868916623555854,0.19055944033045524,907,interval,1024159.6171424214
722,1,0.85389351922868,0.944757566998624,0.09087777698886908,448,interval,1149174.0561060088
723,0,0.227671460886113,0.461705646440558,0.23416094839044233,1000,interval_capped,995311.413416279
723,1,0.555252901813042,0.826502137783481,0.2712902207189208,1000,interval_capped,1295641.839757927
724,0,0.0439139089037426,0.333977391357,0.29022059313163084,1000,interval_capped,970712.4471937479
724,1,0.105146809747243,0.35275274727187,0.24764334985884326,1000,interval_capped,1124811.9904096562
725,0,0.154447089680245,0.474398308972388,0.3201245184357796,1000,interval_capped,1972663.7995623308
725,1,0.612650311416274,0.728437936296268,0.1158051199585184,607,interval,1349327.3894478253
726,0,0.356179469506797,0.818659895466935,0.4627309249641577,1000,interval_capped,1261841.9575633402
726,1,0.606212816846664,0.632396317993259,0.0261874573760201,148,interval,2001921.7196198378
727,0,0.619674134500299,0.870573662804199,0.2510354261244806,1000,interval_capped,1049693.463507288
727,1,0.0791013783666314,0.173768201469396,0.09468112690686768,502,interval,2004623.976920519
728,0,0.448455091991072,0.719510543333941,0.27120226646581086,1000,interval_capped,1536011.4794746577
728,1,0.635167601658041,0.972376711509539,0.3372600608910597,1000,interval_capped,1110201.3138867842
729,0,0.211526448685069,0.336355784317098,0.12489694849193188,626,interval,1409406.1172277962
729,1,0.156536323495918,0.951833384700369,0.795417227625953,1000,interval_capped,1375940.540073327
730,0,0.325802851189369,0.462435823058882,0.13670697807917798,702,interval,1394149.8352353943
730,1,0.856956680906963,0.874506663717,0.01755263454702262,95,interval,1153211.387226533
731,0,0.331191197784504,0.351961467300536,0.020781519574488393,109,interval,2230392.4208947467
731,1,0.0643064537584167,0.159330167563414,0.09503807153395519,486,interval,1267142.198121885
732,0,0.368442429903024,0.408626133070308,0.04020546836437385,208,interval,2675748.1908844123
732,1,0.803329701356772,0.982491111703871,0.17918848096838375,893,interval,2947061.9625083404
733,0,0.026946662182423,0.296926158534212,0.2701257286918961,1000,interval_capped,2633594.968220194
733,1,0.776683979104035,0.96990870543789,0.19325392186976467,962,interval,1228344.1344841553
734,0,0.209265333484072,0.472246337561235,0.2631234457371764,1000,interval_capped,1836513.2925646955
734,1,0.093052798598816,0.340403831711454,0.24738840693174777,1000,interval_capped,1144026.982568359
735,0,0.26355311553996,0.732991362660751,0.46969251477570506,1000,interval_capped,2184169.645033494
735,1,0.355827765829186,0.787211379536242,0.4314487941631176,1000,interval_capped,1739183.0170837762
736,0,0.185621974152557,0.94082181843844,0.7556088925357344,1000,interval_capped,1235975.7565982116
736,1,0.359497861958763,0.443532645757086,0.08404748114091781,450,interval,1343426.9940004584
737,0,0.198056526736185,0.853014850489384,0.6553130769461238,1000,interval_capped,1866626.9097639788
737,1,0.140743468950457,0.818662523750939,0.6780214858427394,1000,interval_capped,1804219.1553479508
738,0,0.836215314973534,0.889753509936351,0.05356719351878269,255,interval,1662964.1947542296
738,1,0.217429835860043,0.477696744512142,0.2603062340118592,1000,interval_capped,1209334.1454289877
739,0,0.235741051947859,0.682926370528949,0.447427533106568,1000,interval_capped,1800170.731657006
739,1,0.0381702286930216,0.462323799359869,0.42421765869035544,1000,interval_capped,1413286.8570611696
740,0,0.256824470155124,0.938751954507474,0.6822968451859233,1000,interval_capped,1303779.8715792415
740,1,0.105697817545095,0.822865305623108,0.7172758494122412,1000,interval_capped,978542.8876629394
741,0,0.689078105396329,0.835702350981152,0.14670366349187905,701,interval,1905258.7472396768
741,1,0.0504552166915558,0.347389012218043,0.2969786611161795,1000,interval_capped,1982299.7253760805
742,0,0.388738039484446,0.73856999776526,0.3500214420993814,1000,interval_capped,1962629.9429855265
742,1,0.430337500425191,0.968936533315104,0.538680413196171,1000,interval_capped,1796148.5221026228
743,0,0.0429695238851494,0.700840013643493,0.6582268203038285,1000,interval_capped,1736607.3182580185
743,1,0.41529722149743,0.84804747088623,0.4328156363384191,1000,interval_capped,2029217.8030901672
744,0,0.0490773657237527,0.525292524432423,0.476473097026185,1000,interval_capped,1027865.6737134942
744,1,0.165781357005768,0.311971554571539,0.14621228635970362,711,interval,1310209.5150260967
745,0,0.811557190685482,0.911445207104458,0.09994212000308875,480,interval,1225778.3331557093
745,1,0.147311271969101,0.17150312196673,0.024195505295989267,124,interval,946576.6751516821
746,0,0.237095455330809,0.535217296594512,0.29828331669081554,1000,interval_capped,2064238.9547512217
746,1,0.0775545986352341,0.329253010106208,0.2517364421627489,1000,interval_capped,1123905.6248942502
747,0,0.0709028806736374,0.176079224955888,0.10523331224891522,534,interval,1747198.7045291322
747,1,0.334738851630094,0.523910965116428,0.1892006966875484,973,interval,1358761.3684708534
748,0,0.943428845589739,0.991807354804957,0.0484047130666549,248,interval,971553.7203269737
748,1,0.250563670192719,0.697237767358063,0.4467415879564613,1000,interval_capped,1370987.3368787498
749,0,0.239129075256539,0.348457818138437,0.10938795996367133,573,interval,1204045.5119557034
749,1,0.161301919617067,0.23250581437395,0.07121465339997037,342,interval,2493497.959137027
750,0,0.438049530374137,0.785198463135287,0.347336963339358,1000,interval_capped,1363419.4444386817
750,1,0.158124298060383,0.424101476333758,0.2660173664335901,1000,interval_capped,2274555.957355784
751,0,0.128638566222514,0.210677610817218,0.08208348041902899,393,interval,1793751.1316405046
751,1,0.808667069876708,0.97622348518226,0.16758173245534314,836,interval,1080704.788936003
752,0,0.551536293216023,0.996090938542448,0.44479543496774965,1000,interval_capped,1243683.361924707
752,1,0.860920805668652,0.990545709029494,0.12964448920056687,619,interval,979575.8561757324
753,0,0.192615714725099,0.627421355801459,0.4350411502437062,1000,interval_capped,1113348.6114372634
753,1,0.25192503043556,0.927041600838074,0.675218577999825,1000,interval_capped,1851567.107065194
754,0,0.614816725349674,0.687644912848181,0.07286763433216496,385,interval,1228676.1899456154
754,1,0.65539300309273,0.882852014188339,0.22749337930433897,1000,interval_capped,2659225.416154376
755,0,0.150954770192205,0.541270750070074,0.39052739155871885,1000,interval_capped,2271385.2275582105
755,1,0.362838411227305,0.506794343954113,0.14397768393165167,742,interval,1288387.2149127387
756,0,0.184784452072064,0.848480297202064,0.6640553309349007,1000,interval_capped,1862499.4011177206
756,1,0.509858706230866,0.588199881491734,0.07835301232043546,373,interval,1032822.4524802882
757,0,0.189957165391007,0.761402195416485,0.5717545488782516,1000,interval_capped,1510101.120960364
757,1,0.000386885394614524,0.566273580806972,0.5659721987827085,1000,interval_capped,1278365.0894068757
758,0,0.150610855424285,0.243086086553212,0.09252531963428634,445,interval,1259109.9775258566
758,1,0.678530504153402,0.741183154832472,0.06266211726105173,328,interval,1773104.3742722184
759,0,0.0763674097766901,0.912699843952358,0.8367854272755499,1000,interval_capped,1084019.206420521
759,1,0.534713066302663,0.558441383582972,0.02373190254060346,129,interval,1668224.4758138706
760,0,0.383710242627742,0.602198782113019,0.2186068821403573,1000,interval_capped,1881491.1610740714
760,1,0.205300260138396,0.88913132729719,0.6839343914840819,1000,interval_capped,1320432.0809259368
761,0,0.782692337052944,0.855217802037506,0.07256474785087347,351,interval,2134294.46852041
761,1,0.272257354836457,0.569313603873131,0.2971011331286352,1000,interval_capped,1767171.4896497699
762,0,0.389868769177738,0.436631213370533,0.04678777271490815,237,interval,2329387.4136799863
762,1,0.309611588562981,0.693193237574957,0.3836396067693526,1000,interval_capped,1288439.4057893245
763,0,0.143092616738104,0.34210629943704,0.19912147694600904,993,interval,1588608.4291895665
763,1,0.342489950132965,0.660740530933156,0.3182986672766804,1000,interval_capped,1297616.6850105824
764,0,0.0162942704322697,0.598691587664875,0.582712768308416,1000,interval_capped,1184717.0138970022
764,1,0.764827232829054,0.959752303835205,0.19495452345780276,967,interval,2098793.542730451
765,0,0.0086748236832525,0.816003325161594,0.8077657848187494,1000,interval_capped,1750549.9315899692
765,1,0.0536269219088378,0.628714519167516,0.5751744908510021,1000,interval_capped,1324832.0421181559
766,0,0.193601514161905,0.505474934863782,0.3120423445673658,1000,interval_capped,2185428.0752564375
766,1,0.116688797270331,0.938931356226674,0.8223667967421168,1000,interval_capped,1846597.9665510627
767,0,0.0806665552450969,0.92233499150035,0.8421243195600634,1000,interval_capped,1907993.4311129595
767,1,0.224406438282646,0.304297314872971,0.07990294780398696,396,interval,1482012.7108150707
768,0,0.133870086425659,0.352389933933862,0.21863820712103568,1000,interval_capped,1288323.5597744891
768,1,0.185793441582935,0.61630624659363,0.4305778538908085,1000,interval_capped,2528785.453497694
769,0,0.574797670789284,0.672454181713956,0.09770940583081182,523,interval,1442413.2297082634
769,1,0.698006369667468,0.795219147205422,0.09722746602628225,501,interval,1204037.4854573447
770,0,0.503686572411172,0.909294144976801,0.40582726682131487,1000,interval_capped,1731782.938646046
770,1,0.504643992575905,0.751157146903029,0.2465504015458725,1000,interval_capped,1866647.2577315825
771,0,0.698244750566928,0.757081263300028,0.05886838108257453,276,interval,1348610.9107186196
771,1,0.471035934619043,0.70773670686149,0.23673653684683785,1000,interval_capped,2088383.6060518052
772,0,0.382919725152736,0.658907556676316,0.2761373182327195,1000,interval_capped,1248812.8647218058
772,1,0.607090922237215,0.874877252635881,0.2678267919150238,1000,interval_capped,1864695.0888862584
773,0,0.130785415137849,0.384360303710247,0.25371223548151295,1000,interval_capped,1758618.1635819292
773,1,0.0615871679712395,0.710937576006206,0.6494485224611863,1000,interval_capped,1333846.760321186
774,0,0.778200281417922,0.96716109891277,0.18906316668396875,939,interval,1257048.7677159524
774,1,0.713014033532797,0.758411350209618,0.045404176042153736,239,interval,1941387.629648491
775,0,0.58926180246252,0.612626309660761,0.023377162405800168,129,interval,2619270.8809516826
775,1,0.0556362668862606,0.526389939138138,0.4708248013770345,1000,interval_capped,2266070.3375383783
776,0,0.264019127528923,0.270508116014639,0.0064925031969589484,36,interval,1986320.8218450702
776,1,0.141416010434663,0.828065327770706,0.6867530674884277,1000,interval_capped,1153221.5899477063
777,0,0.628256198683282,0.797196911984446,0.16903221875316765,825,interval,1308049.2269755218
777,1,0.417968886973253,0.727521754417083,0.3095996397282517,1000,interval_capped,2173152.606144019
778,0,0.156889398553966,0.487557325218109,0.3308470304307915,1000,interval_capped,1907165.4415395714
778,1,0.00338436857600118,0.0902202374624966,0.08684898946260608,403,interval,1108869.7356121324
779,0,0.450071188173571,0.830678785205216,0.3808137502407907,1000,interval_capped,1400742.431305974
779,1,0.216369640251459,0.576727761478043,0.36041256999547727,1000,interval_capped,1408983.4628052295
780,0,0.0842784293271061,0.481793897134481,0.3977307790360857,1000,interval_capped,1861663.160198885
780,1,0.689866779480403,0.712640511645667,0.02277717319130578,117,interval,1033238.57886325
781,0,0.404808217958758,0.968882290389985,0.5643795988609003,1000,interval_capped,976049.9067198449
781,1,0.826632544791012,0.931666005500778,0.1050493308741702,526,interval,2884766.1791713056
782,0,0.768404692346858,0.847861830149085,0.07950017515638177,398,interval,1085346.7310909936
782,1,0.511000270390196,0.799115330636102,0.2881585933575688,1000,interval_capped,1849356.0401668192
783,0,0.100598944283314,0.638285968280219,0.5379782580825551,1000,interval_capped,1491740.060786564
783,1,0.511205118909945,0.944348799550791,0.4332091270364607,1000,interval_capped,2003912.0580112261
784,0,0.0438658800841873,0.623939517574222,0.5803878299623921,1000,interval_capped,1529127.0098679482
784,1,0.591096610561212,0.917201721350663,0.3261543840561443,1000,interval_capped,2599370.598060343
785,0,0.243141674988745,0.668918586719063,0.4260075305551074,1000,interval_capped,1328317.3011958941
785,1,0.174746335515002,0.971863013888041,0.7972371197319126,1000,interval_capped,1981150.4773995723
786,0,0.314310378909542,0.709336346524534,0.3952399304248646,1000,interval_capped,1032046.2644382315
786,1,0.412488421896504,0.533274220157809,0.12080404854519687,614,interval,2208682.4325554166
787,0,0.741553334096655,0.895795584707431,0.1543257947522941,749,interval,1981495.2356811713
787,1,0.417956477019369,0.61446987710544,0.19654309252832616,989,interval,1584280.0599097128
788,0,0.730303272774821,0.848748304328727,0.1185091864040789,568,interval,2707187.368908906
788,1,0.624948789769246,0.791230486505037,0.1663068212803578,859,interval,1397016.3673489203
789,0,0.267676259721791,0.801133624827925,0.5337463082292266,1000,interval_capped,2281853.360357995
789,1,0.173024392373677,0.734838860060208,0.561899355758452,1000,interval_capped,1704315.4601158323
790,0,0.40214244981434,0.978299349895798,0.576468971082798,1000,interval_capped,1920653.4768977135
790,1,0.15834220705828,0.374152352138323,0.2158427531885387,1000,interval_capped,1791947.7534024846
791,0,0.575840860088296,0.793673748425485,0.2179508758638133,1000,interval_capped,2442046.4739943743
791,1,0.153544570834601,0.17388893918371,0.020347442307333548,103,interval,1025501.795400949
792,0,0.238097724609043,0.910235215540284,0.6725015490893631,1000,interval_capped,978994.8755444102
792,1,0.332397621691953,0.79813236500657,0.46580511409831954,1000,interval_capped,2634543.0445494624
793,0,0.0941975048208723,0.246050245877541,0.15193499093851698,748,interval,2404659.319862253
793,1,0.0570168823114529,0.0857857850938528,0.028773249656375097,129,interval,953128.4226824787
794,0,0.240360191766535,0.341813908077044,0.10150866794405568,528,interval,2312126.321583465
794,1,0.437630643264937,0.707934819211983,0.2703450179004809,1000,interval_capped,1952055.114462764
795,0,0.111102345974069,0.72532127194151,0.6145516129755139,1000,interval_capped,1155543.1122169963
795,1,0.137865002866134,0.44637580825465,0.3085574202212454,1000,interval_capped,2290854.1155667496
796,0,0.383511401053333,0.729852061410062,0.3465282531403388,1000,interval_capped,1148734.9436256215
796,1,0.573490820116111,0.795369541539066,0.22191224647071578,1000,interval_capped,1002297.235839161
797,0,0.522552277466231,0.637923505935023,0.11543371841691027,616,interval,958833.7130323343
797,1,0.303435171610153,0.451513039450034,0.1481002418537558,778,interval,1681230.160909526
798,0,0.137896490808155,0.905616126287208,0.7681354649785495,1000,interval_capped,1410404.9884986398
798,1,0.0807808524698529,0.77337907323041,0.6927028697700749,1000,interval_capped,2161119.7576896194
799,0,0.0990668734814706,0.399536012572628,0.30063188591427914,1000,interval_capped,958050.6502672532
799,1,0.148782822414293,0.610858238928164,0.46214523438693406,1000,interval_capped,1397547.228851619
800,0,0.125346264351374,0.883953080925225,0.7590177101843207,1000,interval_capped,1799397.8879247815
800,1,0.692453001872208,0.995707644116868,0.3033004628907305,1000,interval_capped,2487847.9594180635
801,0,0.371842139402001,0.511317072404952,0.13955047853924143,710,interval,1286148.0772943667
801,1,0.098289775625024,0.318796667098748,0.22054020924309284,1000,interval_capped,974001.8957521598
802,0,0.622178995417842,0.675183090744668,0.0530328045917873,281,interval,1000594.3036898043
802,1,0.761747523537206,0.911211151604108,0.14948621146398175,760,interval,1895233.0896890182
803,0,0.116246939573571,0.773775558577664,0.6578847643778849,1000,interval_capped,2122517.763354451
803,1,0.419388076513628,0.897238441868485,0.47792256676388917,1000,interval_capped,960792.678263973
804,0,0.444169357329818,0.889753509936351,0.4458254998726432,1000,interval_capped,1376145.8612859389
804,1,0.217429835860043,0.699425742978054,0.48206873490295127,1000,interval_capped,1603435.4067123223
805,0,0.205610951615841,0.582066269790544,0.3766592223335978,1000,interval_capped,1270558.8647596028
805,1,0.530666785333111,0.630828479333282,0.10017682805878476,512,interval,1795707.322208575
806,0,0.875921369727046,0.955286465012966,0.0794080827859461,418,interval,1347600.866914786
806,1,0.00180125125151682,0.101807114823101,0.10002097408480097,460,interval,1442411.6012604097
807,0,0.710740179849442,0.961951113630196,0.2513470002717418,1000,interval_capped,1196879.7313745187
807,1,0.138419027759511,0.156054870861307,0.017638507811951604,107,interval,997832.137678578
808,0,0.123372829222816,0.147946757266469,0.024587238324811397,120,interval,1038145.2051967195
808,1,0.192908123438753,0.673102770600073,0.4802672027825949,1000,interval_capped,1379363.760536648
809,0,0.237649767212219,0.87796173945369,0.6406587923495338,1000,interval_capped,1121969.4269485425
809,1,0.950494617896462,0.975722098987955,0.025231292869851332,120,interval,1202532.5951844093
810,0,0.236481476852188,0.272784835675906,0.03632302226181709,205,interval,1159312.6990178463
810,1,0.471128013894502,0.938592953924636,0.46753557224011105,1000,interval_capped,2256533.6303773075
811,0,0.408626133070308,0.892569847249871,0.4842058386103471,1000,interval_capped,2256959.7490250478
811,1,0.658051105306797,0.803329701356772,0.14530054710431647,734,interval,1070893.1760902074
812,0,0.710740179849442,0.723428860528046,0.012695553405953913,60,interval,1299066.9219935175
812,1,0.0957082783688351,0.138419027759511,0.042717202825705805,232,interval,1052824.4701538745
813,0,0.0511397213019224,0.534050264987415,0.4831721085073393,1000,interval_capped,1247541.128342426
813,1,0.438534696279362,0.578942628811035,0.14042914764691217,674,interval,2689030.9498178414
814,0,0.768309935936758,0.907993844008147,0.13975956679743523,691,interval,1818695.733092614
814,1,0.886319709979334,0.908766754524119,0.022450436209545108,113,interval,1488660.1529948106
815,0,0.627941537385392,0.759252631125858,0.1313822173953329,633,interval,1406923.777220197
815,1,0.0495002246847509,0.259409984128299,0.20994147602576768,1000,interval_capped,1453347.425654034
816,0,0.322031803296801,0.399202755572039,0.07721275133439619,409,interval,1385411.2866206134
816,1,0.0264832902729848,0.876986591155546,0.850631808761099,1000,interval_capped,1299028.332460974
817,0,0.733974498265536,0.811153687293411,0.07722099254840759,379,interval,1835408.5147323308
817,1,0.417478336659636,0.698110123924357,0.2806741896817301,1000,interval_capped,2432218.427404096
818,0,0.643349404923164,0.700794612159454,0.0574763219957278,283,interval,1845051.1811593685
818,1,0.373958916541474,0.863675682544085,0.4897907603805494,1000,interval_capped,2082150.3306686592
819,0,0.21270724736263,0.809214203880923,0.5968300499728721,1000,interval_capped,1318526.4789572628
819,1,0.0361933705521527,0.727504606464681,0.6914156904634328,1000,interval_capped,1341827.7844605192
820,0,0.750383088287747,0.954612190568164,0.20433972141982573,1000,interval_capped,1816784.6921888462
820,1,0.514251714515603,0.611714469772564,0.09747748151599084,492,interval,1420185.1593491554
821,0,0.0220676838758703,0.0939966030246364,0.07196787890056441,327,interval,1622232.2141037725
821,1,0.331850865555932,0.47140775531072,0.13957797628063578,736,interval,1320550.0063013914
822,0,0.768310921256757,0.785088437198899,0.0167866033560032,96,interval,1584820.327493802
822,1,0.501891611323672,0.657314420378856,0.15544629286229839,789,interval,1293898.3355401698
823,0,0.480844103580388,0.656524914414895,0.1757759670090588,917,interval,1474949.3182389773
823,1,0.178028439677261,0.750927757648083,0.5729858809223023,1000,interval_capped,962934.8557596974
824,0,0.0426025864178481,0.592722352411754,0.5504177341796663,1000,interval_capped,1659189.1921247283
824,1,0.777205756587634,0.947303793257453,0.1701237378491244,852,interval,2007100.1285873416
825,0,0.733236889334171,0.838311308655511,0.10513133208112502,516,interval,1083302.2037939064
825,1,0.636515487690561,0.719992501111465,0.0834896264864738,437,interval,1422008.4911141351
826,0,0.484628096649438,0.619480963679342,0.13492590905932628,710,interval,1529988.918872634
826,1,0.0237617689863843,0.84007169585736,0.8164332682581551,1000,interval_capped,1850338.2920028653
827,0,0.172036517182813,0.670607930807531,0.4988414610376143,1000,interval_capped,2710473.656732838
827,1,0.0418065403864819,0.61751804282163,0.5757984902972186,1000,interval_capped,990512.0756315433
828,0,0.754472000266119,0.926124947542871,0.17174592178965292,847,interval,978832.1418258259
828,1,0.764313791046638,0.830761361141161,0.06645761007468291,342,interval,2129800.30617606
829,0,0.519714110599494,0.650800167867453,0.13115705903353278,699,interval,1511191.8666724218
829,1,0.411982205513542,0.887907628831339,0.47599733387526255,1000,interval_capped,1150191.7452780807
830,0,0.742123121284763,0.961394675251124,0.21939032073527756,1000,interval_capped,1812639.3221462378
830,1,0.0807751824470213,0.262252646294037,0.18150488441535115,911,interval,1281034.4055612239
831,0,0.635324897667306,0.927686288205275,0.29251974586077323,1000,interval_capped,1484335.8855590068
831,1,0.23550303847858,0.634339506135494,0.3988967303605259,1000,interval_capped,1733619.4493972328
832,0,0.356935684228739,0.420077906710764,0.06317642298642581,336,interval,1198972.5517296318
832,1,0.804196810159566,0.830411422200673,0.026218572971272208,144,interval,1206455.0759032585
833,0,0.785449099463337,0.953704910849862,0.16834694586661755,835,interval,1128378.8353012644
833,1,0.134563559511823,0.836805396245196,0.702347942857318,1000,interval_capped,990424.2219141264
834,0,0.827340812221272,0.98480541160944,0.15754988889038474,786,interval,1284486.2270805184
834,1,0.770682361864209,0.966168666337997,0.19551584172572464,974,interval,2466238.6592360605
835,0,0.637220650626675,0.67311007025047,0.03590885885487584,186,interval,1047004.9466391667
835,1,0.0227534426436561,0.634511707064463,0.6118506988142504,1000,interval_capped,1738321.9150795622
836,0,0.104399962098031,0.271715310191809,0.1674059731790834,822,interval,2663897.68694941
836,1,0.215798443704167,0.717199482439906,0.5014767985637346,1000,interval_capped,1284687.914208305
837,0,0.182544660631489,0.289551867607475,0.10706516661549888,516,interval,2525158.4889990264
837,1,0.775130125061167,0.784193839478982,0.009065083911278868,43,interval,1906040.3736722374
838,0,0.15327743599847,0.519056041999458,0.36597672719996577,1000,interval_capped,1467900.033322936
838,1,0.0469279182728243,0.34282540666271,0.2959421973974324,1000,interval_capped,1070796.371883628
839,0,0.107065851377598,0.608731830594082,0.5019377027772886,1000,interval_capped,1113129.0274617132
839,1,0.187123351692193,0.792332533899411,0.6053006270587505,1000,interval_capped,1278792.3190329408
840,0,0.292296378109773,0.717985046018192,0.4259192389366137,1000,interval_capped,1207675.1245997057
840,1,0.209938644235685,0.87454391271547,0.6647056878585561,1000,interval_capped,1859796.791521385
841,0,0.192622039661656,0.82502933301872,0.6327498319559504,1000,interval_capped,988561.122719424
841,1,0.303933408591523,0.371718294558341,0.06779512801042142,359,interval,2224321.4310657484
842,0,0.108483225148455,0.542946062577329,0.43469816091923275,1000,interval_capped,1336237.9539506617
842,1,0.488300765330589,0.669593548613357,0.18132017594655853,913,interval,2445110.366724598
843,0,0.361141612097195,0.656002011044765,0.2950201078392661,1000,interval_capped,1579608.425753667
843,1,0.811422389550403,0.976345392912779,0.16494792261343846,822,interval,1351382.0071774248
844,0,0.00689746703397901,0.223768800877631,0.21698880055160075,1000,interval_capped,1155505.4845216582
844,1,0.217227476904367,0.822298679739303,0.6051626268382997,1000,interval_capped,1700779.3612905354
845,0,0.0875741173035646,0.786729056476915,0.6995336311267555,1000,interval_capped,2140164.3971176157
845,1,0.697129865396532,0.815637371403599,0.11852541204949155,600,interval,1252072.483233056
846,0,0.921175302054431,0.93470404438245,0.013536070068369937,73,interval,1155208.0529819524
846,1,0.577964695003316,0.785636686231069,0.2077033696915363,1000,interval_capped,1716640.4897919588
847,0,0.0862129485933446,0.387743141618112,0.30169351455967947,1000,interval_capped,2120736.0069947494
847,1,0.0214267892192796,0.691567454773778,0.6702419213111344,1000,interval_capped,1811988.7210215156
848,0,0.0755675470067657,0.150174345589118,0.07464720878717163,367,interval,2147480.169217641
848,1,0.594281491980594,0.83419473130989,0.2399494893254892,1000,interval_capped,1999971.5691339455
849,0,0.0950320114023409,0.367771472547401,0.27288718839909876,1000,interval_capped,987604.442268088
849,1,0.123742509112459,0.182125499334409,0.05839181167415168,321,interval,1071408.1850331395
850,0,0.11331127415748,0.609303614804346,0.4962609911245063,1000,interval_capped,1817724.8692896962
850,1,0.814854945670361,0.855411995190754,0.04056317753940031,223,interval,2195278.826323158
851,0,0.471935630220817,0.810341449481411,0.33858911419789484,1000,interval_capped,1409416.172415086
851,1,0.0394899863280796,0.5361444722107,0.49672952852417257,1000,interval_capped,998804.5618647228
852,0,0.154935701361608,0.541583499693279,0.3868572231698951,1000,interval_capped,1173914.3739407929
852,1,0.370257086610958,0.885412618968541,0.5152333704382953,1000,interval_capped,1026482.3630959245
853,0,0.593955194393508,0.690557129479489,0.0966542587891414,518,interval,1042804.3596821497
853,1,0.228286086484125,0.710997843118145,0.48278469258115375,1000,interval_capped,1883122.5666691277
854,0,0.365320926595414,0.962896239359918,0.5978989848861155,1000,interval_capped,1313800.945383261
854,1,0.532006982125894,0.941371934227262,0.4094268056197348,1000,interval_capped,1016779.3546938808
855,0,0.0509590154289136,0.155658643520423,0.10475633784847632,515,interval,1130807.6139625218
855,1,0.60014590892307,0.808667215233802,0.2085528131028587,1000,interval_capped,1832401.2686215574
856,0,0.0987084188750616,0.585841398301561,0.48739683129853956,1000,interval_capped,2352179.260827356
856,1,0.269888929095208,0.590076137933896,0.3202355879324553,1000,interval_capped,1145778.0748317605
857,0,0.0527656659355833,0.72532127194151,0.6729198906328979,1000,interval_capped,2392896.5636623274
857,1,0.44637580825465,0.60038657443456,0.15403403663260926,752,interval,1327832.1907442827
858,0,0.0706016662376461,0.583069171820262,0.5127450797079952,1000,interval_capped,2317019.9039527583
858,1,0.702094689826039,0.971588156849397,0.26953418648169647,1000,interval_capped,1934894.844006414
859,0,0.360906115867191,0.728246299892097,0.3675391510407394,1000,interval_capped,1334600.013326196
859,1,0.123382781870508,0.947822632512474,0.8245644204303232,1000,interval_capped,1162287.8923091039
860,0,0.414579011266358,0.473324012664844,0.05877682018154239,290,interval,1350085.8623855792
860,1,0.796415690616727,0.904727159884667,0.10832783472721862,552,interval,1732008.2470836008
861,0,0.00395480034735442,0.0518643777815574,0.047935527292308565,223,interval,1153597.5702099958
861,1,0.0413053321773178,0.962463145321163,0.921296996655823,1000,interval_capped,2109407.7027722886
862,0,0.079983524693926,0.728080160231867,0.6484476721496499,1000,interval_capped,2226006.45983818
862,1,0.157946797688901,0.344893377393628,0.18697482663608264,923,interval,1760117.2947307008
863,0,0.83022579856055,0.892139636515937,0.061947373114654876,290,interval,1246209.622971459
863,1,0.515233477664786,0.745426060869934,0.23022736444643435,1000,interval_capped,2065823.803457745
864,0,0.339466617516893,0.770992555703406,0.4317596709277419,1000,interval_capped,1409394.932897311
864,1,0.549208898971422,0.610421063135302,0.06122141309371863,299,interval,1040564.9410086003
865,0,0.509870952535414,0.814375432571624,0.30466941257105246,1000,interval_capped,2086011.0295044254
865,1,0.216861814605989,0.486261763135136,0.26944065385718957,1000,interval_capped,1807003.1184005272
866,0,0.811975415706697,0.963296944276539,0.15140349072448847,755,interval,1323233.1119018896
866,1,0.590628082956474,0.94586756293618,0.3552931553409865,1000,interval_capped,1167103.283914318
867,0,0.293025026451129,0.409241260683239,0.11627918187117092,613,interval,2453534.052002433
867,1,0.171006134132909,0.226406813740348,0.055409050443623306,261,interval,1592583.0693692968
868,0,0.216355350897268,0.566530209933445,0.35036452858432976,1000,interval_capped,1854699.6874676554
868,1,0.15380596521155,0.186029557304335,0.03222846095743777,169,interval,1289587.5486784915
869,0,0.121659303442658,0.162473279157853,0.040836082294615134,221,interval,2199597.252205912
869,1,0.611301803385781,0.769675715182985,0.1583978415049426,814,interval,1506674.2152190842
870,0,0.359787347795469,0.545197094683226,0.18551017266650102,956,interval,1353409.2964086528
870,1,0.516264077171104,0.824784084155783,0.30856662320773526,1000,interval_capped,2292813.7505664052
871,0,0.0728282483980097,0.387500550773449,0.3148427422338917,1000,interval_capped,2647957.296899055
871,1,0.43551597540161,0.517484279607567,0.08198068931118814,398,interval,2454468.0438196342
872,0,0.653168396968413,0.720965563733902,0.06783388858504459,337,interval,1977414.6208765227
872,1,0.378710159323759,0.654263468919981,0.27559494467418527,1000,interval_capped,2198008.8945378056
873,0,0.558167450409622,0.636817057495065,0.07869220704672902,426,interval,1474713.7578576931
873,1,0.541520750504497,0.69749305650533,0.15599587283488764,794,interval,1416311.0376855684
874,0,0.465382784015332,0.621283579051163,0.15598523751531823,819,interval,2452892.643888247
874,1,0.696286695223657,0.702751719201288,0.006466000818655771,38,interval,1547466.714298238
875,0,0.0998131454582071,0.435553831158112,0.3359225370878899,1000,interval_capped,1713554.6413009963
875,1,0.41553928936794,0.756208100831694,0.34072028525133335,1000,interval_capped,1799695.7860134467
876,0,0.165913069492548,0.432014496001526,0.2662455583220604,1000,interval_capped,1759791.9448240572
876,1,0.324638311358906,0.539373338516672,0.2147674728199512,1000,interval_capped,1091666.78473329
877,0,0.477547934885458,0.485773077414892,0.008229597615305522,42,interval,1512962.2427591037
877,1,0.05901456339116,0.155290772059629,0.0962907556447321,484,interval,1800439.8721448544
878,0,0.049026315249007,0.342449922057356,0.29358253747251445,1000,interval_capped,1084106.1667367346
878,1,0.177638791958177,0.376171399238241,0.19856260481699967,991,interval,1537097.1899864539
879,0,0.638447073138082,0.853795306420982,0.21546487501501824,1000,interval_capped,1951947.3124425511
879,1,0.555637518578493,0.611309971941732,0.055680865263424785,273,interval,1443061.7723729485
880,0,0.125862807069663,0.22828357097044,0.10247623932829336,482,interval,1127882.206935861
880,1,0.0283687423568175,0.340356481272895,0.3120348791005027,1000,interval_capped,2389341.1136407894
881,0,0.184678578986105,0.920215086498027,0.7359349052650148,1000,interval_capped,1407079.5740849457
881,1,0.636000102326483,0.821738780672923,0.18576674276840288,950,interval,1044852.1745881502
882,0,0.209632398134772,0.230671497910545,0.021050495444094236,91,interval,1338170.3099275324
882,1,0.289967046267194,0.968908798675131,0.6790443379759908,1000,interval_capped,2053251.5296554556
883,0,0.163624425276295,0.24208005085942,0.07849812047580616,361,interval,1646798.3622530277
883,1,0.729435480048427,0.838482664402521,0.10906366097717979,560,interval,1406617.9011685282
884,0,0.104399962098031,0.145113516103657,0.04073560619239118,197,interval,1470737.4903036163
884,1,0.580721712423103,0.717199482439906,0.1364983912991358,708,interval,1447109.224810274
885,0,0.434486378438014,0.80247327986131,0.36818621872868784,1000,interval_capped,2057795.445629042
885,1,0.337836416595311,0.893638064988914,0.5558856279509413,1000,interval_capped,1258561.790862742
886,0,0.184799379227634,0.719571457180119,0.5350617331797879,1000,interval_capped,1247074.4496084976
886,1,0.744296948503908,0.757877587712858,0.013582691192912964,72,interval,1149333.4631848722
887,0,0.883962472747086,0.894921382775323,0.010964845838474853,46,interval,1544812.4721722777
887,1,0.159042542365692,0.164953365140603,0.005911715878199853,33,interval,1198344.3248976849
888,0,0.119570405323877,0.396838377698222,0.2774181524620366,1000,interval_capped,1627744.1924620864
888,1,0.153105982709974,0.969081845405204,0.8160991536065577,1000,interval_capped,2560834.2964985594
889,0,0.500834522357138,0.867370018373544,0.366734027179102,1000,interval_capped,1794888.6113931686
889,1,0.270124712402056,0.322642543715137,0.05252576656163378,268,interval,2370179.42143028
890,0,0.114972480715153,0.218907551685228,0.1039913666104941,504,interval,2401371.624101255
890,1,0.756936240932317,0.832293427858332,0.07536857311606787,383,interval,1445972.4684236369
891,0,0.0181668068760519,0.181499605744619,0.1634212668363852,788,interval,1053411.983837668
891,1,0.128884072283409,0.306603382401816,0.1777461628437225,882,interval,2202569.655762454
892,0,0.129675346727541,0.951577114993488,0.8223469451054322,1000,interval_capped,2662319.118650674
892,1,0.453424344574712,0.994712121656608,0.5413695636473791,1000,interval_capped,2301356.8372894283
893,0,0.0469561258708965,0.768715996224281,0.7221508060957775,1000,interval_capped,2200086.8851308823
893,1,0.0607776885395728,0.816547399462337,0.7558839049089757,1000,interval_capped,1038873.5909046824
894,0,0.0645480973620327,0.883433621421077,0.8193290671728033,1000,interval_capped,2079193.9446731224
894,1,0.0437261723399965,0.556147535571188,0.5124987881891404,1000,interval_capped,1855023.7519226752
895,0,0.577282826584132,0.902867338960921,0.32576086275076493,1000,interval_capped,2655041.730043171
895,1,0.526072993145456,0.60988195524233,0.08382162531865149,421,interval,1428453.5374810295
896,0,0.965697236600213,0.993935782974946,0.028253841568528823,146,interval,1248747.5487124512
896,1,0.0415929122552297,0.868994583332103,0.8275266883852581,1000,interval_capped,1114728.963642674
897,0,0.860284119073544,0.988318133759655,0.1281033633360414,644,interval,1352612.3061379008
897,1,0.384486995745661,0.451631618897353,0.06715476845397066,353,interval,1561305.9935819996
898,0,0.0857825123900161,0.69788111024405,0.6124301364025162,1000,interval_capped,1558497.3964335357
898,1,0.360025437381284,0.951344917350686,0.5914088261386997,1000,interval_capped,1000581.8908187264
899,0,0.416010802550621,0.646571545893181,0.23068562481501034,1000,interval_capped,2261337.394987162
899,1,0.0580378878707903,0.83011651453287,0.7721952848646684,1000,interval_capped,1759884.5425255888
900,0,0.131344542929544,0.28558443679189,0.15432343672734922,744,interval,1705785.8728017837
900,1,0.749674223531029,0.89603268226586,0.14638057295239906,749,interval,1012966.336148331
901,0,0.323083331599136,0.353384492143063,0.03031757293699454,165,interval,1316521.9836481377
901,1,0.033272600303554,0.618448778689404,0.5852645963251775,1000,interval_capped,1559733.525871965
902,0,0.0803827492561912,0.0942113654608974,0.013836106369460865,59,interval,1942951.716342177
902,1,0.613290502214987,0.933112422700149,0.31987024438522066,1000,interval_capped,1408067.2986813663
903,0,0.251079022601832,0.361139922303821,0.11012051335093345,568,interval,2203193.777953822
903,1,0.0639501856405836,0.158587704681645,0.09465181841742996,483,interval,1458206.5685399347
904,0,0.792824611763037,0.848480297202064,0.055685830917598475,270,interval,1304431.9457522258
904,1,0.463171673273303,0.509858706230866,0.046694087194218414,225,interval,1373083.1440322415
905,0,0.514146894177628,0.931360070275077,0.41743915643998847,1000,interval_capped,1122054.486473263
905,1,0.0964897746055479,0.29941828730857,0.20295917444488157,1000,interval_capped,1891429.364054994
906,0,0.0831612349564848,0.874051450676182,0.7913185953876917,1000,interval_capped,1013088.996700959
906,1,0.460497737363712,0.827537679084976,0.36709540008832764,1000,interval_capped,1735153.809611413
907,0,0.148676396735722,0.667710295904878,0.5193150299316621,1000,interval_capped,1432935.6308344477
907,1,0.108118056617351,0.581305737706844,0.4732591779843128,1000,interval_capped,1785510.418563045
908,0,0.364367399973908,0.84409302340528,0.479985463165395,1000,interval_capped,1584264.8655237898
908,1,0.422542221880505,0.815189178966417,0.39270628457754786,1000,interval_capped,1885049.4058382148
909,0,0.0709028806736374,0.953463457080614,0.8830386086283795,1000,interval_capped,1316269.8079099173
909,1,0.193984834307493,0.334738851630094,0.14077528472996204,685,interval,1214315.665526617
910,0,0.649298906828956,0.691740063074177,0.042464144174595146,230,interval,1179102.3347698874
910,1,0.0763614267061993,0.428323575385927,0.35201532884846487,1000,interval_capped,2034509.1893132569
911,0,0.855952576296403,0.880700827902839,0.024761656308625885,119,interval,1572853.7116596252
911,1,0.844326093946931,0.978335526145988,0.13402968052474606,660,interval,1546287.914319195
912,0,0.0791347896847692,0.460854924567901,0.3819268906899403,1000,interval_capped,1277827.9770408876
912,1,0.259125718360743,0.427908776566574,0.16880856069679212,881,interval,1247682.3067004432
913,0,0.688437047841815,0.713758788633791,0.02533545612021995,104,interval,2416575.839010742
913,1,0.447992018271825,0.695462961551124,0.24750833521638793,1000,interval_capped,1055077.256594098
914,0,0.000480388412960167,0.280257634222248,0.2799287850258441,1000,interval_capped,1378687.110598418
914,1,0.295052550077792,0.688259338273248,0.3932662002754858,1000,interval_capped,2321691.0485404916
915,0,0.320733515022821,0.362202287076969,0.041491233299023225,231,interval,2863167.439890912
915,1,0.509592844922475,0.625718442269575,0.11614314349200439,585,interval,1805274.492592708
916,0,0.184798838803496,0.523021028880247,0.3384053855527016,1000,interval_capped,982304.7596735572
916,1,0.426066063040162,0.947703306561859,0.5217160609648058,1000,interval_capped,1823379.428293574
917,0,0.587467117520869,0.863019690512152,0.2757018239459501,1000,interval_capped,1029890.6388060811
917,1,0.0893486154022222,0.917149570474001,0.8279260327104869,1000,interval_capped,2612657.8375944854
918,0,0.138816166676886,0.754272010103732,0.6157892004018498,1000,interval_capped,2261242.8451783014
918,1,0.271526472499461,0.591356479620054,0.31987833224251216,1000,interval_capped,1049485.838492959
919,0,0.606323327266374,0.790916653400873,0.18469330970515374,915,interval,1704848.4906576439
919,1,0.0609852211786254,0.543398821401058,0.48248649111924397,1000,interval_capped,1429433.7336978149
920,0,0.30619525049623,0.952948700649956,0.6471037592392911,1000,interval_capped,1546019.7091407776
920,1,0.266026817989482,0.829524298243778,0.5635826226231424,1000,interval_capped,1840782.0089925968
921,0,0.54092383318343,0.809317071898897,0.2685386118711942,1000,interval_capped,1907096.598322068
921,1,0.304758599201209,0.50148661241671,0.19675773808500008,1000,interval_capped,1766107.8898918722
922,0,0.0971588407724055,0.102813025863135,0.005657247637065013,39,interval,1736718.0553705287
922,1,0.817394586953753,0.986295031608367,0.1689259648822299,842,interval,1516570.186783683
923,0,0.308658098758851,0.574328014266212,0.2658138135957925,1000,interval_capped,1677237.323478593
923,1,0.621196176950147,0.664187359256451,0.04299767811370219,228,interval,1348111.9390166434
924,0,0.306830377006756,0.853014850489384,0.5464803101471407,1000,interval_capped,1401411.1674159865
924,1,0.226279445584564,0.818662523750939,0.5924725850413957,1000,interval_capped,1127567.262488946
925,0,0.579089831239557,0.895795584707431,0.31687729472963944,1000,interval_capped,1532044.7677681553
925,1,0.180602849653544,0.61446987710544,0.4339325831425176,1000,interval_capped,1233553.859562162
926,0,0.0464143861056316,0.637835303421541,0.5917412559560508,1000,interval_capped,1981059.0732168825
926,1,0.718701457550542,0.736182556846924,0.017483740625325383,99,interval,1289067.2587233114
927,0,0.0434150668491478,0.261919333730562,0.21862261805511893,1000,interval_capped,1491464.3217831508
927,1,0.0551273274842782,0.122398383676173,0.06728122059773455,334,interval,1372100.9655581433
928,0,0.0797297653450059,0.0993793942001292,0.0196602719270919,93,interval,996363.4202044518
928,1,0.0658696786963765,0.928137823739459,0.8623984305457197,1000,interval_capped,1704733.6984635263
929,0,0.580995791012583,0.592722352411754,0.011732913001933309,78,interval,1789985.3736949896
929,1,0.552946172369464,0.777205756587634,0.22429346900542452,1000,interval_capped,1237743.1680953964
930,0,0.211782123612169,0.530845225566197,0.3192359200556655,1000,interval_capped,2318108.5200252775
930,1,0.602668818469641,0.782094466931776,0.17945275900881383,917,interval,1626023.123996035
931,0,0.544073920899894,0.8098195160324,0.2658895342122305,1000,interval_capped,1318826.8975708159
931,1,0.435650831458515,0.660911531404067,0.22529473599766123,1000,interval_capped,1315646.4268696175
932,0,0.332235639786934,0.560989888520403,0.22887815173185871,1000,interval_capped,1785058.5501141937
932,1,0.669669557691989,0.797922859259135,0.12827268016295243,656,interval,1036151.0738498934
933,0,0.849036460420913,0.93489754860662,0.08590759419086373,433,interval,1242283.8288594875
933,1,0.771239542655721,0.789119261265004,0.017882420168118692,98,interval,1772548.1696075464
934,0,0.135346624482941,0.936217539928517,0.8013047010836406,1000,interval_capped,2045144.038313764
934,1,0.353501867594016,0.678606820371014,0.3251540749235437,1000,interval_capped,2172149.0339922966
935,0,0.237649767212219,0.832343298778658,0.5950156427931901,1000,interval_capped,2315110.1509466236
935,1,0.850202234090895,0.950494617896462,0.10030753761092309,489,interval,2410311.0343265543
936,0,0.246050245877541,0.342646024214861,0.0966480987057243,499,interval,1298680.8934398112
936,1,0.0857857850938528,0.255549782497056,0.1697896481104206,856,interval,2930666.2754977173
937,0,0.169044336452038,0.359188594135126,0.19024724787358266,943,interval,1552795.6171504494
937,1,0.119281031020389,0.476567198815928,0.3573401524037194,1000,interval_capped,1022959.67370971
938,0,0.804614484223455,0.928788350759089,0.12424112436568785,610,interval,1477360.8617767594
938,1,0.565513398102676,0.767723892317027,0.20224104746629323,1000,interval_capped,1095501.5700742204
939,0,0.170873384318985,0.375913912043794,0.20515158636663608,1000,interval_capped,1341545.2719863188
939,1,0.192894798584822,0.554905774446539,0.36206567437078463,1000,interval_capped,1413386.0475884567
940,0,0.539483396146222,0.728246299892097,0.18886514573651936,966,interval,997497.7814759596
940,1,0.581630195780755,0.947822632512474,0.3662477670439378,1000,interval_capped,1225527.9637812122
941,0,0.0797297653450059,0.129421315752422,0.04971846545762478,250,interval,1944375.6398420404
941,1,0.0658696786963765,0.283223756462393,0.21738691915698613,1000,interval_capped,1155924.1305080012
942,0,0.219535608438471,0.779076907427003,0.5598443702759569,1000,interval_capped,2323901.7386643966
942,1,0.0999908162762268,0.766055104939969,0.6661649284950246,1000,interval_capped,1027886.3688566067
943,0,0.337476835046274,0.355281479191763,0.01781428789552687,89,interval,1248483.4487747324
943,1,0.74090697580672,0.93028020238225,0.18940184016418243,954,interval,1784853.084037876
944,0,0.12365916586466,0.657844809426324,0.5344749811512409,1000,interval_capped,1422130.6859176338
944,1,0.818767016444676,0.912957325399409,0.09420454075932452,493,interval,2122140.5830577184
945,0,0.726727988887215,0.775398213133976,0.04869658610342539,232,interval,1768859.6216804753
945,1,0.472191137157897,0.772377125297234,0.3002313451232106,1000,interval_capped,1377566.503391067
946,0,0.0467082478872348,0.247678804372283,0.20107941065791896,989,interval,1627889.6692877142
946,1,0.235555784293068,0.241754676775142,0.006199829111621858,42,interval,1980992.9733239808
947,0,0.597269774898878,0.668918586719063,0.07168761985397994,381,interval,1730293.3796687443
947,1,0.764569293260693,0.971863013888041,0.20732504193585363,1000,interval_capped,1687295.6288636771
948,0,0.857582955156289,0.920215086498027,0.06266605555915357,304,interval,2006189.5280786105
948,1,0.544451171006614,0.636000102326483,0.0915627640221455,454,interval,1194000.852474089
949,0,0.725948017048903,0.992242745832498,0.26643896529738376,1000,interval_capped,1407075.6437485828
949,1,0.487055817488828,0.932747012302866,0.44575853709227387,1000,interval_capped,1426769.6881895256
950,0,0.00678638709588409,0.315425570296456,0.3088063552659252,1000,interval_capped,2316938.696559582
950,1,0.0950674718247748,0.553744514399165,0.4587463469658183,1000,interval_capped,981117.2382981543
951,0,0.581587015951975,0.792953637100685,0.21148110627090913,1000,interval_capped,2264390.012104384
951,1,0.0146031601556306,0.776789598494132,0.7623016018683072,1000,interval_capped,1925741.3509586111
952,0,0.344174908443561,0.814104706584667,0.47018433204089033,1000,interval_capped,2579834.02014366
952,1,0.397173962800493,0.457483803294933,0.06031895308653558,327,interval,1216715.8456454386
953,0,0.786835240018853,0.944781871974993,0.15803218254762968,776,interval,955615.6825637715
953,1,0.650965819773671,0.737782639497963,0.08682993742214525,457,interval,2571817.478643914
954,0,0.189691450019232,0.804161262177046,0.614802635056483,1000,interval_capped,1601488.31878566
954,1,0.550576752951679,0.770603385344791,0.22005987759712395,1000,interval_capped,1950505.7554703197
955,0,0.870573662804199,0.991807354804957,0.12129935730764478,624,interval,1432077.7848412618
955,1,0.0791013783666314,0.250563670192719,0.171488199139262,864,interval,2933017.093549312
956,0,0.100404420305119,0.220901659671675,0.12056250577947669,585,interval,1371466.4487358509
956,1,0.541265886837754,0.801642534374732,0.26041598947787464,1000,interval_capped,1511058.479517299
957,0,0.426585007688015,0.752181484522203,0.3257728336886213,1000,interval_capped,1383753.9265906983
957,1,0.319851812629006,0.354728747579996,0.034882204725858346,189,interval,2105926.1539025037
958,0,0.643721057907454,0.773109034668928,0.129458058774661,619,interval,1243239.583447174
958,1,0.227374222984957,0.759466612115615,0.5321727863072971,1000,interval_capped,2073479.7684541373
959,0,0.0706896389709566,0.691327501082356,0.6209740258873973,1000,interval_capped,992225.3550216426
959,1,0.13079034071871,0.849381667053661,0.7186999028058326,1000,interval_capped,1583067.0792635712
960,0,0.226686233395738,0.514801492299174,0.28827131434134645,1000,interval_capped,1545021.2720713848
960,1,0.178446131518824,0.51872806442428,0.3403333482371273,1000,interval_capped,1325266.2976910023
961,0,0.0839770892778794,0.628664035563944,0.544981971826365,1000,interval_capped,1332730.4955997656
961,1,0.302084792770871,0.537575217226315,0.23552600618079564,1000,interval_capped,1712068.7743162543
962,0,0.042180355062631,0.447044491241211,0.40508342775760303,1000,interval_capped,988099.7827522858
962,1,0.306881323538746,0.517332559008542,0.21048303386702485,1000,interval_capped,1260083.1175998854
963,0,0.503254478271626,0.613919048311947,0.11072451066271133,590,interval,1997980.149191623
963,1,0.255287958239698,0.911396671028866,0.6562078483700449,1000,interval_capped,1429935.6845203612
964,0,0.291435097926601,0.490874845008261,0.1995477721032643,1000,interval_capped,1198694.1484253593
964,1,0.50972700840153,0.842735895497866,0.33305920349789564,1000,interval_capped,1061817.7452941681
965,0,0.803082161082799,0.892796166742053,0.08976259856784602,430,interval,1346192.7290349556
965,1,0.313538331260763,0.491062707056667,0.17755119906736994,926,interval,2302996.26749803
966,0,0.787070583680913,0.869856578872153,0.08283083559567252,387,interval,1159176.136278076
966,1,0.610038965470672,0.830042484528663,0.2200367607696641,1000,interval_capped,965600.0995926566
967,0,0.194626150069893,0.261064932201032,0.06647476819199245,318,interval,1340571.0660267805
967,1,0.876013319550167,0.894414842631929,0.018404303483308543,100,interval,1752316.433489107
968,0,0.893835511321582,0.991032728631165,0.09724986344283065,501,interval,1998498.0535630123
968,1,0.159202455312966,0.730765552826564,0.5716494585671479,1000,interval_capped,1805445.4499022693
969,0,0.31154975145085,0.57619000708839,0.26478359601853685,1000,interval_capped,1224197.7470159938
969,1,0.363391980125403,0.381983885793694,0.018594714835936704,98,interval,1356685.524306765
970,0,0.427388923877693,0.804544660607768,0.37736002026535126,1000,interval_capped,2230938.6264848933
970,1,0.639523166839066,0.970148652283515,0.3306754417229031,1000,interval_capped,1090903.6095569604
971,0,0.0525136873869487,0.592722352411754,0.5405012649381327,1000,interval_capped,2412376.827537385
971,1,0.777205756587634,0.806411924250521,0.02921058060595572,141,interval,1485767.8535145132
972,0,0.389868769177738,0.828825391417809,0.4391943797547825,1000,interval_capped,1366135.489629135
972,1,0.104182008409945,0.309611588562981,0.20546061979686447,1000,interval_capped,2659915.0578859984
973,0,0.0788726612580592,0.240360191766535,0.16157499900072606,780,interval,1057170.1451586285
973,1,0.707934819211983,0.747658957098504,0.03973014005568519,209,interval,1636418.5728111803
974,0,0.274655087636983,0.847210959937274,0.5728659928323311,1000,interval_capped,1067171.777632955
974,1,0.222535510125509,0.537506570220144,0.31501865104777016,1000,interval_capped,2153492.2915766714
975,0,0.100598944283314,0.386899726118552,0.2864558544754495,1000,interval_capped,1376405.765216018
975,1,0.511205118909945,0.653351009333461,0.14216736813771444,717,interval,1960891.233903052
976,0,0.65454884822335,0.885882789723027,0.2314592417690264,1000,interval_capped,1256924.4201151202
976,1,0.155493067495856,0.414500223533325,0.25904629105330484,1000,interval_capped,2249563.867497249
977,0,0.59294581250874,0.804161262177046,0.21132985290962295,1000,interval_capped,1710058.2997236338
977,1,0.550576752951679,0.660267608313657,0.1097074292413539,558,interval,1932204.0771628958
978,0,0.334069036562109,0.463859202684339,0.1298604659782243,662,interval,1131526.1084673319
978,1,0.0480596867571436,0.0899172096132221,0.04186384737175938,194,interval,2099956.0861113667
979,0,0.953357148965959,0.9639170125273,0.010565583231096099,59,interval,2266854.5402204674
979,1,0.307894128281601,0.690113297008628,0.38227692061871116,1000,interval_capped,1823781.1847489192
980,0,0.142461764899988,0.312397466313946,0.17002774579370275,828,interval,1435547.8410057412
980,1,0.183043617613242,0.195968336561041,0.012926671824655516,55,interval,1444369.5792806607
981,0,0.14455639907056,0.197939948609607,0.05341246433249541,259,interval,1124042.5979367401
981,1,0.538056408027417,0.646765237465157,0.10872525493665909,540,interval,2462067.208677148
982,0,0.517435532992269,0.753195694673377,0.23588785937894258,1000,interval_capped,1682029.398145409
982,1,0.073718770100246,0.96069587440283,0.8871111232368636,1000,interval_capped,988905.9768308286
983,0,0.231629998145902,0.602426931036269,0.3709977722279233,1000,interval_capped,1292949.8118708401
983,1,0.537503331294822,0.609718671501232,0.07222625167513474,356,interval,1998746.1791107429
984,0,0.161327559160867,0.789266653985679,0.6282792132579589,1000,interval_capped,1663254.0473319723
984,1,0.33531345590236,0.406084970244481,0.07078220765413937,355,interval,954085.0776199817
985,0,0.22694426567474,0.355977616364321,0.1291032406222543,668,interval,1026769.2014775408
985,1,0.780493291464179,0.968211151884377,0.1877462238891948,933,interval,2238541.060651908
986,0,0.26355311553996,0.436461581921773,0.17300212093708478,887,interval,1342043.0289033875
986,1,0.15050126262671,0.787211379536242,0.636806321434879,1000,interval_capped,2191826.685508838
987,0,0.327421487319129,0.707467392295901,0.3802517539496898,1000,interval_capped,1264021.5361570686
987,1,0.368040557122594,0.602028369659884,0.23402316722358188,1000,interval_capped,1319508.201383161
988,0,0.427365730284102,0.915686454170208,0.4885852190908959,1000,interval_capped,985984.5922606508
988,1,0.0284603858611774,0.628601822035853,0.6002321153086724,1000,interval_capped,2047216.7645809602
989,0,0.378642301164974,0.812976328743723,0.4345692813002325,1000,interval_capped,1666260.0737539458
989,1,0.307032180193476,0.627063792861383,0.3200799682516729,1000,interval_capped,2690902.793016637
990,0,0.427209872937144,0.6767783165151,0.24970362042662206,1000,interval_capped,1478976.111208397
990,1,0.479622485009785,0.744575704042494,0.26499325247649963,1000,interval_capped,1440395.547523324
991,0,0.718001190142602,0.827340812221272,0.10939884505307747,533,interval,1422017.4049454434
991,1,0.359066256893896,0.770682361864209,0.41167829862948735,1000,interval_capped,1901061.892400444
992,0,0.213988268526246,0.462143124656878,0.2482892673204123,1000,interval_capped,1854482.8752649273
992,1,0.743577673444895,0.922620630095582,0.1790700093740597,911,interval,1437731.3258184213
993,0,0.333977391357,0.443241720707702,0.10932351154337626,564,interval,1176645.6385162896
993,1,0.058966150428993,0.35275274727187,0.2938309869025792,1000,interval_capped,1025576.5164529529
994,0,0.114165738079916,0.618566903859526,0.5046743708334063,1000,interval_capped,1892055.1301886223
994,1,0.111726525409394,0.373124931351314,0.26143790226670316,1000,interval_capped,1290208.2102866215
995,0,0.539130629471085,0.90629218460596,0.3673604253977291,1000,interval_capped,1204478.7094571642
995,1,0.590687726884703,0.789862380401485,0.1992047480645109,1000,interval_capped,971367.8355226906
996,0,0.343598684171421,0.518375610537392,0.17487159295837743,882,interval,2661751.7010657974
996,1,0.307443695576867,0.961020697627537,0.653675755099491,1000,interval_capped,1187056.3986535843
997,0,0.0507193561056262,0.147922508850487,0.09725580209299184,465,interval,2178685.86623612
997,1,0.0532751261447199,0.107013975001619,0.05374696859665142,245,interval,1119215.85363231
998,0,0.0604921574950491,0.540322821252875,0.4800905603861425,1000,interval_capped,2488367.107202613
998,1,0.321974000807407,0.946343563099394,0.6244639022055305,1000,interval_capped,1881404.590001361
999,0,0.490870475966007,0.87062898856875,0.37996420591176794,1000,interval_capped,1267579.8479592586
999,1,0.19566685617263,0.268684418763713,0.07302859527261976,338,interval,1108606.2809569775
