number,value,datetime_start,datetime_complete,duration,params_alpha_edge,params_alpha_neuron,params_layer_width,params_num_inducing,user_attrs_alpha_edge,user_attrs_alpha_neuron,fit_duration_sec,kernel_type,user_attrs_layer_width,user_attrs_num_inducing,sigma_scale,val_rmse,system_attrs_grid_id,system_attrs_search_space,state,test_rmse
0,0.021477395685994854,2026-07-26 16:18:15.112193,2026-07-26 16:18:16.845291,1.733098,0.1,10.0,250,25,0.1,10.0,1.6080444999970496,rbf,250,25,1,0.021477395685994854,0,"{'alpha_edge': [0, 0.001, 0.1, 1, 10], 'alpha_neuron': [0, 0.001, 0.1, 1, 10], 'layer_width': [100, 250, 500, 750, 1000], 'num_inducing': [10, 25, 50, 75, 100]}",COMPLETE,
1,0.00020939777893441437,2026-07-26 16:18:16.848430,2026-07-26 16:18:35.355746,18.507316,0.1,0.001,1000,100,0.1,0.001,16.222318874963094,rbf,1000,100,1,0.00020939777893441437,1,"{'alpha_edge': [0, 0.001, 0.1, 1, 10], 'alpha_neuron': [0, 0.001, 0.1, 1, 10], 'layer_width': [100, 250, 500, 750, 1000], 'num_inducing': [10, 25, 50, 75, 100]}",COMPLETE,
2,0.0134195279803771,2026-07-26 16:18:35.359436,2026-07-26 16:18:35.780893,0.421457,1.0,0.1,100,10,1.0,0.1,0.3870819589938037,rbf,100,10,1,0.0134195279803771,2,"{'alpha_edge': [0, 0.001, 0.1, 1, 10], 'alpha_neuron': [0, 0.001, 0.1, 1, 10], 'layer_width': [100, 250, 500, 750, 1000], 'num_inducing': [10, 25, 50, 75, 100]}",COMPLETE,
3,0.0016006490871070642,2026-07-26 16:18:35.786377,2026-07-26 16:18:42.951283,7.164906,0.1,0.1,500,75,0.1,0.1,6.344564208004158,rbf,500,75,1,0.0016006490871070642,3,"{'alpha_edge': [0, 0.001, 0.1, 1, 10], 'alpha_neuron': [0, 0.001, 0.1, 1, 10], 'layer_width': [100, 250, 500, 750, 1000], 'num_inducing': [10, 25, 50, 75, 100]}",COMPLETE,
4,0.013312865114665978,2026-07-26 16:18:42.955300,2026-07-26 16:18:44.776094,1.820794,1.0,0.1,100,100,1.0,0.1,1.5920377919683233,rbf,100,100,1,0.013312865114665978,4,"{'alpha_edge': [0, 0.001, 0.1, 1, 10], 'alpha_neuron': [0, 0.001, 0.1, 1, 10], 'layer_width': [100, 250, 500, 750, 1000], 'num_inducing': [10, 25, 50, 75, 100]}",COMPLETE,
5,0.09645684841035274,2026-07-26 16:18:44.780728,2026-07-26 16:18:46.389407,1.608679,0.0,0.1,100,50,0.0,0.1,1.4757815420161933,rbf,100,50,1,0.09645684841035274,5,"{'alpha_edge': [0, 0.001, 0.1, 1, 10], 'alpha_neuron': [0, 0.001, 0.1, 1, 10], 'layer_width': [100, 250, 500, 750, 1000], 'num_inducing': [10, 25, 50, 75, 100]}",COMPLETE,
6,0.012179338326039053,2026-07-26 16:18:46.393197,2026-07-26 16:18:48.390767,1.99757,0.001,10.0,500,10,0.001,10.0,1.8262022920534946,rbf,500,10,1,0.012179338326039053,6,"{'alpha_edge': [0, 0.001, 0.1, 1, 10], 'alpha_neuron': [0, 0.001, 0.1, 1, 10], 'layer_width': [100, 250, 500, 750, 1000], 'num_inducing': [10, 25, 50, 75, 100]}",COMPLETE,
7,0.013004818460334033,2026-07-26 16:18:48.395302,2026-07-26 16:18:49.366978,0.971676,1.0,1.0,250,10,1.0,1.0,0.8927314999746159,rbf,250,10,1,0.013004818460334033,7,"{'alpha_edge': [0, 0.001, 0.1, 1, 10], 'alpha_neuron': [0, 0.001, 0.1, 1, 10], 'layer_width': [100, 250, 500, 750, 1000], 'num_inducing': [10, 25, 50, 75, 100]}",COMPLETE,
8,0.00037179051114733403,2026-07-26 16:18:49.371916,2026-07-26 16:18:59.552238,10.180322,10.0,0.001,1000,50,10.0,0.001,8.938273417006712,rbf,1000,50,1,0.00037179051114733403,8,"{'alpha_edge': [0, 0.001, 0.1, 1, 10], 'alpha_neuron': [0, 0.001, 0.1, 1, 10], 'layer_width': [100, 250, 500, 750, 1000], 'num_inducing': [10, 25, 50, 75, 100]}",COMPLETE,
9,0.0034074730366766854,2026-07-26 16:18:59.579830,2026-07-26 16:19:06.764317,7.184487,0.001,1.0,500,75,0.001,1.0,6.226813791960012,rbf,500,75,1,0.0034074730366766854,9,"{'alpha_edge': [0, 0.001, 0.1, 1, 10], 'alpha_neuron': [0, 0.001, 0.1, 1, 10], 'layer_width': [100, 250, 500, 750, 1000], 'num_inducing': [10, 25, 50, 75, 100]}",COMPLETE,
10,0.00036502912175556207,2026-07-26 16:19:06.769903,2026-07-26 16:19:22.215312,15.445409,10.0,0.001,1000,75,10.0,0.001,13.323631917010061,rbf,1000,75,1,0.00036502912175556207,10,"{'alpha_edge': [0, 0.001, 0.1, 1, 10], 'alpha_neuron': [0, 0.001, 0.1, 1, 10], 'layer_width': [100, 250, 500, 750, 1000], 'num_inducing': [10, 25, 50, 75, 100]}",COMPLETE,
11,0.004842235977937914,2026-07-26 16:19:22.221715,2026-07-26 16:19:40.607326,18.385611,1.0,1.0,1000,100,1.0,1.0,16.192114375007804,rbf,1000,100,1,0.004842235977937914,11,"{'alpha_edge': [0, 0.001, 0.1, 1, 10], 'alpha_neuron': [0, 0.001, 0.1, 1, 10], 'layer_width': [100, 250, 500, 750, 1000], 'num_inducing': [10, 25, 50, 75, 100]}",COMPLETE,
12,0.01041160274199347,2026-07-26 16:19:40.611853,2026-07-26 16:19:41.790519,1.178666,0.001,0.0,100,50,0.001,0.0,1.069419667008333,rbf,100,50,1,0.01041160274199347,12,"{'alpha_edge': [0, 0.001, 0.1, 1, 10], 'alpha_neuron': [0, 0.001, 0.1, 1, 10], 'layer_width': [100, 250, 500, 750, 1000], 'num_inducing': [10, 25, 50, 75, 100]}",COMPLETE,
13,0.016544961896837164,2026-07-26 16:19:41.793717,2026-07-26 16:19:43.996771,2.203054,0.0,1.0,500,10,0.0,1.0,2.0454639999661595,rbf,500,10,1,0.016544961896837164,13,"{'alpha_edge': [0, 0.001, 0.1, 1, 10], 'alpha_neuron': [0, 0.001, 0.1, 1, 10], 'layer_width': [100, 250, 500, 750, 1000], 'num_inducing': [10, 25, 50, 75, 100]}",COMPLETE,
14,0.013643727681014765,2026-07-26 16:19:44.001871,2026-07-26 16:19:45.827605,1.825734,0.1,0.001,100,100,0.1,0.001,1.6103721670224331,rbf,100,100,1,0.013643727681014765,14,"{'alpha_edge': [0, 0.001, 0.1, 1, 10], 'alpha_neuron': [0, 0.001, 0.1, 1, 10], 'layer_width': [100, 250, 500, 750, 1000], 'num_inducing': [10, 25, 50, 75, 100]}",COMPLETE,
15,0.00013103210171572542,2026-07-26 16:19:45.830611,2026-07-26 16:19:47.573952,1.743341,10.0,0.0,250,25,10.0,0.0,1.4001883750315756,rbf,250,25,1,0.00013103210171572542,15,"{'alpha_edge': [0, 0.001, 0.1, 1, 10], 'alpha_neuron': [0, 0.001, 0.1, 1, 10], 'layer_width': [100, 250, 500, 750, 1000], 'num_inducing': [10, 25, 50, 75, 100]}",COMPLETE,
16,0.003405669656931145,2026-07-26 16:19:47.578498,2026-07-26 16:19:50.696637,3.118139,0.001,1.0,500,25,0.001,1.0,2.715464290988166,rbf,500,25,1,0.003405669656931145,16,"{'alpha_edge': [0, 0.001, 0.1, 1, 10], 'alpha_neuron': [0, 0.001, 0.1, 1, 10], 'layer_width': [100, 250, 500, 750, 1000], 'num_inducing': [10, 25, 50, 75, 100]}",COMPLETE,
17,0.003558827174322937,2026-07-26 16:19:50.699678,2026-07-26 16:19:53.730842,3.031164,1.0,0.1,500,25,1.0,0.1,2.6872244579717517,rbf,500,25,1,0.003558827174322937,17,"{'alpha_edge': [0, 0.001, 0.1, 1, 10], 'alpha_neuron': [0, 0.001, 0.1, 1, 10], 'layer_width': [100, 250, 500, 750, 1000], 'num_inducing': [10, 25, 50, 75, 100]}",COMPLETE,
18,0.012073050165315692,2026-07-26 16:19:53.736144,2026-07-26 16:19:55.121933,1.385789,0.1,0.001,100,75,0.1,0.001,1.2374950830126181,rbf,100,75,1,0.012073050165315692,18,"{'alpha_edge': [0, 0.001, 0.1, 1, 10], 'alpha_neuron': [0, 0.001, 0.1, 1, 10], 'layer_width': [100, 250, 500, 750, 1000], 'num_inducing': [10, 25, 50, 75, 100]}",COMPLETE,
19,0.011649462162476903,2026-07-26 16:19:55.124833,2026-07-26 16:19:58.787055,3.662222,1.0,10.0,1000,10,1.0,10.0,3.216192374995444,rbf,1000,10,1,0.011649462162476903,19,"{'alpha_edge': [0, 0.001, 0.1, 1, 10], 'alpha_neuron': [0, 0.001, 0.1, 1, 10], 'layer_width': [100, 250, 500, 750, 1000], 'num_inducing': [10, 25, 50, 75, 100]}",COMPLETE,
20,0.01634033018881056,2026-07-26 16:19:58.790087,2026-07-26 16:19:59.747756,0.957669,0.001,1.0,100,50,0.001,1.0,0.8619295000098646,rbf,100,50,1,0.01634033018881056,20,"{'alpha_edge': [0, 0.001, 0.1, 1, 10], 'alpha_neuron': [0, 0.001, 0.1, 1, 10], 'layer_width': [100, 250, 500, 750, 1000], 'num_inducing': [10, 25, 50, 75, 100]}",COMPLETE,
21,0.0018343503926433868,2026-07-26 16:19:59.752615,2026-07-26 16:20:04.778364,5.025749,0.001,0.1,500,50,0.001,0.1,4.400152042042464,rbf,500,50,1,0.0018343503926433868,21,"{'alpha_edge': [0, 0.001, 0.1, 1, 10], 'alpha_neuron': [0, 0.001, 0.1, 1, 10], 'layer_width': [100, 250, 500, 750, 1000], 'num_inducing': [10, 25, 50, 75, 100]}",COMPLETE,
22,1.9221165705876604e-08,2026-07-26 16:20:04.781488,2026-07-26 16:20:09.742969,4.961481,10.0,0.0,750,25,10.0,0.0,4.405588667024858,rbf,750,25,1,1.9221165705876604e-08,22,"{'alpha_edge': [0, 0.001, 0.1, 1, 10], 'alpha_neuron': [0, 0.001, 0.1, 1, 10], 'layer_width': [100, 250, 500, 750, 1000], 'num_inducing': [10, 25, 50, 75, 100]}",COMPLETE,
23,0.010755426749759026,2026-07-26 16:20:09.746030,2026-07-26 16:20:16.873689,7.127659,0.1,10.0,500,75,0.1,10.0,6.256588916992769,rbf,500,75,1,0.010755426749759026,23,"{'alpha_edge': [0, 0.001, 0.1, 1, 10], 'alpha_neuron': [0, 0.001, 0.1, 1, 10], 'layer_width': [100, 250, 500, 750, 1000], 'num_inducing': [10, 25, 50, 75, 100]}",COMPLETE,
24,0.00041033563790133793,2026-07-26 16:20:16.876896,2026-07-26 16:20:20.616622,3.739726,10.0,0.001,1000,10,10.0,0.001,3.3984296250273474,rbf,1000,10,1,0.00041033563790133793,24,"{'alpha_edge': [0, 0.001, 0.1, 1, 10], 'alpha_neuron': [0, 0.001, 0.1, 1, 10], 'layer_width': [100, 250, 500, 750, 1000], 'num_inducing': [10, 25, 50, 75, 100]}",COMPLETE,
25,0.005688904626698165,2026-07-26 16:20:20.622174,2026-07-26 16:20:23.312962,2.690788,1.0,1.0,750,10,1.0,1.0,2.433443207992241,rbf,750,10,1,0.005688904626698165,25,"{'alpha_edge': [0, 0.001, 0.1, 1, 10], 'alpha_neuron': [0, 0.001, 0.1, 1, 10], 'layer_width': [100, 250, 500, 750, 1000], 'num_inducing': [10, 25, 50, 75, 100]}",COMPLETE,
26,0.0061891068104141566,2026-07-26 16:20:23.322800,2026-07-26 16:20:24.907313,1.584513,0.001,1.0,250,25,0.001,1.0,1.383458000025712,rbf,250,25,1,0.0061891068104141566,26,"{'alpha_edge': [0, 0.001, 0.1, 1, 10], 'alpha_neuron': [0, 0.001, 0.1, 1, 10], 'layer_width': [100, 250, 500, 750, 1000], 'num_inducing': [10, 25, 50, 75, 100]}",COMPLETE,
27,0.03705137964503315,2026-07-26 16:20:24.955416,2026-07-26 16:20:25.561196,0.60578,0.1,10.0,100,25,0.1,10.0,0.4987008749740198,rbf,100,25,1,0.03705137964503315,27,"{'alpha_edge': [0, 0.001, 0.1, 1, 10], 'alpha_neuron': [0, 0.001, 0.1, 1, 10], 'layer_width': [100, 250, 500, 750, 1000], 'num_inducing': [10, 25, 50, 75, 100]}",COMPLETE,
28,0.04593390138832479,2026-07-26 16:20:25.564112,2026-07-26 16:20:49.881689,24.317577,0.0,0.001,1000,75,0.0,0.001,22.356875416997354,rbf,1000,75,1,0.04593390138832479,28,"{'alpha_edge': [0, 0.001, 0.1, 1, 10], 'alpha_neuron': [0, 0.001, 0.1, 1, 10], 'layer_width': [100, 250, 500, 750, 1000], 'num_inducing': [10, 25, 50, 75, 100]}",COMPLETE,
29,0.0071017424322653575,2026-07-26 16:20:49.887141,2026-07-26 16:21:08.728431,18.84129,0.001,10.0,1000,100,0.001,10.0,16.535139874962624,rbf,1000,100,1,0.0071017424322653575,29,"{'alpha_edge': [0, 0.001, 0.1, 1, 10], 'alpha_neuron': [0, 0.001, 0.1, 1, 10], 'layer_width': [100, 250, 500, 750, 1000], 'num_inducing': [10, 25, 50, 75, 100]}",COMPLETE,
30,0.018280883249455725,2026-07-26 16:21:08.731405,2026-07-26 16:21:09.164774,0.433369,0.001,1.0,100,10,0.001,1.0,0.40158604097086936,rbf,100,10,1,0.018280883249455725,30,"{'alpha_edge': [0, 0.001, 0.1, 1, 10], 'alpha_neuron': [0, 0.001, 0.1, 1, 10], 'layer_width': [100, 250, 500, 750, 1000], 'num_inducing': [10, 25, 50, 75, 100]}",COMPLETE,
31,0.008597832471350082,2026-07-26 16:21:09.169724,2026-07-26 16:21:10.302395,1.132671,1.0,0.001,100,50,1.0,0.001,1.0046959170140326,rbf,100,50,1,0.008597832471350082,31,"{'alpha_edge': [0, 0.001, 0.1, 1, 10], 'alpha_neuron': [0, 0.001, 0.1, 1, 10], 'layer_width': [100, 250, 500, 750, 1000], 'num_inducing': [10, 25, 50, 75, 100]}",COMPLETE,
32,0.00392318745848145,2026-07-26 16:21:10.305377,2026-07-26 16:21:19.394151,9.088774,0.1,1.0,500,100,0.1,1.0,7.895189707982354,rbf,500,100,1,0.00392318745848145,32,"{'alpha_edge': [0, 0.001, 0.1, 1, 10], 'alpha_neuron': [0, 0.001, 0.1, 1, 10], 'layer_width': [100, 250, 500, 750, 1000], 'num_inducing': [10, 25, 50, 75, 100]}",COMPLETE,
33,0.01349693678456176,2026-07-26 16:21:19.397332,2026-07-26 16:21:21.883531,2.486199,10.0,1.0,250,50,10.0,1.0,2.183357125031762,rbf,250,50,1,0.01349693678456176,33,"{'alpha_edge': [0, 0.001, 0.1, 1, 10], 'alpha_neuron': [0, 0.001, 0.1, 1, 10], 'layer_width': [100, 250, 500, 750, 1000], 'num_inducing': [10, 25, 50, 75, 100]}",COMPLETE,
34,0.02967885889244757,2026-07-26 16:21:21.888170,2026-07-26 16:21:33.612829,11.724659,0.0,0.0,750,50,0.0,0.0,10.884706417040434,rbf,750,50,1,0.02967885889244757,34,"{'alpha_edge': [0, 0.001, 0.1, 1, 10], 'alpha_neuron': [0, 0.001, 0.1, 1, 10], 'layer_width': [100, 250, 500, 750, 1000], 'num_inducing': [10, 25, 50, 75, 100]}",COMPLETE,
35,0.0068970276838680985,2026-07-26 16:21:33.615898,2026-07-26 16:21:34.581853,0.965955,0.001,1.0,250,10,0.001,1.0,0.8566677090129815,rbf,250,10,1,0.0068970276838680985,35,"{'alpha_edge': [0, 0.001, 0.1, 1, 10], 'alpha_neuron': [0, 0.001, 0.1, 1, 10], 'layer_width': [100, 250, 500, 750, 1000], 'num_inducing': [10, 25, 50, 75, 100]}",COMPLETE,
36,0.024727849034214152,2026-07-26 16:21:34.586949,2026-07-26 16:21:38.151619,3.56467,1.0,10.0,250,75,1.0,10.0,3.101425124972593,rbf,250,75,1,0.024727849034214152,36,"{'alpha_edge': [0, 0.001, 0.1, 1, 10], 'alpha_neuron': [0, 0.001, 0.1, 1, 10], 'layer_width': [100, 250, 500, 750, 1000], 'num_inducing': [10, 25, 50, 75, 100]}",COMPLETE,
37,0.0036089322610801176,2026-07-26 16:21:38.156931,2026-07-26 16:21:40.027341,1.87041,0.001,1.0,500,10,0.001,1.0,1.7121306250337511,rbf,500,10,1,0.0036089322610801176,37,"{'alpha_edge': [0, 0.001, 0.1, 1, 10], 'alpha_neuron': [0, 0.001, 0.1, 1, 10], 'layer_width': [100, 250, 500, 750, 1000], 'num_inducing': [10, 25, 50, 75, 100]}",COMPLETE,
38,0.08506904763649266,2026-07-26 16:21:40.031225,2026-07-26 16:22:12.324420,32.293195,0.0,0.001,1000,100,0.0,0.001,30.004130040993914,rbf,1000,100,1,0.08506904763649266,38,"{'alpha_edge': [0, 0.001, 0.1, 1, 10], 'alpha_neuron': [0, 0.001, 0.1, 1, 10], 'layer_width': [100, 250, 500, 750, 1000], 'num_inducing': [10, 25, 50, 75, 100]}",COMPLETE,
39,0.07646524772261674,2026-07-26 16:22:12.327575,2026-07-26 16:22:14.625555,2.29798,0.0,10.0,100,75,0.0,10.0,2.142358042008709,rbf,100,75,1,0.07646524772261674,39,"{'alpha_edge': [0, 0.001, 0.1, 1, 10], 'alpha_neuron': [0, 0.001, 0.1, 1, 10], 'layer_width': [100, 250, 500, 750, 1000], 'num_inducing': [10, 25, 50, 75, 100]}",COMPLETE,
40,0.0019077089459079845,2026-07-26 16:22:14.630588,2026-07-26 16:22:18.338751,3.708163,0.1,0.1,1000,10,0.1,0.1,3.3307088339934126,rbf,1000,10,1,0.0019077089459079845,40,"{'alpha_edge': [0, 0.001, 0.1, 1, 10], 'alpha_neuron': [0, 0.001, 0.1, 1, 10], 'layer_width': [100, 250, 500, 750, 1000], 'num_inducing': [10, 25, 50, 75, 100]}",COMPLETE,
41,0.014376374846420542,2026-07-26 16:22:18.341782,2026-07-26 16:22:21.011468,2.669686,10.0,10.0,750,10,10.0,10.0,2.4390543330227956,rbf,750,10,1,0.014376374846420542,41,"{'alpha_edge': [0, 0.001, 0.1, 1, 10], 'alpha_neuron': [0, 0.001, 0.1, 1, 10], 'layer_width': [100, 250, 500, 750, 1000], 'num_inducing': [10, 25, 50, 75, 100]}",COMPLETE,
42,0.024724767282208567,2026-07-26 16:22:21.018293,2026-07-26 16:22:22.174869,1.156576,1.0,1.0,100,50,1.0,1.0,1.0441413749940693,rbf,100,50,1,0.024724767282208567,42,"{'alpha_edge': [0, 0.001, 0.1, 1, 10], 'alpha_neuron': [0, 0.001, 0.1, 1, 10], 'layer_width': [100, 250, 500, 750, 1000], 'num_inducing': [10, 25, 50, 75, 100]}",COMPLETE,
43,0.0029904470856381617,2026-07-26 16:22:22.178139,2026-07-26 16:22:24.725325,2.547186,0.1,0.1,750,10,0.1,0.1,2.3438545420067385,rbf,750,10,1,0.0029904470856381617,43,"{'alpha_edge': [0, 0.001, 0.1, 1, 10], 'alpha_neuron': [0, 0.001, 0.1, 1, 10], 'layer_width': [100, 250, 500, 750, 1000], 'num_inducing': [10, 25, 50, 75, 100]}",COMPLETE,
44,0.02975609953739698,2026-07-26 16:22:24.729085,2026-07-26 16:22:26.534298,1.805213,1.0,10.0,100,100,1.0,10.0,1.5994647079496644,rbf,100,100,1,0.02975609953739698,44,"{'alpha_edge': [0, 0.001, 0.1, 1, 10], 'alpha_neuron': [0, 0.001, 0.1, 1, 10], 'layer_width': [100, 250, 500, 750, 1000], 'num_inducing': [10, 25, 50, 75, 100]}",COMPLETE,
45,0.07860670442742945,2026-07-26 16:22:26.538564,2026-07-26 16:22:28.221583,1.683019,0.0,1.0,100,50,0.0,1.0,1.5663797080051154,rbf,100,50,1,0.07860670442742945,45,"{'alpha_edge': [0, 0.001, 0.1, 1, 10], 'alpha_neuron': [0, 0.001, 0.1, 1, 10], 'layer_width': [100, 250, 500, 750, 1000], 'num_inducing': [10, 25, 50, 75, 100]}",COMPLETE,
46,0.012187854124701027,2026-07-26 16:22:28.224654,2026-07-26 16:22:31.352106,3.127452,0.1,10.0,500,25,0.1,10.0,2.728003374999389,rbf,500,25,1,0.012187854124701027,46,"{'alpha_edge': [0, 0.001, 0.1, 1, 10], 'alpha_neuron': [0, 0.001, 0.1, 1, 10], 'layer_width': [100, 250, 500, 750, 1000], 'num_inducing': [10, 25, 50, 75, 100]}",COMPLETE,
47,2.2900819423965908e-07,2026-07-26 16:22:31.355509,2026-07-26 16:22:40.498289,9.14278,10.0,0.0,500,100,10.0,0.0,8.02524629200343,rbf,500,100,1,2.2900819423965908e-07,47,"{'alpha_edge': [0, 0.001, 0.1, 1, 10], 'alpha_neuron': [0, 0.001, 0.1, 1, 10], 'layer_width': [100, 250, 500, 750, 1000], 'num_inducing': [10, 25, 50, 75, 100]}",COMPLETE,
48,0.002655449361605598,2026-07-26 16:22:40.504003,2026-07-26 16:22:54.905104,14.401101,0.1,1.0,1000,75,0.1,1.0,12.669071457989048,rbf,1000,75,1,0.002655449361605598,48,"{'alpha_edge': [0, 0.001, 0.1, 1, 10], 'alpha_neuron': [0, 0.001, 0.1, 1, 10], 'layer_width': [100, 250, 500, 750, 1000], 'num_inducing': [10, 25, 50, 75, 100]}",COMPLETE,
49,0.03346257904250016,2026-07-26 16:22:54.908092,2026-07-26 16:23:11.180388,16.272296,0.0,0.0,500,100,0.0,0.0,15.15341475000605,rbf,500,100,1,0.03346257904250016,49,"{'alpha_edge': [0, 0.001, 0.1, 1, 10], 'alpha_neuron': [0, 0.001, 0.1, 1, 10], 'layer_width': [100, 250, 500, 750, 1000], 'num_inducing': [10, 25, 50, 75, 100]}",COMPLETE,
50,0.002609706695976498,2026-07-26 16:23:11.184908,2026-07-26 16:23:13.791427,2.606519,0.001,0.001,250,50,0.001,0.001,2.3376774580101483,rbf,250,50,1,0.002609706695976498,50,"{'alpha_edge': [0, 0.001, 0.1, 1, 10], 'alpha_neuron': [0, 0.001, 0.1, 1, 10], 'layer_width': [100, 250, 500, 750, 1000], 'num_inducing': [10, 25, 50, 75, 100]}",COMPLETE,
51,0.0005215868672686485,2026-07-26 16:23:13.797088,2026-07-26 16:23:19.074452,5.277364,0.001,0.001,500,50,0.001,0.001,4.656437875004485,rbf,500,50,1,0.0005215868672686485,51,"{'alpha_edge': [0, 0.001, 0.1, 1, 10], 'alpha_neuron': [0, 0.001, 0.1, 1, 10], 'layer_width': [100, 250, 500, 750, 1000], 'num_inducing': [10, 25, 50, 75, 100]}",COMPLETE,
52,1.2460841694112344e-06,2026-07-26 16:23:19.086854,2026-07-26 16:23:22.045725,2.958871,10.0,0.0,500,25,10.0,0.0,2.568011875031516,rbf,500,25,1,1.2460841694112344e-06,52,"{'alpha_edge': [0, 0.001, 0.1, 1, 10], 'alpha_neuron': [0, 0.001, 0.1, 1, 10], 'layer_width': [100, 250, 500, 750, 1000], 'num_inducing': [10, 25, 50, 75, 100]}",COMPLETE,
53,0.00669742961986,2026-07-26 16:23:22.048957,2026-07-26 16:23:25.470787,3.42183,0.001,10.0,1000,10,0.001,10.0,3.0568564999848604,rbf,1000,10,1,0.00669742961986,53,"{'alpha_edge': [0, 0.001, 0.1, 1, 10], 'alpha_neuron': [0, 0.001, 0.1, 1, 10], 'layer_width': [100, 250, 500, 750, 1000], 'num_inducing': [10, 25, 50, 75, 100]}",COMPLETE,
54,0.010270329688579513,2026-07-26 16:23:25.474916,2026-07-26 16:23:43.579290,18.104374,1.0,10.0,1000,100,1.0,10.0,15.870635667000897,rbf,1000,100,1,0.010270329688579513,54,"{'alpha_edge': [0, 0.001, 0.1, 1, 10], 'alpha_neuron': [0, 0.001, 0.1, 1, 10], 'layer_width': [100, 250, 500, 750, 1000], 'num_inducing': [10, 25, 50, 75, 100]}",COMPLETE,
55,0.0683863651072583,2026-07-26 16:23:43.582886,2026-07-26 16:23:44.450104,0.867218,0.0,0.0,100,25,0.0,0.0,0.7605516249896027,rbf,100,25,1,0.0683863651072583,55,"{'alpha_edge': [0, 0.001, 0.1, 1, 10], 'alpha_neuron': [0, 0.001, 0.1, 1, 10], 'layer_width': [100, 250, 500, 750, 1000], 'num_inducing': [10, 25, 50, 75, 100]}",COMPLETE,
56,0.03790424764014176,2026-07-26 16:23:44.481801,2026-07-26 16:23:52.323248,7.841447,0.0,0.1,500,50,0.0,0.1,7.269661083992105,rbf,500,50,1,0.03790424764014176,56,"{'alpha_edge': [0, 0.001, 0.1, 1, 10], 'alpha_neuron': [0, 0.001, 0.1, 1, 10], 'layer_width': [100, 250, 500, 750, 1000], 'num_inducing': [10, 25, 50, 75, 100]}",COMPLETE,
57,0.07319877428262136,2026-07-26 16:23:52.326559,2026-07-26 16:23:53.359248,1.032689,0.0,0.1,250,10,0.0,0.1,0.9453732080291957,rbf,250,10,1,0.07319877428262136,57,"{'alpha_edge': [0, 0.001, 0.1, 1, 10], 'alpha_neuron': [0, 0.001, 0.1, 1, 10], 'layer_width': [100, 250, 500, 750, 1000], 'num_inducing': [10, 25, 50, 75, 100]}",COMPLETE,
58,0.013395673431652337,2026-07-26 16:23:53.366109,2026-07-26 16:23:54.419346,1.053237,1.0,0.1,100,50,1.0,0.1,0.9358017920167185,rbf,100,50,1,0.013395673431652337,58,"{'alpha_edge': [0, 0.001, 0.1, 1, 10], 'alpha_neuron': [0, 0.001, 0.1, 1, 10], 'layer_width': [100, 250, 500, 750, 1000], 'num_inducing': [10, 25, 50, 75, 100]}",COMPLETE,
59,0.006654703689568828,2026-07-26 16:23:54.422040,2026-07-26 16:23:54.820547,0.398507,0.1,0.0,100,10,0.1,0.0,0.37371766701107845,rbf,100,10,1,0.006654703689568828,59,"{'alpha_edge': [0, 0.001, 0.1, 1, 10], 'alpha_neuron': [0, 0.001, 0.1, 1, 10], 'layer_width': [100, 250, 500, 750, 1000], 'num_inducing': [10, 25, 50, 75, 100]}",COMPLETE,
60,0.0071111992091487265,2026-07-26 16:23:54.823547,2026-07-26 16:23:59.501695,4.678148,0.1,1.0,250,100,0.1,1.0,4.0484027080237865,rbf,250,100,1,0.0071111992091487265,60,"{'alpha_edge': [0, 0.001, 0.1, 1, 10], 'alpha_neuron': [0, 0.001, 0.1, 1, 10], 'layer_width': [100, 250, 500, 750, 1000], 'num_inducing': [10, 25, 50, 75, 100]}",COMPLETE,
61,0.0010822220612778449,2026-07-26 16:23:59.505085,2026-07-26 16:24:13.294739,13.789654,0.001,0.1,750,100,0.001,0.1,12.030941166973207,rbf,750,100,1,0.0010822220612778449,61,"{'alpha_edge': [0, 0.001, 0.1, 1, 10], 'alpha_neuron': [0, 0.001, 0.1, 1, 10], 'layer_width': [100, 250, 500, 750, 1000], 'num_inducing': [10, 25, 50, 75, 100]}",COMPLETE,
62,0.01865785861229853,2026-07-26 16:24:13.297753,2026-07-26 16:24:20.351496,7.053743,10.0,10.0,500,75,10.0,10.0,6.241102958039846,rbf,500,75,1,0.01865785861229853,62,"{'alpha_edge': [0, 0.001, 0.1, 1, 10], 'alpha_neuron': [0, 0.001, 0.1, 1, 10], 'layer_width': [100, 250, 500, 750, 1000], 'num_inducing': [10, 25, 50, 75, 100]}",COMPLETE,
63,0.0038216472825615085,2026-07-26 16:24:20.355307,2026-07-26 16:24:22.213585,1.858278,10.0,0.1,500,10,10.0,0.1,1.674149833037518,rbf,500,10,1,0.0038216472825615085,63,"{'alpha_edge': [0, 0.001, 0.1, 1, 10], 'alpha_neuron': [0, 0.001, 0.1, 1, 10], 'layer_width': [100, 250, 500, 750, 1000], 'num_inducing': [10, 25, 50, 75, 100]}",COMPLETE,
64,0.01160406323551955,2026-07-26 16:24:22.216940,2026-07-26 16:24:36.355335,14.138395,10.0,10.0,1000,75,10.0,10.0,12.491066333954223,rbf,1000,75,1,0.01160406323551955,64,"{'alpha_edge': [0, 0.001, 0.1, 1, 10], 'alpha_neuron': [0, 0.001, 0.1, 1, 10], 'layer_width': [100, 250, 500, 750, 1000], 'num_inducing': [10, 25, 50, 75, 100]}",COMPLETE,
65,0.0037344386262424633,2026-07-26 16:24:36.358289,2026-07-26 16:24:36.737506,0.379217,1.0,0.0,100,10,1.0,0.0,0.3481138340430334,rbf,100,10,1,0.0037344386262424633,65,"{'alpha_edge': [0, 0.001, 0.1, 1, 10], 'alpha_neuron': [0, 0.001, 0.1, 1, 10], 'layer_width': [100, 250, 500, 750, 1000], 'num_inducing': [10, 25, 50, 75, 100]}",COMPLETE,
66,0.04608583984980978,2026-07-26 16:24:36.740235,2026-07-26 16:24:42.463666,5.723431,0.0,0.0,250,75,0.0,0.0,5.258018374966923,rbf,250,75,1,0.04608583984980978,66,"{'alpha_edge': [0, 0.001, 0.1, 1, 10], 'alpha_neuron': [0, 0.001, 0.1, 1, 10], 'layer_width': [100, 250, 500, 750, 1000], 'num_inducing': [10, 25, 50, 75, 100]}",COMPLETE,
67,0.0003053181271596369,2026-07-26 16:24:42.466370,2026-07-26 16:24:50.996248,8.529878,1.0,0.001,750,50,1.0,0.001,7.570733833999839,rbf,750,50,1,0.0003053181271596369,67,"{'alpha_edge': [0, 0.001, 0.1, 1, 10], 'alpha_neuron': [0, 0.001, 0.1, 1, 10], 'layer_width': [100, 250, 500, 750, 1000], 'num_inducing': [10, 25, 50, 75, 100]}",COMPLETE,
68,0.0008854019135341519,2026-07-26 16:24:50.999402,2026-07-26 16:24:57.758644,6.759242,0.001,0.1,1000,25,0.001,0.1,6.078282166970894,rbf,1000,25,1,0.0008854019135341519,68,"{'alpha_edge': [0, 0.001, 0.1, 1, 10], 'alpha_neuron': [0, 0.001, 0.1, 1, 10], 'layer_width': [100, 250, 500, 750, 1000], 'num_inducing': [10, 25, 50, 75, 100]}",COMPLETE,
69,0.03601049539053159,2026-07-26 16:24:57.761641,2026-07-26 16:25:06.322282,8.560641,0.0,0.0,1000,25,0.0,0.0,7.791290124994703,rbf,1000,25,1,0.03601049539053159,69,"{'alpha_edge': [0, 0.001, 0.1, 1, 10], 'alpha_neuron': [0, 0.001, 0.1, 1, 10], 'layer_width': [100, 250, 500, 750, 1000], 'num_inducing': [10, 25, 50, 75, 100]}",COMPLETE,
70,0.000592576674602808,2026-07-26 16:25:06.325444,2026-07-26 16:25:11.636925,5.311481,1.0,0.001,500,50,1.0,0.001,4.615622333018109,rbf,500,50,1,0.000592576674602808,70,"{'alpha_edge': [0, 0.001, 0.1, 1, 10], 'alpha_neuron': [0, 0.001, 0.1, 1, 10], 'layer_width': [100, 250, 500, 750, 1000], 'num_inducing': [10, 25, 50, 75, 100]}",COMPLETE,
71,0.00020238844534700468,2026-07-26 16:25:11.639989,2026-07-26 16:25:22.297494,10.657505,0.001,0.001,1000,50,0.001,0.001,9.067137125006411,rbf,1000,50,1,0.00020238844534700468,71,"{'alpha_edge': [0, 0.001, 0.1, 1, 10], 'alpha_neuron': [0, 0.001, 0.1, 1, 10], 'layer_width': [100, 250, 500, 750, 1000], 'num_inducing': [10, 25, 50, 75, 100]}",COMPLETE,
72,0.00025543487327040203,2026-07-26 16:25:22.303809,2026-07-26 16:25:39.389972,17.086163,0.001,0.001,1000,75,0.001,0.001,14.755662542011123,rbf,1000,75,1,0.00025543487327040203,72,"{'alpha_edge': [0, 0.001, 0.1, 1, 10], 'alpha_neuron': [0, 0.001, 0.1, 1, 10], 'layer_width': [100, 250, 500, 750, 1000], 'num_inducing': [10, 25, 50, 75, 100]}",COMPLETE,
73,0.0022180919939533647,2026-07-26 16:25:39.395129,2026-07-26 16:25:40.530569,1.13544,0.001,0.001,250,10,0.001,0.001,0.9870836249901913,rbf,250,10,1,0.0022180919939533647,73,"{'alpha_edge': [0, 0.001, 0.1, 1, 10], 'alpha_neuron': [0, 0.001, 0.1, 1, 10], 'layer_width': [100, 250, 500, 750, 1000], 'num_inducing': [10, 25, 50, 75, 100]}",COMPLETE,
74,0.0010596532715214362,2026-07-26 16:25:40.538095,2026-07-26 16:25:43.393036,2.854941,0.001,0.1,750,10,0.001,0.1,2.5167354170116596,rbf,750,10,1,0.0010596532715214362,74,"{'alpha_edge': [0, 0.001, 0.1, 1, 10], 'alpha_neuron': [0, 0.001, 0.1, 1, 10], 'layer_width': [100, 250, 500, 750, 1000], 'num_inducing': [10, 25, 50, 75, 100]}",COMPLETE,
75,1.8512565751345276e-05,2026-07-26 16:25:43.396300,2026-07-26 16:25:50.911247,7.514947,0.001,0.0,750,50,0.001,0.0,6.6714715419802815,rbf,750,50,1,1.8512565751345276e-05,75,"{'alpha_edge': [0, 0.001, 0.1, 1, 10], 'alpha_neuron': [0, 0.001, 0.1, 1, 10], 'layer_width': [100, 250, 500, 750, 1000], 'num_inducing': [10, 25, 50, 75, 100]}",COMPLETE,
76,0.0003455402459344654,2026-07-26 16:25:50.914260,2026-07-26 16:25:53.945183,3.030923,1.0,0.001,750,10,1.0,0.001,2.535352499980945,rbf,750,10,1,0.0003455402459344654,76,"{'alpha_edge': [0, 0.001, 0.1, 1, 10], 'alpha_neuron': [0, 0.001, 0.1, 1, 10], 'layer_width': [100, 250, 500, 750, 1000], 'num_inducing': [10, 25, 50, 75, 100]}",COMPLETE,
77,0.012018710337025479,2026-07-26 16:25:53.949518,2026-07-26 16:26:05.330695,11.381177,10.0,10.0,750,75,10.0,10.0,9.942977124999743,rbf,750,75,1,0.012018710337025479,77,"{'alpha_edge': [0, 0.001, 0.1, 1, 10], 'alpha_neuron': [0, 0.001, 0.1, 1, 10], 'layer_width': [100, 250, 500, 750, 1000], 'num_inducing': [10, 25, 50, 75, 100]}",COMPLETE,
78,0.014625342571798787,2026-07-26 16:26:05.336155,2026-07-26 16:26:06.280922,0.944767,10.0,1.0,250,10,10.0,1.0,0.8783299580099992,rbf,250,10,1,0.014625342571798787,78,"{'alpha_edge': [0, 0.001, 0.1, 1, 10], 'alpha_neuron': [0, 0.001, 0.1, 1, 10], 'layer_width': [100, 250, 500, 750, 1000], 'num_inducing': [10, 25, 50, 75, 100]}",COMPLETE,
79,0.028756123258589544,2026-07-26 16:26:06.284123,2026-07-26 16:26:15.309981,9.025858,0.0,0.001,500,50,0.0,0.001,8.400822833005805,rbf,500,50,1,0.028756123258589544,79,"{'alpha_edge': [0, 0.001, 0.1, 1, 10], 'alpha_neuron': [0, 0.001, 0.1, 1, 10], 'layer_width': [100, 250, 500, 750, 1000], 'num_inducing': [10, 25, 50, 75, 100]}",COMPLETE,
80,2.7453313531717943e-08,2026-07-26 16:26:15.313081,2026-07-26 16:26:20.356348,5.043267,0.1,0.0,750,25,0.1,0.0,4.470881916000508,rbf,750,25,1,2.7453313531717943e-08,80,"{'alpha_edge': [0, 0.001, 0.1, 1, 10], 'alpha_neuron': [0, 0.001, 0.1, 1, 10], 'layer_width': [100, 250, 500, 750, 1000], 'num_inducing': [10, 25, 50, 75, 100]}",COMPLETE,
81,0.0010813527223925187,2026-07-26 16:26:20.359552,2026-07-26 16:26:30.963447,10.603895,0.001,0.1,750,75,0.001,0.1,9.326013459009118,rbf,750,75,1,0.0010813527223925187,81,"{'alpha_edge': [0, 0.001, 0.1, 1, 10], 'alpha_neuron': [0, 0.001, 0.1, 1, 10], 'layer_width': [100, 250, 500, 750, 1000], 'num_inducing': [10, 25, 50, 75, 100]}",COMPLETE,
82,0.02414117633418052,2026-07-26 16:26:30.968502,2026-07-26 16:26:35.764035,4.795533,1.0,10.0,250,100,1.0,10.0,4.254551166959573,rbf,250,100,1,0.02414117633418052,82,"{'alpha_edge': [0, 0.001, 0.1, 1, 10], 'alpha_neuron': [0, 0.001, 0.1, 1, 10], 'layer_width': [100, 250, 500, 750, 1000], 'num_inducing': [10, 25, 50, 75, 100]}",COMPLETE,
83,0.06465868360488643,2026-07-26 16:26:35.769429,2026-07-26 16:26:43.578647,7.809218,0.0,0.001,250,100,0.0,0.001,7.249988958996255,rbf,250,100,1,0.06465868360488643,83,"{'alpha_edge': [0, 0.001, 0.1, 1, 10], 'alpha_neuron': [0, 0.001, 0.1, 1, 10], 'layer_width': [100, 250, 500, 750, 1000], 'num_inducing': [10, 25, 50, 75, 100]}",COMPLETE,
84,0.004892730603495741,2026-07-26 16:26:43.582143,2026-07-26 16:26:50.919059,7.336916,1.0,1.0,750,50,1.0,1.0,6.457214333000593,rbf,750,50,1,0.004892730603495741,84,"{'alpha_edge': [0, 0.001, 0.1, 1, 10], 'alpha_neuron': [0, 0.001, 0.1, 1, 10], 'layer_width': [100, 250, 500, 750, 1000], 'num_inducing': [10, 25, 50, 75, 100]}",COMPLETE,
85,0.032528914509909405,2026-07-26 16:26:50.922183,2026-07-26 16:27:06.901423,15.97924,0.0,0.1,500,100,0.0,0.1,14.872682708024513,rbf,500,100,1,0.032528914509909405,85,"{'alpha_edge': [0, 0.001, 0.1, 1, 10], 'alpha_neuron': [0, 0.001, 0.1, 1, 10], 'layer_width': [100, 250, 500, 750, 1000], 'num_inducing': [10, 25, 50, 75, 100]}",COMPLETE,
86,0.01124163845782153,2026-07-26 16:27:06.904678,2026-07-26 16:27:09.380458,2.47578,1.0,1.0,250,50,1.0,1.0,2.186236541951075,rbf,250,50,1,0.01124163845782153,86,"{'alpha_edge': [0, 0.001, 0.1, 1, 10], 'alpha_neuron': [0, 0.001, 0.1, 1, 10], 'layer_width': [100, 250, 500, 750, 1000], 'num_inducing': [10, 25, 50, 75, 100]}",COMPLETE,
87,0.0012772087076595407,2026-07-26 16:27:09.385323,2026-07-26 16:27:10.375995,0.990672,1.0,0.001,250,10,1.0,0.001,0.8946330830221996,rbf,250,10,1,0.0012772087076595407,87,"{'alpha_edge': [0, 0.001, 0.1, 1, 10], 'alpha_neuron': [0, 0.001, 0.1, 1, 10], 'layer_width': [100, 250, 500, 750, 1000], 'num_inducing': [10, 25, 50, 75, 100]}",COMPLETE,
88,0.007760732121873424,2026-07-26 16:27:10.378972,2026-07-26 16:27:11.748399,1.369427,1.0,0.001,100,75,1.0,0.001,1.212221750000026,rbf,100,75,1,0.007760732121873424,88,"{'alpha_edge': [0, 0.001, 0.1, 1, 10], 'alpha_neuron': [0, 0.001, 0.1, 1, 10], 'layer_width': [100, 250, 500, 750, 1000], 'num_inducing': [10, 25, 50, 75, 100]}",COMPLETE,
89,0.0002140806245006019,2026-07-26 16:27:11.753159,2026-07-26 16:27:25.425056,13.671897,0.1,0.001,750,100,0.1,0.001,12.052796915988438,rbf,750,100,1,0.0002140806245006019,89,"{'alpha_edge': [0, 0.001, 0.1, 1, 10], 'alpha_neuron': [0, 0.001, 0.1, 1, 10], 'layer_width': [100, 250, 500, 750, 1000], 'num_inducing': [10, 25, 50, 75, 100]}",COMPLETE,
90,0.014310871236007532,2026-07-26 16:27:25.429556,2026-07-26 16:27:26.860623,1.431067,0.001,0.1,100,75,0.001,0.1,1.2773621670203283,rbf,100,75,1,0.014310871236007532,90,"{'alpha_edge': [0, 0.001, 0.1, 1, 10], 'alpha_neuron': [0, 0.001, 0.1, 1, 10], 'layer_width': [100, 250, 500, 750, 1000], 'num_inducing': [10, 25, 50, 75, 100]}",COMPLETE,
91,0.008910550839943236,2026-07-26 16:27:26.863345,2026-07-26 16:27:27.625526,0.762181,0.1,0.1,100,25,0.1,0.1,0.6232645830023102,rbf,100,25,1,0.008910550839943236,91,"{'alpha_edge': [0, 0.001, 0.1, 1, 10], 'alpha_neuron': [0, 0.001, 0.1, 1, 10], 'layer_width': [100, 250, 500, 750, 1000], 'num_inducing': [10, 25, 50, 75, 100]}",COMPLETE,
92,4.260382262530405e-07,2026-07-26 16:27:27.628232,2026-07-26 16:27:29.711622,2.08339,1.0,0.0,500,10,1.0,0.0,1.931372624996584,rbf,500,10,1,4.260382262530405e-07,92,"{'alpha_edge': [0, 0.001, 0.1, 1, 10], 'alpha_neuron': [0, 0.001, 0.1, 1, 10], 'layer_width': [100, 250, 500, 750, 1000], 'num_inducing': [10, 25, 50, 75, 100]}",COMPLETE,
93,0.04759247856660666,2026-07-26 16:27:29.714705,2026-07-26 16:27:37.629655,7.91495,0.0,0.0,500,50,0.0,0.0,7.2006232920102775,rbf,500,50,1,0.04759247856660666,93,"{'alpha_edge': [0, 0.001, 0.1, 1, 10], 'alpha_neuron': [0, 0.001, 0.1, 1, 10], 'layer_width': [100, 250, 500, 750, 1000], 'num_inducing': [10, 25, 50, 75, 100]}",COMPLETE,
94,1.1580203200113819e-09,2026-07-26 16:27:37.632698,2026-07-26 16:27:42.826966,5.194268,1.0,0.0,1000,10,1.0,0.0,4.9132897080271505,rbf,1000,10,1,1.1580203200113819e-09,94,"{'alpha_edge': [0, 0.001, 0.1, 1, 10], 'alpha_neuron': [0, 0.001, 0.1, 1, 10], 'layer_width': [100, 250, 500, 750, 1000], 'num_inducing': [10, 25, 50, 75, 100]}",COMPLETE,
95,0.005386771347690096,2026-07-26 16:27:42.829881,2026-07-26 16:27:54.239103,11.409222,10.0,1.0,750,75,10.0,1.0,9.910907667013817,rbf,750,75,1,0.005386771347690096,95,"{'alpha_edge': [0, 0.001, 0.1, 1, 10], 'alpha_neuron': [0, 0.001, 0.1, 1, 10], 'layer_width': [100, 250, 500, 750, 1000], 'num_inducing': [10, 25, 50, 75, 100]}",COMPLETE,
96,0.005990742210786912,2026-07-26 16:27:54.242869,2026-07-26 16:28:05.479613,11.236744,10.0,1.0,1000,50,10.0,1.0,9.823827124957461,rbf,1000,50,1,0.005990742210786912,96,"{'alpha_edge': [0, 0.001, 0.1, 1, 10], 'alpha_neuron': [0, 0.001, 0.1, 1, 10], 'layer_width': [100, 250, 500, 750, 1000], 'num_inducing': [10, 25, 50, 75, 100]}",COMPLETE,
97,0.09273235857317154,2026-07-26 16:28:05.482374,2026-07-26 16:28:05.907402,0.425028,0.0,0.1,100,10,0.0,0.1,0.403408957994543,rbf,100,10,1,0.09273235857317154,97,"{'alpha_edge': [0, 0.001, 0.1, 1, 10], 'alpha_neuron': [0, 0.001, 0.1, 1, 10], 'layer_width': [100, 250, 500, 750, 1000], 'num_inducing': [10, 25, 50, 75, 100]}",COMPLETE,
98,3.910767809352776e-05,2026-07-26 16:28:05.910578,2026-07-26 16:28:19.582588,13.67201,0.001,0.0,750,100,0.001,0.0,12.07690383400768,rbf,750,100,1,3.910767809352776e-05,98,"{'alpha_edge': [0, 0.001, 0.1, 1, 10], 'alpha_neuron': [0, 0.001, 0.1, 1, 10], 'layer_width': [100, 250, 500, 750, 1000], 'num_inducing': [10, 25, 50, 75, 100]}",COMPLETE,
99,0.04850803772400436,2026-07-26 16:28:19.587941,2026-07-26 16:28:21.710122,2.122181,0.0,0.001,250,25,0.0,0.001,1.9750600419938564,rbf,250,25,1,0.04850803772400436,99,"{'alpha_edge': [0, 0.001, 0.1, 1, 10], 'alpha_neuron': [0, 0.001, 0.1, 1, 10], 'layer_width': [100, 250, 500, 750, 1000], 'num_inducing': [10, 25, 50, 75, 100]}",COMPLETE,
100,5.329403301187333e-07,2026-07-26 16:28:21.712815,2026-07-26 16:28:24.835346,3.122531,0.1,0.0,500,25,0.1,0.0,2.6722938339808024,rbf,500,25,1,5.329403301187333e-07,100,"{'alpha_edge': [0, 0.001, 0.1, 1, 10], 'alpha_neuron': [0, 0.001, 0.1, 1, 10], 'layer_width': [100, 250, 500, 750, 1000], 'num_inducing': [10, 25, 50, 75, 100]}",COMPLETE,
101,0.0036858131718341793,2026-07-26 16:28:24.838648,2026-07-26 16:28:30.612646,5.773998,10.0,0.1,500,50,10.0,0.1,4.908982707944233,rbf,500,50,1,0.0036858131718341793,101,"{'alpha_edge': [0, 0.001, 0.1, 1, 10], 'alpha_neuron': [0, 0.001, 0.1, 1, 10], 'layer_width': [100, 250, 500, 750, 1000], 'num_inducing': [10, 25, 50, 75, 100]}",COMPLETE,
102,0.06766161302061967,2026-07-26 16:28:30.616408,2026-07-26 16:28:31.768740,1.152332,0.0,10.0,100,25,0.0,10.0,1.061492042033933,rbf,100,25,1,0.06766161302061967,102,"{'alpha_edge': [0, 0.001, 0.1, 1, 10], 'alpha_neuron': [0, 0.001, 0.1, 1, 10], 'layer_width': [100, 250, 500, 750, 1000], 'num_inducing': [10, 25, 50, 75, 100]}",COMPLETE,
103,0.07512694673411006,2026-07-26 16:28:31.882444,2026-07-26 16:28:34.734754,2.85231,0.0,1.0,100,75,0.0,1.0,2.627321249980014,rbf,100,75,1,0.07512694673411006,103,"{'alpha_edge': [0, 0.001, 0.1, 1, 10], 'alpha_neuron': [0, 0.001, 0.1, 1, 10], 'layer_width': [100, 250, 500, 750, 1000], 'num_inducing': [10, 25, 50, 75, 100]}",COMPLETE,
104,0.01235667982612334,2026-07-26 16:28:34.741000,2026-07-26 16:28:39.114997,4.373997,10.0,10.0,1000,10,10.0,10.0,3.920611875015311,rbf,1000,10,1,0.01235667982612334,104,"{'alpha_edge': [0, 0.001, 0.1, 1, 10], 'alpha_neuron': [0, 0.001, 0.1, 1, 10], 'layer_width': [100, 250, 500, 750, 1000], 'num_inducing': [10, 25, 50, 75, 100]}",COMPLETE,
105,0.03315159349201326,2026-07-26 16:28:39.122442,2026-07-26 16:28:47.592409,8.469967,0.0,0.1,750,25,0.0,0.1,7.631054708035663,rbf,750,25,1,0.03315159349201326,105,"{'alpha_edge': [0, 0.001, 0.1, 1, 10], 'alpha_neuron': [0, 0.001, 0.1, 1, 10], 'layer_width': [100, 250, 500, 750, 1000], 'num_inducing': [10, 25, 50, 75, 100]}",COMPLETE,
106,0.00016134392415536315,2026-07-26 16:28:47.595246,2026-07-26 16:28:48.552610,0.957364,1.0,0.0,250,10,1.0,0.0,0.8775454160058871,rbf,250,10,1,0.00016134392415536315,106,"{'alpha_edge': [0, 0.001, 0.1, 1, 10], 'alpha_neuron': [0, 0.001, 0.1, 1, 10], 'layer_width': [100, 250, 500, 750, 1000], 'num_inducing': [10, 25, 50, 75, 100]}",COMPLETE,
107,0.014999326396355242,2026-07-26 16:28:48.555820,2026-07-26 16:28:52.243359,3.687539,0.001,10.0,250,75,0.001,10.0,3.191934874979779,rbf,250,75,1,0.014999326396355242,107,"{'alpha_edge': [0, 0.001, 0.1, 1, 10], 'alpha_neuron': [0, 0.001, 0.1, 1, 10], 'layer_width': [100, 250, 500, 750, 1000], 'num_inducing': [10, 25, 50, 75, 100]}",COMPLETE,
108,0.04428824778918193,2026-07-26 16:28:52.246355,2026-07-26 16:29:04.277575,12.03122,0.0,1.0,750,50,0.0,1.0,11.167058958031703,rbf,750,50,1,0.04428824778918193,108,"{'alpha_edge': [0, 0.001, 0.1, 1, 10], 'alpha_neuron': [0, 0.001, 0.1, 1, 10], 'layer_width': [100, 250, 500, 750, 1000], 'num_inducing': [10, 25, 50, 75, 100]}",COMPLETE,
109,0.008277895744319561,2026-07-26 16:29:04.280521,2026-07-26 16:29:07.121696,2.841175,0.001,10.0,750,10,0.001,10.0,2.5434275420266204,rbf,750,10,1,0.008277895744319561,109,"{'alpha_edge': [0, 0.001, 0.1, 1, 10], 'alpha_neuron': [0, 0.001, 0.1, 1, 10], 'layer_width': [100, 250, 500, 750, 1000], 'num_inducing': [10, 25, 50, 75, 100]}",COMPLETE,
110,0.002252915289216027,2026-07-26 16:29:07.124783,2026-07-26 16:29:17.497256,10.372473,10.0,0.1,1000,50,10.0,0.1,9.04757979203714,rbf,1000,50,1,0.002252915289216027,110,"{'alpha_edge': [0, 0.001, 0.1, 1, 10], 'alpha_neuron': [0, 0.001, 0.1, 1, 10], 'layer_width': [100, 250, 500, 750, 1000], 'num_inducing': [10, 25, 50, 75, 100]}",COMPLETE,
111,0.0024527907224837085,2026-07-26 16:29:17.526226,2026-07-26 16:29:35.271368,17.745142,0.001,1.0,1000,100,0.001,1.0,15.599974541983102,rbf,1000,100,1,0.0024527907224837085,111,"{'alpha_edge': [0, 0.001, 0.1, 1, 10], 'alpha_neuron': [0, 0.001, 0.1, 1, 10], 'layer_width': [100, 250, 500, 750, 1000], 'num_inducing': [10, 25, 50, 75, 100]}",COMPLETE,
112,0.022533332444579453,2026-07-26 16:29:35.274501,2026-07-26 16:29:36.152854,0.878353,0.1,10.0,250,10,0.1,10.0,0.7972761249984615,rbf,250,10,1,0.022533332444579453,112,"{'alpha_edge': [0, 0.001, 0.1, 1, 10], 'alpha_neuron': [0, 0.001, 0.1, 1, 10], 'layer_width': [100, 250, 500, 750, 1000], 'num_inducing': [10, 25, 50, 75, 100]}",COMPLETE,
113,0.00024703988553991316,2026-07-26 16:29:36.155851,2026-07-26 16:29:38.807488,2.651637,0.001,0.001,750,10,0.001,0.001,2.3511349580367096,rbf,750,10,1,0.00024703988553991316,113,"{'alpha_edge': [0, 0.001, 0.1, 1, 10], 'alpha_neuron': [0, 0.001, 0.1, 1, 10], 'layer_width': [100, 250, 500, 750, 1000], 'num_inducing': [10, 25, 50, 75, 100]}",COMPLETE,
114,0.0080525356517868,2026-07-26 16:29:38.812165,2026-07-26 16:29:45.908302,7.096137,1.0,1.0,500,75,1.0,1.0,6.265752999985125,rbf,500,75,1,0.0080525356517868,114,"{'alpha_edge': [0, 0.001, 0.1, 1, 10], 'alpha_neuron': [0, 0.001, 0.1, 1, 10], 'layer_width': [100, 250, 500, 750, 1000], 'num_inducing': [10, 25, 50, 75, 100]}",COMPLETE,
115,0.013314675126610246,2026-07-26 16:29:45.911515,2026-07-26 16:29:48.916009,3.004494,0.0,0.0,750,10,0.0,0.0,2.7768737919977866,rbf,750,10,1,0.013314675126610246,115,"{'alpha_edge': [0, 0.001, 0.1, 1, 10], 'alpha_neuron': [0, 0.001, 0.1, 1, 10], 'layer_width': [100, 250, 500, 750, 1000], 'num_inducing': [10, 25, 50, 75, 100]}",COMPLETE,
116,0.011102514010201039,2026-07-26 16:29:48.922063,2026-07-26 16:29:49.439082,0.517019,10.0,0.0,100,10,10.0,0.0,0.3898615829530172,rbf,100,10,1,0.011102514010201039,116,"{'alpha_edge': [0, 0.001, 0.1, 1, 10], 'alpha_neuron': [0, 0.001, 0.1, 1, 10], 'layer_width': [100, 250, 500, 750, 1000], 'num_inducing': [10, 25, 50, 75, 100]}",COMPLETE,
117,0.025318500857643943,2026-07-26 16:29:49.441942,2026-07-26 16:29:53.952247,4.510305,10.0,10.0,250,100,10.0,10.0,3.927943416987546,rbf,250,100,1,0.025318500857643943,117,"{'alpha_edge': [0, 0.001, 0.1, 1, 10], 'alpha_neuron': [0, 0.001, 0.1, 1, 10], 'layer_width': [100, 250, 500, 750, 1000], 'num_inducing': [10, 25, 50, 75, 100]}",COMPLETE,
118,0.0067884814030270075,2026-07-26 16:29:53.955436,2026-07-26 16:29:58.036919,4.081483,0.0,0.001,1000,10,0.0,0.001,3.7362751250038855,rbf,1000,10,1,0.0067884814030270075,118,"{'alpha_edge': [0, 0.001, 0.1, 1, 10], 'alpha_neuron': [0, 0.001, 0.1, 1, 10], 'layer_width': [100, 250, 500, 750, 1000], 'num_inducing': [10, 25, 50, 75, 100]}",COMPLETE,
119,0.04910361741212824,2026-07-26 16:29:58.040210,2026-07-26 16:30:00.274770,2.23456,0.0,0.0,250,25,0.0,0.0,2.072851042030379,rbf,250,25,1,0.04910361741212824,119,"{'alpha_edge': [0, 0.001, 0.1, 1, 10], 'alpha_neuron': [0, 0.001, 0.1, 1, 10], 'layer_width': [100, 250, 500, 750, 1000], 'num_inducing': [10, 25, 50, 75, 100]}",COMPLETE,
120,0.005162972020510286,2026-07-26 16:30:00.277852,2026-07-26 16:30:04.638484,4.360632,1.0,1.0,750,25,1.0,1.0,3.8132595000206493,rbf,750,25,1,0.005162972020510286,120,"{'alpha_edge': [0, 0.001, 0.1, 1, 10], 'alpha_neuron': [0, 0.001, 0.1, 1, 10], 'layer_width': [100, 250, 500, 750, 1000], 'num_inducing': [10, 25, 50, 75, 100]}",COMPLETE,
121,0.0027217180881466078,2026-07-26 16:30:04.641799,2026-07-26 16:30:14.710263,10.068464,0.1,1.0,750,75,0.1,1.0,8.793585958017502,rbf,750,75,1,0.0027217180881466078,121,"{'alpha_edge': [0, 0.001, 0.1, 1, 10], 'alpha_neuron': [0, 0.001, 0.1, 1, 10], 'layer_width': [100, 250, 500, 750, 1000], 'num_inducing': [10, 25, 50, 75, 100]}",COMPLETE,
122,0.010646467819205965,2026-07-26 16:30:14.713440,2026-07-26 16:30:19.901567,5.188127,0.1,10.0,500,50,0.1,10.0,4.558639750001021,rbf,500,50,1,0.010646467819205965,122,"{'alpha_edge': [0, 0.001, 0.1, 1, 10], 'alpha_neuron': [0, 0.001, 0.1, 1, 10], 'layer_width': [100, 250, 500, 750, 1000], 'num_inducing': [10, 25, 50, 75, 100]}",COMPLETE,
123,0.10397826727453545,2026-07-26 16:30:19.904800,2026-07-26 16:30:20.346064,0.441264,0.0,1.0,100,10,0.0,1.0,0.4073486670386046,rbf,100,10,1,0.10397826727453545,123,"{'alpha_edge': [0, 0.001, 0.1, 1, 10], 'alpha_neuron': [0, 0.001, 0.1, 1, 10], 'layer_width': [100, 250, 500, 750, 1000], 'num_inducing': [10, 25, 50, 75, 100]}",COMPLETE,
124,0.015988761143709392,2026-07-26 16:30:20.349208,2026-07-26 16:30:22.552993,2.203785,0.0,0.0,500,10,0.0,0.0,2.0613277499796823,rbf,500,10,1,0.015988761143709392,124,"{'alpha_edge': [0, 0.001, 0.1, 1, 10], 'alpha_neuron': [0, 0.001, 0.1, 1, 10], 'layer_width': [100, 250, 500, 750, 1000], 'num_inducing': [10, 25, 50, 75, 100]}",COMPLETE,
125,0.024588015068479133,2026-07-26 16:30:22.556129,2026-07-26 16:30:23.634894,1.078765,10.0,1.0,100,50,10.0,1.0,0.9508035419858061,rbf,100,50,1,0.024588015068479133,125,"{'alpha_edge': [0, 0.001, 0.1, 1, 10], 'alpha_neuron': [0, 0.001, 0.1, 1, 10], 'layer_width': [100, 250, 500, 750, 1000], 'num_inducing': [10, 25, 50, 75, 100]}",COMPLETE,
126,0.001811698769151781,2026-07-26 16:30:23.638004,2026-07-26 16:30:28.760332,5.122328,0.1,0.1,500,50,0.1,0.1,4.371212875004858,rbf,500,50,1,0.001811698769151781,126,"{'alpha_edge': [0, 0.001, 0.1, 1, 10], 'alpha_neuron': [0, 0.001, 0.1, 1, 10], 'layer_width': [100, 250, 500, 750, 1000], 'num_inducing': [10, 25, 50, 75, 100]}",COMPLETE,
127,0.09535745200480242,2026-07-26 16:30:28.763342,2026-07-26 16:30:44.126051,15.362709,0.0,10.0,1000,50,0.0,10.0,14.214751042018179,rbf,1000,50,1,0.09535745200480242,127,"{'alpha_edge': [0, 0.001, 0.1, 1, 10], 'alpha_neuron': [0, 0.001, 0.1, 1, 10], 'layer_width': [100, 250, 500, 750, 1000], 'num_inducing': [10, 25, 50, 75, 100]}",COMPLETE,
128,0.0025990274479131795,2026-07-26 16:30:44.129692,2026-07-26 16:30:59.462980,15.333288,10.0,0.1,750,100,10.0,0.1,13.189996500033885,rbf,750,100,1,0.0025990274479131795,128,"{'alpha_edge': [0, 0.001, 0.1, 1, 10], 'alpha_neuron': [0, 0.001, 0.1, 1, 10], 'layer_width': [100, 250, 500, 750, 1000], 'num_inducing': [10, 25, 50, 75, 100]}",COMPLETE,
129,0.00013012248944186842,2026-07-26 16:30:59.466100,2026-07-26 16:31:04.521104,5.055004,10.0,0.0,250,100,10.0,0.0,4.450931750005111,rbf,250,100,1,0.00013012248944186842,129,"{'alpha_edge': [0, 0.001, 0.1, 1, 10], 'alpha_neuron': [0, 0.001, 0.1, 1, 10], 'layer_width': [100, 250, 500, 750, 1000], 'num_inducing': [10, 25, 50, 75, 100]}",COMPLETE,
130,0.0055806326197630545,2026-07-26 16:31:04.524137,2026-07-26 16:31:08.601562,4.077425,10.0,1.0,1000,10,10.0,1.0,3.617600375029724,rbf,1000,10,1,0.0055806326197630545,130,"{'alpha_edge': [0, 0.001, 0.1, 1, 10], 'alpha_neuron': [0, 0.001, 0.1, 1, 10], 'layer_width': [100, 250, 500, 750, 1000], 'num_inducing': [10, 25, 50, 75, 100]}",COMPLETE,
131,0.0007509031112468027,2026-07-26 16:31:08.620716,2026-07-26 16:31:12.436681,3.815965,1.0,0.001,250,75,1.0,0.001,3.2867439159890637,rbf,250,75,1,0.0007509031112468027,131,"{'alpha_edge': [0, 0.001, 0.1, 1, 10], 'alpha_neuron': [0, 0.001, 0.1, 1, 10], 'layer_width': [100, 250, 500, 750, 1000], 'num_inducing': [10, 25, 50, 75, 100]}",COMPLETE,
132,0.01601471003446907,2026-07-26 16:31:12.439525,2026-07-26 16:31:15.895452,3.455927,0.0,1.0,750,10,0.0,1.0,3.108065624954179,rbf,750,10,1,0.01601471003446907,132,"{'alpha_edge': [0, 0.001, 0.1, 1, 10], 'alpha_neuron': [0, 0.001, 0.1, 1, 10], 'layer_width': [100, 250, 500, 750, 1000], 'num_inducing': [10, 25, 50, 75, 100]}",COMPLETE,
133,0.00035216694036475715,2026-07-26 16:31:15.899724,2026-07-26 16:31:24.400883,8.501159,10.0,0.001,750,50,10.0,0.001,7.501358625013381,rbf,750,50,1,0.00035216694036475715,133,"{'alpha_edge': [0, 0.001, 0.1, 1, 10], 'alpha_neuron': [0, 0.001, 0.1, 1, 10], 'layer_width': [100, 250, 500, 750, 1000], 'num_inducing': [10, 25, 50, 75, 100]}",COMPLETE,
134,3.4745946220972565e-09,2026-07-26 16:31:24.404809,2026-07-26 16:31:31.265581,6.860772,0.1,0.0,1000,25,0.1,0.0,6.072812125028577,rbf,1000,25,1,3.4745946220972565e-09,134,"{'alpha_edge': [0, 0.001, 0.1, 1, 10], 'alpha_neuron': [0, 0.001, 0.1, 1, 10], 'layer_width': [100, 250, 500, 750, 1000], 'num_inducing': [10, 25, 50, 75, 100]}",COMPLETE,
135,0.02834394090942535,2026-07-26 16:31:31.272506,2026-07-26 16:31:51.209188,19.936682,0.0,10.0,750,75,0.0,10.0,18.58264004101511,rbf,750,75,1,0.02834394090942535,135,"{'alpha_edge': [0, 0.001, 0.1, 1, 10], 'alpha_neuron': [0, 0.001, 0.1, 1, 10], 'layer_width': [100, 250, 500, 750, 1000], 'num_inducing': [10, 25, 50, 75, 100]}",COMPLETE,
136,7.251921902921237e-06,2026-07-26 16:31:51.212165,2026-07-26 16:31:58.953058,7.740893,0.1,0.0,500,75,0.1,0.0,6.782417249982245,rbf,500,75,1,7.251921902921237e-06,136,"{'alpha_edge': [0, 0.001, 0.1, 1, 10], 'alpha_neuron': [0, 0.001, 0.1, 1, 10], 'layer_width': [100, 250, 500, 750, 1000], 'num_inducing': [10, 25, 50, 75, 100]}",COMPLETE,
137,0.0004568007644193192,2026-07-26 16:31:58.956923,2026-07-26 16:32:08.280543,9.32362,1.0,0.001,500,100,1.0,0.001,8.088768083020113,rbf,500,100,1,0.0004568007644193192,137,"{'alpha_edge': [0, 0.001, 0.1, 1, 10], 'alpha_neuron': [0, 0.001, 0.1, 1, 10], 'layer_width': [100, 250, 500, 750, 1000], 'num_inducing': [10, 25, 50, 75, 100]}",COMPLETE,
138,0.0007065681724254698,2026-07-26 16:32:08.288141,2026-07-26 16:32:12.102498,3.814357,0.1,0.001,250,75,0.1,0.001,3.2538330419920385,rbf,250,75,1,0.0007065681724254698,138,"{'alpha_edge': [0, 0.001, 0.1, 1, 10], 'alpha_neuron': [0, 0.001, 0.1, 1, 10], 'layer_width': [100, 250, 500, 750, 1000], 'num_inducing': [10, 25, 50, 75, 100]}",COMPLETE,
139,0.02471935305043229,2026-07-26 16:32:12.106698,2026-07-26 16:32:13.410926,1.304228,10.0,1.0,100,75,10.0,1.0,1.1341137919807807,rbf,100,75,1,0.02471935305043229,139,"{'alpha_edge': [0, 0.001, 0.1, 1, 10], 'alpha_neuron': [0, 0.001, 0.1, 1, 10], 'layer_width': [100, 250, 500, 750, 1000], 'num_inducing': [10, 25, 50, 75, 100]}",COMPLETE,
140,1.51432838454339e-08,2026-07-26 16:32:13.414701,2026-07-26 16:32:24.583821,11.16912,0.1,0.0,750,75,0.1,0.0,9.900310875033028,rbf,750,75,1,1.51432838454339e-08,140,"{'alpha_edge': [0, 0.001, 0.1, 1, 10], 'alpha_neuron': [0, 0.001, 0.1, 1, 10], 'layer_width': [100, 250, 500, 750, 1000], 'num_inducing': [10, 25, 50, 75, 100]}",COMPLETE,
141,0.007024425924404928,2026-07-26 16:32:24.588256,2026-07-26 16:32:34.726808,10.138552,0.001,10.0,1000,50,0.001,10.0,9.035428208007943,rbf,1000,50,1,0.007024425924404928,141,"{'alpha_edge': [0, 0.001, 0.1, 1, 10], 'alpha_neuron': [0, 0.001, 0.1, 1, 10], 'layer_width': [100, 250, 500, 750, 1000], 'num_inducing': [10, 25, 50, 75, 100]}",COMPLETE,
142,0.010676541618549433,2026-07-26 16:32:34.729694,2026-07-26 16:32:35.866075,1.136381,0.1,0.0,100,50,0.1,0.0,1.0055679159704596,rbf,100,50,1,0.010676541618549433,142,"{'alpha_edge': [0, 0.001, 0.1, 1, 10], 'alpha_neuron': [0, 0.001, 0.1, 1, 10], 'layer_width': [100, 250, 500, 750, 1000], 'num_inducing': [10, 25, 50, 75, 100]}",COMPLETE,
143,0.009967387662566371,2026-07-26 16:32:35.870776,2026-07-26 16:32:36.455482,0.584706,10.0,0.001,100,25,10.0,0.001,0.5314077500370331,rbf,100,25,1,0.009967387662566371,143,"{'alpha_edge': [0, 0.001, 0.1, 1, 10], 'alpha_neuron': [0, 0.001, 0.1, 1, 10], 'layer_width': [100, 250, 500, 750, 1000], 'num_inducing': [10, 25, 50, 75, 100]}",COMPLETE,
144,0.0026656636848486947,2026-07-26 16:32:36.458422,2026-07-26 16:32:40.769624,4.311202,10.0,0.1,750,25,10.0,0.1,3.805491000006441,rbf,750,25,1,0.0026656636848486947,144,"{'alpha_edge': [0, 0.001, 0.1, 1, 10], 'alpha_neuron': [0, 0.001, 0.1, 1, 10], 'layer_width': [100, 250, 500, 750, 1000], 'num_inducing': [10, 25, 50, 75, 100]}",COMPLETE,
145,0.0026265786715009066,2026-07-26 16:32:40.772656,2026-07-26 16:32:43.291258,2.518602,0.001,0.0,250,50,0.001,0.0,2.207135249977,rbf,250,50,1,0.0026265786715009066,145,"{'alpha_edge': [0, 0.001, 0.1, 1, 10], 'alpha_neuron': [0, 0.001, 0.1, 1, 10], 'layer_width': [100, 250, 500, 750, 1000], 'num_inducing': [10, 25, 50, 75, 100]}",COMPLETE,
146,0.025253915083616324,2026-07-26 16:32:43.294580,2026-07-26 16:32:43.997487,0.702907,10.0,1.0,100,25,10.0,1.0,0.573356875043828,rbf,100,25,1,0.025253915083616324,146,"{'alpha_edge': [0, 0.001, 0.1, 1, 10], 'alpha_neuron': [0, 0.001, 0.1, 1, 10], 'layer_width': [100, 250, 500, 750, 1000], 'num_inducing': [10, 25, 50, 75, 100]}",COMPLETE,
147,0.002460426496716591,2026-07-26 16:32:44.002292,2026-07-26 16:32:47.873831,3.871539,0.1,0.1,250,75,0.1,0.1,3.2292834589607082,rbf,250,75,1,0.002460426496716591,147,"{'alpha_edge': [0, 0.001, 0.1, 1, 10], 'alpha_neuron': [0, 0.001, 0.1, 1, 10], 'layer_width': [100, 250, 500, 750, 1000], 'num_inducing': [10, 25, 50, 75, 100]}",COMPLETE,
148,0.07481638341700239,2026-07-26 16:32:47.878962,2026-07-26 16:33:05.174234,17.295272,0.0,1.0,1000,50,0.0,1.0,15.843030249990989,rbf,1000,50,1,0.07481638341700239,148,"{'alpha_edge': [0, 0.001, 0.1, 1, 10], 'alpha_neuron': [0, 0.001, 0.1, 1, 10], 'layer_width': [100, 250, 500, 750, 1000], 'num_inducing': [10, 25, 50, 75, 100]}",COMPLETE,
149,1.2814762723778625e-07,2026-07-26 16:33:05.179161,2026-07-26 16:33:09.247092,4.067931,1.0,0.0,500,25,1.0,0.0,3.537345374992583,rbf,500,25,1,1.2814762723778625e-07,149,"{'alpha_edge': [0, 0.001, 0.1, 1, 10], 'alpha_neuron': [0, 0.001, 0.1, 1, 10], 'layer_width': [100, 250, 500, 750, 1000], 'num_inducing': [10, 25, 50, 75, 100]}",COMPLETE,
150,0.003184938289264405,2026-07-26 16:33:09.255369,2026-07-26 16:33:14.980411,5.725042,1.0,0.1,500,50,1.0,0.1,5.0822332500247285,rbf,500,50,1,0.003184938289264405,150,"{'alpha_edge': [0, 0.001, 0.1, 1, 10], 'alpha_neuron': [0, 0.001, 0.1, 1, 10], 'layer_width': [100, 250, 500, 750, 1000], 'num_inducing': [10, 25, 50, 75, 100]}",COMPLETE,
151,0.0007751658909941427,2026-07-26 16:33:14.985753,2026-07-26 16:33:19.782766,4.797013,1.0,0.001,250,100,1.0,0.001,4.175269250001293,rbf,250,100,1,0.0007751658909941427,151,"{'alpha_edge': [0, 0.001, 0.1, 1, 10], 'alpha_neuron': [0, 0.001, 0.1, 1, 10], 'layer_width': [100, 250, 500, 750, 1000], 'num_inducing': [10, 25, 50, 75, 100]}",COMPLETE,
152,0.00018089199675039435,2026-07-26 16:33:19.788085,2026-07-26 16:33:23.315345,3.52726,0.001,0.001,1000,10,0.001,0.001,3.1859898749971762,rbf,1000,10,1,0.00018089199675039435,152,"{'alpha_edge': [0, 0.001, 0.1, 1, 10], 'alpha_neuron': [0, 0.001, 0.1, 1, 10], 'layer_width': [100, 250, 500, 750, 1000], 'num_inducing': [10, 25, 50, 75, 100]}",COMPLETE,
153,0.03971645305577497,2026-07-26 16:33:23.318012,2026-07-26 16:33:31.792585,8.474573,0.0,1.0,1000,25,0.0,1.0,7.845513625012245,rbf,1000,25,1,0.03971645305577497,153,"{'alpha_edge': [0, 0.001, 0.1, 1, 10], 'alpha_neuron': [0, 0.001, 0.1, 1, 10], 'layer_width': [100, 250, 500, 750, 1000], 'num_inducing': [10, 25, 50, 75, 100]}",COMPLETE,
154,0.0010194402054531295,2026-07-26 16:33:31.795709,2026-07-26 16:33:42.633835,10.838126,0.1,0.1,750,75,0.1,0.1,9.576339374994859,rbf,750,75,1,0.0010194402054531295,154,"{'alpha_edge': [0, 0.001, 0.1, 1, 10], 'alpha_neuron': [0, 0.001, 0.1, 1, 10], 'layer_width': [100, 250, 500, 750, 1000], 'num_inducing': [10, 25, 50, 75, 100]}",COMPLETE,
155,0.00035236380569847377,2026-07-26 16:33:42.638281,2026-07-26 16:33:46.933098,4.294817,10.0,0.001,750,25,10.0,0.001,3.832935541984625,rbf,750,25,1,0.00035236380569847377,155,"{'alpha_edge': [0, 0.001, 0.1, 1, 10], 'alpha_neuron': [0, 0.001, 0.1, 1, 10], 'layer_width': [100, 250, 500, 750, 1000], 'num_inducing': [10, 25, 50, 75, 100]}",COMPLETE,
156,0.02814993781011409,2026-07-26 16:33:46.938119,2026-07-26 16:33:48.955318,2.017199,0.001,10.0,100,100,0.001,10.0,1.8096564580337144,rbf,100,100,1,0.02814993781011409,156,"{'alpha_edge': [0, 0.001, 0.1, 1, 10], 'alpha_neuron': [0, 0.001, 0.1, 1, 10], 'layer_width': [100, 250, 500, 750, 1000], 'num_inducing': [10, 25, 50, 75, 100]}",COMPLETE,
157,0.03875957913597729,2026-07-26 16:33:48.960686,2026-07-26 16:34:05.414886,16.4542,0.0,1.0,500,100,0.0,1.0,15.36400320904795,rbf,500,100,1,0.03875957913597729,157,"{'alpha_edge': [0, 0.001, 0.1, 1, 10], 'alpha_neuron': [0, 0.001, 0.1, 1, 10], 'layer_width': [100, 250, 500, 750, 1000], 'num_inducing': [10, 25, 50, 75, 100]}",COMPLETE,
158,0.00489236432540041,2026-07-26 16:34:05.419972,2026-07-26 16:34:11.326362,5.90639,1.0,1.0,1000,25,1.0,1.0,5.282643457991071,rbf,1000,25,1,0.00489236432540041,158,"{'alpha_edge': [0, 0.001, 0.1, 1, 10], 'alpha_neuron': [0, 0.001, 0.1, 1, 10], 'layer_width': [100, 250, 500, 750, 1000], 'num_inducing': [10, 25, 50, 75, 100]}",COMPLETE,
159,0.030428919787680416,2026-07-26 16:34:11.329426,2026-07-26 16:34:11.724261,0.394835,0.001,10.0,100,10,0.001,10.0,0.362679332960397,rbf,100,10,1,0.030428919787680416,159,"{'alpha_edge': [0, 0.001, 0.1, 1, 10], 'alpha_neuron': [0, 0.001, 0.1, 1, 10], 'layer_width': [100, 250, 500, 750, 1000], 'num_inducing': [10, 25, 50, 75, 100]}",COMPLETE,
160,0.006378726816644057,2026-07-26 16:34:11.727871,2026-07-26 16:34:15.431112,3.703241,10.0,0.1,250,75,10.0,0.1,3.2612557919928804,rbf,250,75,1,0.006378726816644057,160,"{'alpha_edge': [0, 0.001, 0.1, 1, 10], 'alpha_neuron': [0, 0.001, 0.1, 1, 10], 'layer_width': [100, 250, 500, 750, 1000], 'num_inducing': [10, 25, 50, 75, 100]}",COMPLETE,
161,0.039216127197686954,2026-07-26 16:34:15.436196,2026-07-26 16:34:23.653162,8.216966,0.0,0.001,1000,25,0.0,0.001,7.4173197080381215,rbf,1000,25,1,0.039216127197686954,161,"{'alpha_edge': [0, 0.001, 0.1, 1, 10], 'alpha_neuron': [0, 0.001, 0.1, 1, 10], 'layer_width': [100, 250, 500, 750, 1000], 'num_inducing': [10, 25, 50, 75, 100]}",COMPLETE,
162,0.0012158195546405012,2026-07-26 16:34:23.657271,2026-07-26 16:34:25.111045,1.453774,1.0,0.001,250,25,1.0,0.001,1.2815187920350581,rbf,250,25,1,0.0012158195546405012,162,"{'alpha_edge': [0, 0.001, 0.1, 1, 10], 'alpha_neuron': [0, 0.001, 0.1, 1, 10], 'layer_width': [100, 250, 500, 750, 1000], 'num_inducing': [10, 25, 50, 75, 100]}",COMPLETE,
163,0.01620109971260371,2026-07-26 16:34:25.113851,2026-07-26 16:34:30.263378,5.149527,1.0,10.0,500,50,1.0,10.0,4.554146124981344,rbf,500,50,1,0.01620109971260371,163,"{'alpha_edge': [0, 0.001, 0.1, 1, 10], 'alpha_neuron': [0, 0.001, 0.1, 1, 10], 'layer_width': [100, 250, 500, 750, 1000], 'num_inducing': [10, 25, 50, 75, 100]}",COMPLETE,
164,0.00013496390432926096,2026-07-26 16:34:30.268103,2026-07-26 16:34:32.936259,2.668156,10.0,0.0,250,50,10.0,0.0,2.356132292014081,rbf,250,50,1,0.00013496390432926096,164,"{'alpha_edge': [0, 0.001, 0.1, 1, 10], 'alpha_neuron': [0, 0.001, 0.1, 1, 10], 'layer_width': [100, 250, 500, 750, 1000], 'num_inducing': [10, 25, 50, 75, 100]}",COMPLETE,
165,0.002883809793976271,2026-07-26 16:34:32.939578,2026-07-26 16:34:34.706806,1.767228,0.1,0.1,500,10,0.1,0.1,1.6555309579707682,rbf,500,10,1,0.002883809793976271,165,"{'alpha_edge': [0, 0.001, 0.1, 1, 10], 'alpha_neuron': [0, 0.001, 0.1, 1, 10], 'layer_width': [100, 250, 500, 750, 1000], 'num_inducing': [10, 25, 50, 75, 100]}",COMPLETE,
166,0.05192879430014061,2026-07-26 16:34:34.710352,2026-07-26 16:34:38.628223,3.917871,0.0,10.0,250,50,0.0,10.0,3.5986444579903036,rbf,250,50,1,0.05192879430014061,166,"{'alpha_edge': [0, 0.001, 0.1, 1, 10], 'alpha_neuron': [0, 0.001, 0.1, 1, 10], 'layer_width': [100, 250, 500, 750, 1000], 'num_inducing': [10, 25, 50, 75, 100]}",COMPLETE,
167,0.0024751306033855077,2026-07-26 16:34:38.631259,2026-07-26 16:34:47.940732,9.309473,1.0,0.1,500,100,1.0,0.1,8.083507875038777,rbf,500,100,1,0.0024751306033855077,167,"{'alpha_edge': [0, 0.001, 0.1, 1, 10], 'alpha_neuron': [0, 0.001, 0.1, 1, 10], 'layer_width': [100, 250, 500, 750, 1000], 'num_inducing': [10, 25, 50, 75, 100]}",COMPLETE,
168,0.007330276378736977,2026-07-26 16:34:47.944872,2026-07-26 16:34:49.886642,1.94177,1.0,0.001,100,100,1.0,0.001,1.7335477919550613,rbf,100,100,1,0.007330276378736977,168,"{'alpha_edge': [0, 0.001, 0.1, 1, 10], 'alpha_neuron': [0, 0.001, 0.1, 1, 10], 'layer_width': [100, 250, 500, 750, 1000], 'num_inducing': [10, 25, 50, 75, 100]}",COMPLETE,
169,0.09361681294867398,2026-07-26 16:34:49.889882,2026-07-26 16:34:50.336093,0.446211,0.0,0.0,100,10,0.0,0.0,0.4011617919895798,rbf,100,10,1,0.09361681294867398,169,"{'alpha_edge': [0, 0.001, 0.1, 1, 10], 'alpha_neuron': [0, 0.001, 0.1, 1, 10], 'layer_width': [100, 250, 500, 750, 1000], 'num_inducing': [10, 25, 50, 75, 100]}",COMPLETE,
170,0.00511862461247139,2026-07-26 16:34:50.339092,2026-07-26 16:34:54.986627,4.647535,1.0,0.1,250,100,1.0,0.1,4.021994000009727,rbf,250,100,1,0.00511862461247139,170,"{'alpha_edge': [0, 0.001, 0.1, 1, 10], 'alpha_neuron': [0, 0.001, 0.1, 1, 10], 'layer_width': [100, 250, 500, 750, 1000], 'num_inducing': [10, 25, 50, 75, 100]}",COMPLETE,
171,0.09993905021740541,2026-07-26 16:34:55.008148,2026-07-26 16:35:03.453469,8.445321,0.0,0.1,1000,25,0.0,0.1,7.790346333000343,rbf,1000,25,1,0.09993905021740541,171,"{'alpha_edge': [0, 0.001, 0.1, 1, 10], 'alpha_neuron': [0, 0.001, 0.1, 1, 10], 'layer_width': [100, 250, 500, 750, 1000], 'num_inducing': [10, 25, 50, 75, 100]}",COMPLETE,
172,0.03954708240216577,2026-07-26 16:35:03.456659,2026-07-26 16:35:04.598010,1.141351,10.0,10.0,100,50,10.0,10.0,1.014861750009004,rbf,100,50,1,0.03954708240216577,172,"{'alpha_edge': [0, 0.001, 0.1, 1, 10], 'alpha_neuron': [0, 0.001, 0.1, 1, 10], 'layer_width': [100, 250, 500, 750, 1000], 'num_inducing': [10, 25, 50, 75, 100]}",COMPLETE,
173,0.08616516671639038,2026-07-26 16:35:04.602701,2026-07-26 16:35:06.285719,1.683018,0.0,10.0,100,50,0.0,10.0,1.545599500008393,rbf,100,50,1,0.08616516671639038,173,"{'alpha_edge': [0, 0.001, 0.1, 1, 10], 'alpha_neuron': [0, 0.001, 0.1, 1, 10], 'layer_width': [100, 250, 500, 750, 1000], 'num_inducing': [10, 25, 50, 75, 100]}",COMPLETE,
174,0.000289114250417234,2026-07-26 16:35:06.288867,2026-07-26 16:35:17.109165,10.820298,1.0,0.001,750,75,1.0,0.001,9.593842916016001,rbf,750,75,1,0.000289114250417234,174,"{'alpha_edge': [0, 0.001, 0.1, 1, 10], 'alpha_neuron': [0, 0.001, 0.1, 1, 10], 'layer_width': [100, 250, 500, 750, 1000], 'num_inducing': [10, 25, 50, 75, 100]}",COMPLETE,
175,0.04424089300756577,2026-07-26 16:35:17.112441,2026-07-26 16:35:22.716834,5.604393,0.0,10.0,250,75,0.0,10.0,5.178045165957883,rbf,250,75,1,0.04424089300756577,175,"{'alpha_edge': [0, 0.001, 0.1, 1, 10], 'alpha_neuron': [0, 0.001, 0.1, 1, 10], 'layer_width': [100, 250, 500, 750, 1000], 'num_inducing': [10, 25, 50, 75, 100]}",COMPLETE,
176,0.005953689273005535,2026-07-26 16:35:22.721493,2026-07-26 16:35:27.122610,4.401117,10.0,1.0,750,25,10.0,1.0,3.7910087920026854,rbf,750,25,1,0.005953689273005535,176,"{'alpha_edge': [0, 0.001, 0.1, 1, 10], 'alpha_neuron': [0, 0.001, 0.1, 1, 10], 'layer_width': [100, 250, 500, 750, 1000], 'num_inducing': [10, 25, 50, 75, 100]}",COMPLETE,
177,0.0026163562303726223,2026-07-26 16:35:27.126233,2026-07-26 16:35:37.795243,10.66901,10.0,0.1,750,75,10.0,0.1,9.322838333959226,rbf,750,75,1,0.0026163562303726223,177,"{'alpha_edge': [0, 0.001, 0.1, 1, 10], 'alpha_neuron': [0, 0.001, 0.1, 1, 10], 'layer_width': [100, 250, 500, 750, 1000], 'num_inducing': [10, 25, 50, 75, 100]}",COMPLETE,
178,0.0010749116888179827,2026-07-26 16:35:37.798149,2026-07-26 16:35:51.791697,13.993548,0.1,0.1,750,100,0.1,0.1,12.380055374989752,rbf,750,100,1,0.0010749116888179827,178,"{'alpha_edge': [0, 0.001, 0.1, 1, 10], 'alpha_neuron': [0, 0.001, 0.1, 1, 10], 'layer_width': [100, 250, 500, 750, 1000], 'num_inducing': [10, 25, 50, 75, 100]}",COMPLETE,
179,0.0006184439741403086,2026-07-26 16:35:51.794761,2026-07-26 16:35:53.628362,1.833601,0.1,0.001,500,10,0.1,0.001,1.6921691249590367,rbf,500,10,1,0.0006184439741403086,179,"{'alpha_edge': [0, 0.001, 0.1, 1, 10], 'alpha_neuron': [0, 0.001, 0.1, 1, 10], 'layer_width': [100, 250, 500, 750, 1000], 'num_inducing': [10, 25, 50, 75, 100]}",COMPLETE,
180,0.00229929633141345,2026-07-26 16:35:53.631390,2026-07-26 16:36:08.356811,14.725421,10.0,0.1,1000,75,10.0,0.1,12.987678666017018,rbf,1000,75,1,0.00229929633141345,180,"{'alpha_edge': [0, 0.001, 0.1, 1, 10], 'alpha_neuron': [0, 0.001, 0.1, 1, 10], 'layer_width': [100, 250, 500, 750, 1000], 'num_inducing': [10, 25, 50, 75, 100]}",COMPLETE,
181,0.01282065085288713,2026-07-26 16:36:08.360072,2026-07-26 16:36:09.833007,1.472935,0.1,0.1,100,75,0.1,0.1,1.327006833977066,rbf,100,75,1,0.01282065085288713,181,"{'alpha_edge': [0, 0.001, 0.1, 1, 10], 'alpha_neuron': [0, 0.001, 0.1, 1, 10], 'layer_width': [100, 250, 500, 750, 1000], 'num_inducing': [10, 25, 50, 75, 100]}",COMPLETE,
182,0.00036015696203416667,2026-07-26 16:36:09.837130,2026-07-26 16:36:15.796968,5.959838,10.0,0.001,1000,25,10.0,0.001,5.205167416948825,rbf,1000,25,1,0.00036015696203416667,182,"{'alpha_edge': [0, 0.001, 0.1, 1, 10], 'alpha_neuron': [0, 0.001, 0.1, 1, 10], 'layer_width': [100, 250, 500, 750, 1000], 'num_inducing': [10, 25, 50, 75, 100]}",COMPLETE,
183,0.0028397073877857973,2026-07-26 16:36:15.799880,2026-07-26 16:36:17.478410,1.67853,0.001,0.1,250,25,0.001,0.1,1.3576167080318555,rbf,250,25,1,0.0028397073877857973,183,"{'alpha_edge': [0, 0.001, 0.1, 1, 10], 'alpha_neuron': [0, 0.001, 0.1, 1, 10], 'layer_width': [100, 250, 500, 750, 1000], 'num_inducing': [10, 25, 50, 75, 100]}",COMPLETE,
184,0.004768461693911893,2026-07-26 16:36:17.481419,2026-07-26 16:36:31.890705,14.409286,1.0,1.0,1000,75,1.0,1.0,12.791192958015017,rbf,1000,75,1,0.004768461693911893,184,"{'alpha_edge': [0, 0.001, 0.1, 1, 10], 'alpha_neuron': [0, 0.001, 0.1, 1, 10], 'layer_width': [100, 250, 500, 750, 1000], 'num_inducing': [10, 25, 50, 75, 100]}",COMPLETE,
185,0.012086536186870127,2026-07-26 16:36:31.894708,2026-07-26 16:36:42.484974,10.590266,1.0,10.0,750,75,1.0,10.0,9.422122166957706,rbf,750,75,1,0.012086536186870127,185,"{'alpha_edge': [0, 0.001, 0.1, 1, 10], 'alpha_neuron': [0, 0.001, 0.1, 1, 10], 'layer_width': [100, 250, 500, 750, 1000], 'num_inducing': [10, 25, 50, 75, 100]}",COMPLETE,
186,0.06839321016668504,2026-07-26 16:36:42.488052,2026-07-26 16:36:43.338432,0.85038,0.0,0.001,100,25,0.0,0.001,0.7566865839762613,rbf,100,25,1,0.06839321016668504,186,"{'alpha_edge': [0, 0.001, 0.1, 1, 10], 'alpha_neuron': [0, 0.001, 0.1, 1, 10], 'layer_width': [100, 250, 500, 750, 1000], 'num_inducing': [10, 25, 50, 75, 100]}",COMPLETE,
187,0.018150013543134332,2026-07-26 16:36:43.343302,2026-07-26 16:36:44.333737,0.990435,0.001,10.0,250,10,0.001,10.0,0.9118491670233198,rbf,250,10,1,0.018150013543134332,187,"{'alpha_edge': [0, 0.001, 0.1, 1, 10], 'alpha_neuron': [0, 0.001, 0.1, 1, 10], 'layer_width': [100, 250, 500, 750, 1000], 'num_inducing': [10, 25, 50, 75, 100]}",COMPLETE,
188,0.0033977980177616767,2026-07-26 16:36:44.337263,2026-07-26 16:36:51.463262,7.125999,0.1,1.0,500,75,0.1,1.0,6.171438957971986,rbf,500,75,1,0.0033977980177616767,188,"{'alpha_edge': [0, 0.001, 0.1, 1, 10], 'alpha_neuron': [0, 0.001, 0.1, 1, 10], 'layer_width': [100, 250, 500, 750, 1000], 'num_inducing': [10, 25, 50, 75, 100]}",COMPLETE,
189,3.0912373870694735e-08,2026-07-26 16:36:51.468255,2026-07-26 16:37:00.202480,8.734225,1.0,0.0,750,50,1.0,0.0,7.736383083974943,rbf,750,50,1,3.0912373870694735e-08,189,"{'alpha_edge': [0, 0.001, 0.1, 1, 10], 'alpha_neuron': [0, 0.001, 0.1, 1, 10], 'layer_width': [100, 250, 500, 750, 1000], 'num_inducing': [10, 25, 50, 75, 100]}",COMPLETE,
190,0.00013190475411367712,2026-07-26 16:37:00.206135,2026-07-26 16:37:04.008830,3.802695,10.0,0.0,250,75,10.0,0.0,3.3380154999904335,rbf,250,75,1,0.00013190475411367712,190,"{'alpha_edge': [0, 0.001, 0.1, 1, 10], 'alpha_neuron': [0, 0.001, 0.1, 1, 10], 'layer_width': [100, 250, 500, 750, 1000], 'num_inducing': [10, 25, 50, 75, 100]}",COMPLETE,
191,0.007034047710263548,2026-07-26 16:37:04.013367,2026-07-26 16:37:05.509097,1.49573,1.0,0.0,100,75,1.0,0.0,1.3345590839744546,rbf,100,75,1,0.007034047710263548,191,"{'alpha_edge': [0, 0.001, 0.1, 1, 10], 'alpha_neuron': [0, 0.001, 0.1, 1, 10], 'layer_width': [100, 250, 500, 750, 1000], 'num_inducing': [10, 25, 50, 75, 100]}",COMPLETE,
192,0.01202593662604275,2026-07-26 16:37:05.512270,2026-07-26 16:37:13.218513,7.706243,10.0,10.0,750,50,10.0,10.0,6.720196417008992,rbf,750,50,1,0.01202593662604275,192,"{'alpha_edge': [0, 0.001, 0.1, 1, 10], 'alpha_neuron': [0, 0.001, 0.1, 1, 10], 'layer_width': [100, 250, 500, 750, 1000], 'num_inducing': [10, 25, 50, 75, 100]}",COMPLETE,
193,0.011033053986959439,2026-07-26 16:37:13.221572,2026-07-26 16:37:16.176649,2.955077,0.001,10.0,500,25,0.001,10.0,2.6068594999960624,rbf,500,25,1,0.011033053986959439,193,"{'alpha_edge': [0, 0.001, 0.1, 1, 10], 'alpha_neuron': [0, 0.001, 0.1, 1, 10], 'layer_width': [100, 250, 500, 750, 1000], 'num_inducing': [10, 25, 50, 75, 100]}",COMPLETE,
194,0.003528643659686343,2026-07-26 16:37:16.179756,2026-07-26 16:37:20.872024,4.692268,0.001,0.0,250,100,0.001,0.0,4.079521957959514,rbf,250,100,1,0.003528643659686343,194,"{'alpha_edge': [0, 0.001, 0.1, 1, 10], 'alpha_neuron': [0, 0.001, 0.1, 1, 10], 'layer_width': [100, 250, 500, 750, 1000], 'num_inducing': [10, 25, 50, 75, 100]}",COMPLETE,
195,0.01689764925954433,2026-07-26 16:37:20.880265,2026-07-26 16:37:24.397044,3.516779,0.1,10.0,250,75,0.1,10.0,3.041566207946744,rbf,250,75,1,0.01689764925954433,195,"{'alpha_edge': [0, 0.001, 0.1, 1, 10], 'alpha_neuron': [0, 0.001, 0.1, 1, 10], 'layer_width': [100, 250, 500, 750, 1000], 'num_inducing': [10, 25, 50, 75, 100]}",COMPLETE,
196,0.03989879228813194,2026-07-26 16:37:24.402049,2026-07-26 16:37:25.807577,1.405528,10.0,10.0,100,75,10.0,10.0,1.2441633330308832,rbf,100,75,1,0.03989879228813194,196,"{'alpha_edge': [0, 0.001, 0.1, 1, 10], 'alpha_neuron': [0, 0.001, 0.1, 1, 10], 'layer_width': [100, 250, 500, 750, 1000], 'num_inducing': [10, 25, 50, 75, 100]}",COMPLETE,
197,0.022159715593405467,2026-07-26 16:37:25.810903,2026-07-26 16:37:27.415137,1.604234,0.001,10.0,250,25,0.001,10.0,1.4422839579638094,rbf,250,25,1,0.022159715593405467,197,"{'alpha_edge': [0, 0.001, 0.1, 1, 10], 'alpha_neuron': [0, 0.001, 0.1, 1, 10], 'layer_width': [100, 250, 500, 750, 1000], 'num_inducing': [10, 25, 50, 75, 100]}",COMPLETE,
198,0.001849816301885383,2026-07-26 16:37:27.419818,2026-07-26 16:37:30.398385,2.978567,0.001,0.1,500,25,0.001,0.1,2.600609832967166,rbf,500,25,1,0.001849816301885383,198,"{'alpha_edge': [0, 0.001, 0.1, 1, 10], 'alpha_neuron': [0, 0.001, 0.1, 1, 10], 'layer_width': [100, 250, 500, 750, 1000], 'num_inducing': [10, 25, 50, 75, 100]}",COMPLETE,
199,0.010262821686534737,2026-07-26 16:37:30.403097,2026-07-26 16:37:31.383306,0.980209,0.1,1.0,250,10,0.1,1.0,0.8875289169955067,rbf,250,10,1,0.010262821686534737,199,"{'alpha_edge': [0, 0.001, 0.1, 1, 10], 'alpha_neuron': [0, 0.001, 0.1, 1, 10], 'layer_width': [100, 250, 500, 750, 1000], 'num_inducing': [10, 25, 50, 75, 100]}",COMPLETE,
200,0.03737178235018651,2026-07-26 16:37:31.397389,2026-07-26 16:37:31.772797,0.375408,0.1,10.0,100,10,0.1,10.0,0.340988208015915,rbf,100,10,1,0.03737178235018651,200,"{'alpha_edge': [0, 0.001, 0.1, 1, 10], 'alpha_neuron': [0, 0.001, 0.1, 1, 10], 'layer_width': [100, 250, 500, 750, 1000], 'num_inducing': [10, 25, 50, 75, 100]}",COMPLETE,
201,0.008438948923714096,2026-07-26 16:37:31.776085,2026-07-26 16:37:42.340904,10.564819,0.001,10.0,750,75,0.001,10.0,9.352237790997606,rbf,750,75,1,0.008438948923714096,201,"{'alpha_edge': [0, 0.001, 0.1, 1, 10], 'alpha_neuron': [0, 0.001, 0.1, 1, 10], 'layer_width': [100, 250, 500, 750, 1000], 'num_inducing': [10, 25, 50, 75, 100]}",COMPLETE,
202,0.009089362538306799,2026-07-26 16:37:42.345663,2026-07-26 16:37:51.418048,9.072385,0.001,10.0,500,100,0.001,10.0,7.9341154170106165,rbf,500,100,1,0.009089362538306799,202,"{'alpha_edge': [0, 0.001, 0.1, 1, 10], 'alpha_neuron': [0, 0.001, 0.1, 1, 10], 'layer_width': [100, 250, 500, 750, 1000], 'num_inducing': [10, 25, 50, 75, 100]}",COMPLETE,
203,0.0005683517808093163,2026-07-26 16:37:51.421034,2026-07-26 16:37:58.835295,7.414261,10.0,0.001,500,75,10.0,0.001,6.449357541976497,rbf,500,75,1,0.0005683517808093163,203,"{'alpha_edge': [0, 0.001, 0.1, 1, 10], 'alpha_neuron': [0, 0.001, 0.1, 1, 10], 'layer_width': [100, 250, 500, 750, 1000], 'num_inducing': [10, 25, 50, 75, 100]}",COMPLETE,
204,4.0309215858144676e-09,2026-07-26 16:37:58.838456,2026-07-26 16:38:13.248495,14.410039,10.0,0.0,750,100,10.0,0.0,12.384059290983714,rbf,750,100,1,4.0309215858144676e-09,204,"{'alpha_edge': [0, 0.001, 0.1, 1, 10], 'alpha_neuron': [0, 0.001, 0.1, 1, 10], 'layer_width': [100, 250, 500, 750, 1000], 'num_inducing': [10, 25, 50, 75, 100]}",COMPLETE,
205,1.033768982029457e-05,2026-07-26 16:38:13.253274,2026-07-26 16:38:16.619170,3.365896,0.001,0.0,750,10,0.001,0.0,3.1019781249924563,rbf,750,10,1,1.033768982029457e-05,205,"{'alpha_edge': [0, 0.001, 0.1, 1, 10], 'alpha_neuron': [0, 0.001, 0.1, 1, 10], 'layer_width': [100, 250, 500, 750, 1000], 'num_inducing': [10, 25, 50, 75, 100]}",COMPLETE,
206,0.0036639775703361664,2026-07-26 16:38:16.622195,2026-07-26 16:38:25.864509,9.242314,10.0,0.1,500,100,10.0,0.1,8.130202500033192,rbf,500,100,1,0.0036639775703361664,206,"{'alpha_edge': [0, 0.001, 0.1, 1, 10], 'alpha_neuron': [0, 0.001, 0.1, 1, 10], 'layer_width': [100, 250, 500, 750, 1000], 'num_inducing': [10, 25, 50, 75, 100]}",COMPLETE,
207,0.00024642598884855446,2026-07-26 16:38:25.869322,2026-07-26 16:38:31.665959,5.796637,0.001,0.001,1000,25,0.001,0.001,5.114682666026056,rbf,1000,25,1,0.00024642598884855446,207,"{'alpha_edge': [0, 0.001, 0.1, 1, 10], 'alpha_neuron': [0, 0.001, 0.1, 1, 10], 'layer_width': [100, 250, 500, 750, 1000], 'num_inducing': [10, 25, 50, 75, 100]}",COMPLETE,
208,0.00019430756231992924,2026-07-26 16:38:31.671072,2026-07-26 16:38:42.548969,10.877897,0.1,0.001,750,75,0.1,0.001,9.533422041975427,rbf,750,75,1,0.00019430756231992924,208,"{'alpha_edge': [0, 0.001, 0.1, 1, 10], 'alpha_neuron': [0, 0.001, 0.1, 1, 10], 'layer_width': [100, 250, 500, 750, 1000], 'num_inducing': [10, 25, 50, 75, 100]}",COMPLETE,
209,0.03255052409856411,2026-07-26 16:38:42.554198,2026-07-26 16:38:54.696349,12.142151,0.0,10.0,500,75,0.0,10.0,11.22038212500047,rbf,500,75,1,0.03255052409856411,209,"{'alpha_edge': [0, 0.001, 0.1, 1, 10], 'alpha_neuron': [0, 0.001, 0.1, 1, 10], 'layer_width': [100, 250, 500, 750, 1000], 'num_inducing': [10, 25, 50, 75, 100]}",COMPLETE,
210,0.03617061650090725,2026-07-26 16:38:54.699407,2026-07-26 16:39:12.621623,17.922216,0.0,0.0,750,75,0.0,0.0,16.703370999952313,rbf,750,75,1,0.03617061650090725,210,"{'alpha_edge': [0, 0.001, 0.1, 1, 10], 'alpha_neuron': [0, 0.001, 0.1, 1, 10], 'layer_width': [100, 250, 500, 750, 1000], 'num_inducing': [10, 25, 50, 75, 100]}",COMPLETE,
211,0.06772913473687871,2026-07-26 16:39:12.624762,2026-07-26 16:39:13.561515,0.936753,0.0,1.0,100,25,0.0,1.0,0.8672127919853665,rbf,100,25,1,0.06772913473687871,211,"{'alpha_edge': [0, 0.001, 0.1, 1, 10], 'alpha_neuron': [0, 0.001, 0.1, 1, 10], 'layer_width': [100, 250, 500, 750, 1000], 'num_inducing': [10, 25, 50, 75, 100]}",COMPLETE,
212,0.008515283006416855,2026-07-26 16:39:13.564253,2026-07-26 16:39:21.395611,7.831358,0.001,10.0,750,50,0.001,10.0,6.991988708963618,rbf,750,50,1,0.008515283006416855,212,"{'alpha_edge': [0, 0.001, 0.1, 1, 10], 'alpha_neuron': [0, 0.001, 0.1, 1, 10], 'layer_width': [100, 250, 500, 750, 1000], 'num_inducing': [10, 25, 50, 75, 100]}",COMPLETE,
213,0.0020261054304327366,2026-07-26 16:39:21.398253,2026-07-26 16:39:24.415138,3.016885,0.1,0.1,500,25,0.1,0.1,2.693989416991826,rbf,500,25,1,0.0020261054304327366,213,"{'alpha_edge': [0, 0.001, 0.1, 1, 10], 'alpha_neuron': [0, 0.001, 0.1, 1, 10], 'layer_width': [100, 250, 500, 750, 1000], 'num_inducing': [10, 25, 50, 75, 100]}",COMPLETE,
214,3.734894114226391e-10,2026-07-26 16:39:24.420120,2026-07-26 16:39:43.229622,18.809502,1.0,0.0,1000,100,1.0,0.0,16.43613916594768,rbf,1000,100,1,3.734894114226391e-10,214,"{'alpha_edge': [0, 0.001, 0.1, 1, 10], 'alpha_neuron': [0, 0.001, 0.1, 1, 10], 'layer_width': [100, 250, 500, 750, 1000], 'num_inducing': [10, 25, 50, 75, 100]}",COMPLETE,
215,0.026424359964681128,2026-07-26 16:39:43.233656,2026-07-26 16:39:44.649386,1.41573,1.0,1.0,100,75,1.0,1.0,1.257814666023478,rbf,100,75,1,0.026424359964681128,215,"{'alpha_edge': [0, 0.001, 0.1, 1, 10], 'alpha_neuron': [0, 0.001, 0.1, 1, 10], 'layer_width': [100, 250, 500, 750, 1000], 'num_inducing': [10, 25, 50, 75, 100]}",COMPLETE,
216,0.00224836512867669,2026-07-26 16:39:44.654316,2026-07-26 16:39:51.919662,7.265346,0.001,0.1,500,75,0.001,0.1,6.367793832963798,rbf,500,75,1,0.00224836512867669,216,"{'alpha_edge': [0, 0.001, 0.1, 1, 10], 'alpha_neuron': [0, 0.001, 0.1, 1, 10], 'layer_width': [100, 250, 500, 750, 1000], 'num_inducing': [10, 25, 50, 75, 100]}",COMPLETE,
217,0.011723675614854505,2026-07-26 16:39:51.923680,2026-07-26 16:39:57.982639,6.058959,10.0,10.0,1000,25,10.0,10.0,5.237989125016611,rbf,1000,25,1,0.011723675614854505,217,"{'alpha_edge': [0, 0.001, 0.1, 1, 10], 'alpha_neuron': [0, 0.001, 0.1, 1, 10], 'layer_width': [100, 250, 500, 750, 1000], 'num_inducing': [10, 25, 50, 75, 100]}",COMPLETE,
218,0.025149276683641204,2026-07-26 16:39:57.987763,2026-07-26 16:40:00.702945,2.715182,1.0,10.0,250,50,1.0,10.0,2.3968622920219786,rbf,250,50,1,0.025149276683641204,218,"{'alpha_edge': [0, 0.001, 0.1, 1, 10], 'alpha_neuron': [0, 0.001, 0.1, 1, 10], 'layer_width': [100, 250, 500, 750, 1000], 'num_inducing': [10, 25, 50, 75, 100]}",COMPLETE,
219,1.8055353472601165e-09,2026-07-26 16:40:00.706063,2026-07-26 16:40:19.702296,18.996233,10.0,0.0,1000,100,10.0,0.0,16.61338616599096,rbf,1000,100,1,1.8055353472601165e-09,219,"{'alpha_edge': [0, 0.001, 0.1, 1, 10], 'alpha_neuron': [0, 0.001, 0.1, 1, 10], 'layer_width': [100, 250, 500, 750, 1000], 'num_inducing': [10, 25, 50, 75, 100]}",COMPLETE,
220,0.0036092784637095907,2026-07-26 16:40:19.705316,2026-07-26 16:40:24.186524,4.481208,0.001,0.001,250,100,0.001,0.001,3.9385832920088433,rbf,250,100,1,0.0036092784637095907,220,"{'alpha_edge': [0, 0.001, 0.1, 1, 10], 'alpha_neuron': [0, 0.001, 0.1, 1, 10], 'layer_width': [100, 250, 500, 750, 1000], 'num_inducing': [10, 25, 50, 75, 100]}",COMPLETE,
221,0.013064086295577742,2026-07-26 16:40:24.189373,2026-07-26 16:40:28.015441,3.826068,10.0,1.0,250,75,10.0,1.0,3.307963125000242,rbf,250,75,1,0.013064086295577742,221,"{'alpha_edge': [0, 0.001, 0.1, 1, 10], 'alpha_neuron': [0, 0.001, 0.1, 1, 10], 'layer_width': [100, 250, 500, 750, 1000], 'num_inducing': [10, 25, 50, 75, 100]}",COMPLETE,
222,0.005154361602638559,2026-07-26 16:40:28.020391,2026-07-26 16:40:31.917900,3.897509,0.1,1.0,1000,10,0.1,1.0,3.470399957965128,rbf,1000,10,1,0.005154361602638559,222,"{'alpha_edge': [0, 0.001, 0.1, 1, 10], 'alpha_neuron': [0, 0.001, 0.1, 1, 10], 'layer_width': [100, 250, 500, 750, 1000], 'num_inducing': [10, 25, 50, 75, 100]}",COMPLETE,
223,0.009660373761965225,2026-07-26 16:40:31.921390,2026-07-26 16:40:32.596892,0.675502,10.0,0.0,100,25,10.0,0.0,0.568964041012805,rbf,100,25,1,0.009660373761965225,223,"{'alpha_edge': [0, 0.001, 0.1, 1, 10], 'alpha_neuron': [0, 0.001, 0.1, 1, 10], 'layer_width': [100, 250, 500, 750, 1000], 'num_inducing': [10, 25, 50, 75, 100]}",COMPLETE,
224,0.002524713457361426,2026-07-26 16:40:32.603382,2026-07-26 16:40:42.896469,10.293087,0.001,1.0,1000,50,0.001,1.0,9.009816915960982,rbf,1000,50,1,0.002524713457361426,224,"{'alpha_edge': [0, 0.001, 0.1, 1, 10], 'alpha_neuron': [0, 0.001, 0.1, 1, 10], 'layer_width': [100, 250, 500, 750, 1000], 'num_inducing': [10, 25, 50, 75, 100]}",COMPLETE,
225,0.0038558890217432564,2026-07-26 16:40:42.902375,2026-07-26 16:40:44.781646,1.879271,1.0,0.1,500,10,1.0,0.1,1.5563832920161076,rbf,500,10,1,0.0038558890217432564,225,"{'alpha_edge': [0, 0.001, 0.1, 1, 10], 'alpha_neuron': [0, 0.001, 0.1, 1, 10], 'layer_width': [100, 250, 500, 750, 1000], 'num_inducing': [10, 25, 50, 75, 100]}",COMPLETE,
226,0.004673669515337079,2026-07-26 16:40:44.786485,2026-07-26 16:40:48.553366,3.766881,1.0,0.1,250,75,1.0,0.1,3.20964420796372,rbf,250,75,1,0.004673669515337079,226,"{'alpha_edge': [0, 0.001, 0.1, 1, 10], 'alpha_neuron': [0, 0.001, 0.1, 1, 10], 'layer_width': [100, 250, 500, 750, 1000], 'num_inducing': [10, 25, 50, 75, 100]}",COMPLETE,
227,0.012973322931616741,2026-07-26 16:40:48.556587,2026-07-26 16:40:49.036897,0.48031,0.001,0.1,100,10,0.001,0.1,0.42504445801023394,rbf,100,10,1,0.012973322931616741,227,"{'alpha_edge': [0, 0.001, 0.1, 1, 10], 'alpha_neuron': [0, 0.001, 0.1, 1, 10], 'layer_width': [100, 250, 500, 750, 1000], 'num_inducing': [10, 25, 50, 75, 100]}",COMPLETE,
228,0.042953234428262606,2026-07-26 16:40:49.039938,2026-07-26 16:40:57.304101,8.264163,0.0,10.0,500,50,0.0,10.0,7.480210084002465,rbf,500,50,1,0.042953234428262606,228,"{'alpha_edge': [0, 0.001, 0.1, 1, 10], 'alpha_neuron': [0, 0.001, 0.1, 1, 10], 'layer_width': [100, 250, 500, 750, 1000], 'num_inducing': [10, 25, 50, 75, 100]}",COMPLETE,
229,1.5500358196646994e-09,2026-07-26 16:40:57.306968,2026-07-26 16:41:08.637941,11.330973,0.1,0.0,1000,50,0.1,0.0,10.086116583028343,rbf,1000,50,1,1.5500358196646994e-09,229,"{'alpha_edge': [0, 0.001, 0.1, 1, 10], 'alpha_neuron': [0, 0.001, 0.1, 1, 10], 'layer_width': [100, 250, 500, 750, 1000], 'num_inducing': [10, 25, 50, 75, 100]}",COMPLETE,
230,0.04827876388032465,2026-07-26 16:41:08.653834,2026-07-26 16:41:26.923399,18.269565,0.0,0.1,750,75,0.0,0.1,16.999523749982473,rbf,750,75,1,0.04827876388032465,230,"{'alpha_edge': [0, 0.001, 0.1, 1, 10], 'alpha_neuron': [0, 0.001, 0.1, 1, 10], 'layer_width': [100, 250, 500, 750, 1000], 'num_inducing': [10, 25, 50, 75, 100]}",COMPLETE,
231,1.0604480844371438e-08,2026-07-26 16:41:26.928460,2026-07-26 16:41:31.955812,5.027352,1.0,0.0,750,25,1.0,0.0,4.557458625000436,rbf,750,25,1,1.0604480844371438e-08,231,"{'alpha_edge': [0, 0.001, 0.1, 1, 10], 'alpha_neuron': [0, 0.001, 0.1, 1, 10], 'layer_width': [100, 250, 500, 750, 1000], 'num_inducing': [10, 25, 50, 75, 100]}",COMPLETE,
232,0.00534749005740293,2026-07-26 16:41:31.958865,2026-07-26 16:41:36.051336,4.092471,0.0,0.0,1000,10,0.0,0.0,3.7737823330098763,rbf,1000,10,1,0.00534749005740293,232,"{'alpha_edge': [0, 0.001, 0.1, 1, 10], 'alpha_neuron': [0, 0.001, 0.1, 1, 10], 'layer_width': [100, 250, 500, 750, 1000], 'num_inducing': [10, 25, 50, 75, 100]}",COMPLETE,
233,0.013981317016464516,2026-07-26 16:41:36.054768,2026-07-26 16:41:39.027139,2.972371,0.0,0.1,750,10,0.0,0.1,2.696392667014152,rbf,750,10,1,0.013981317016464516,233,"{'alpha_edge': [0, 0.001, 0.1, 1, 10], 'alpha_neuron': [0, 0.001, 0.1, 1, 10], 'layer_width': [100, 250, 500, 750, 1000], 'num_inducing': [10, 25, 50, 75, 100]}",COMPLETE,
234,0.013130281125629317,2026-07-26 16:41:39.030394,2026-07-26 16:41:40.620523,1.590129,10.0,1.0,250,25,10.0,1.0,1.3738223750260659,rbf,250,25,1,0.013130281125629317,234,"{'alpha_edge': [0, 0.001, 0.1, 1, 10], 'alpha_neuron': [0, 0.001, 0.1, 1, 10], 'layer_width': [100, 250, 500, 750, 1000], 'num_inducing': [10, 25, 50, 75, 100]}",COMPLETE,
235,0.011834478917465006,2026-07-26 16:41:40.623791,2026-07-26 16:41:41.204009,0.580218,0.001,0.0,100,25,0.001,0.0,0.4902867079945281,rbf,100,25,1,0.011834478917465006,235,"{'alpha_edge': [0, 0.001, 0.1, 1, 10], 'alpha_neuron': [0, 0.001, 0.1, 1, 10], 'layer_width': [100, 250, 500, 750, 1000], 'num_inducing': [10, 25, 50, 75, 100]}",COMPLETE,
236,0.07305848812998005,2026-07-26 16:41:41.207150,2026-07-26 16:41:43.448539,2.241389,0.0,0.0,100,75,0.0,0.0,2.0788513750303537,rbf,100,75,1,0.07305848812998005,236,"{'alpha_edge': [0, 0.001, 0.1, 1, 10], 'alpha_neuron': [0, 0.001, 0.1, 1, 10], 'layer_width': [100, 250, 500, 750, 1000], 'num_inducing': [10, 25, 50, 75, 100]}",COMPLETE,
237,0.024709578976658347,2026-07-26 16:41:43.453226,2026-07-26 16:41:44.300425,0.847199,1.0,10.0,250,10,1.0,10.0,0.7739898330182768,rbf,250,10,1,0.024709578976658347,237,"{'alpha_edge': [0, 0.001, 0.1, 1, 10], 'alpha_neuron': [0, 0.001, 0.1, 1, 10], 'layer_width': [100, 250, 500, 750, 1000], 'num_inducing': [10, 25, 50, 75, 100]}",COMPLETE,
238,0.0003612576400693661,2026-07-26 16:41:44.304337,2026-07-26 16:41:48.117707,3.81337,1.0,0.001,1000,10,1.0,0.001,3.3887696670135483,rbf,1000,10,1,0.0003612576400693661,238,"{'alpha_edge': [0, 0.001, 0.1, 1, 10], 'alpha_neuron': [0, 0.001, 0.1, 1, 10], 'layer_width': [100, 250, 500, 750, 1000], 'num_inducing': [10, 25, 50, 75, 100]}",COMPLETE,
239,0.011203070736382105,2026-07-26 16:41:48.120711,2026-07-26 16:41:51.665049,3.544338,1.0,1.0,250,75,1.0,1.0,3.170204041991383,rbf,250,75,1,0.011203070736382105,239,"{'alpha_edge': [0, 0.001, 0.1, 1, 10], 'alpha_neuron': [0, 0.001, 0.1, 1, 10], 'layer_width': [100, 250, 500, 750, 1000], 'num_inducing': [10, 25, 50, 75, 100]}",COMPLETE,
240,0.006809759171548086,2026-07-26 16:41:51.669628,2026-07-26 16:41:54.352125,2.682497,0.1,1.0,250,50,0.1,1.0,2.3694992079981603,rbf,250,50,1,0.006809759171548086,240,"{'alpha_edge': [0, 0.001, 0.1, 1, 10], 'alpha_neuron': [0, 0.001, 0.1, 1, 10], 'layer_width': [100, 250, 500, 750, 1000], 'num_inducing': [10, 25, 50, 75, 100]}",COMPLETE,
241,0.0014263243729278506,2026-07-26 16:41:54.362714,2026-07-26 16:41:58.815318,4.452604,0.1,0.1,750,25,0.1,0.1,3.8565310410340317,rbf,750,25,1,0.0014263243729278506,241,"{'alpha_edge': [0, 0.001, 0.1, 1, 10], 'alpha_neuron': [0, 0.001, 0.1, 1, 10], 'layer_width': [100, 250, 500, 750, 1000], 'num_inducing': [10, 25, 50, 75, 100]}",COMPLETE,
242,0.016027095139771252,2026-07-26 16:41:58.818310,2026-07-26 16:42:00.652382,1.834072,0.1,0.1,100,100,0.1,0.1,1.6277600839966908,rbf,100,100,1,0.016027095139771252,242,"{'alpha_edge': [0, 0.001, 0.1, 1, 10], 'alpha_neuron': [0, 0.001, 0.1, 1, 10], 'layer_width': [100, 250, 500, 750, 1000], 'num_inducing': [10, 25, 50, 75, 100]}",COMPLETE,
243,0.00817939486618539,2026-07-26 16:42:00.655691,2026-07-26 16:42:01.703873,1.048182,10.0,0.001,100,50,10.0,0.001,0.9536007499555126,rbf,100,50,1,0.00817939486618539,243,"{'alpha_edge': [0, 0.001, 0.1, 1, 10], 'alpha_neuron': [0, 0.001, 0.1, 1, 10], 'layer_width': [100, 250, 500, 750, 1000], 'num_inducing': [10, 25, 50, 75, 100]}",COMPLETE,
244,0.005342556388530175,2026-07-26 16:42:01.706891,2026-07-26 16:42:04.249733,2.542842,1.0,0.1,250,50,1.0,0.1,2.2283585419645533,rbf,250,50,1,0.005342556388530175,244,"{'alpha_edge': [0, 0.001, 0.1, 1, 10], 'alpha_neuron': [0, 0.001, 0.1, 1, 10], 'layer_width': [100, 250, 500, 750, 1000], 'num_inducing': [10, 25, 50, 75, 100]}",COMPLETE,
245,0.00019960757467820005,2026-07-26 16:42:04.254703,2026-07-26 16:42:09.422769,5.168066,0.001,0.0,500,50,0.001,0.0,4.437524916953407,rbf,500,50,1,0.00019960757467820005,245,"{'alpha_edge': [0, 0.001, 0.1, 1, 10], 'alpha_neuron': [0, 0.001, 0.1, 1, 10], 'layer_width': [100, 250, 500, 750, 1000], 'num_inducing': [10, 25, 50, 75, 100]}",COMPLETE,
246,0.011529942832199155,2026-07-26 16:42:09.425851,2026-07-26 16:42:11.923486,2.497635,0.1,10.0,750,10,0.1,10.0,2.2621200419962406,rbf,750,10,1,0.011529942832199155,246,"{'alpha_edge': [0, 0.001, 0.1, 1, 10], 'alpha_neuron': [0, 0.001, 0.1, 1, 10], 'layer_width': [100, 250, 500, 750, 1000], 'num_inducing': [10, 25, 50, 75, 100]}",COMPLETE,
247,0.005839539034859777,2026-07-26 16:42:11.926177,2026-07-26 16:42:14.854646,2.928469,0.1,1.0,500,25,0.1,1.0,2.611693667015061,rbf,500,25,1,0.005839539034859777,247,"{'alpha_edge': [0, 0.001, 0.1, 1, 10], 'alpha_neuron': [0, 0.001, 0.1, 1, 10], 'layer_width': [100, 250, 500, 750, 1000], 'num_inducing': [10, 25, 50, 75, 100]}",COMPLETE,
248,0.050577242563911294,2026-07-26 16:42:14.857982,2026-07-26 16:42:18.920110,4.062128,0.0,0.0,250,50,0.0,0.0,3.7492699589929543,rbf,250,50,1,0.050577242563911294,248,"{'alpha_edge': [0, 0.001, 0.1, 1, 10], 'alpha_neuron': [0, 0.001, 0.1, 1, 10], 'layer_width': [100, 250, 500, 750, 1000], 'num_inducing': [10, 25, 50, 75, 100]}",COMPLETE,
249,0.007876000817897662,2026-07-26 16:42:18.923049,2026-07-26 16:42:25.205360,6.282311,0.001,10.0,1000,25,0.001,10.0,5.42336208402412,rbf,1000,25,1,0.007876000817897662,249,"{'alpha_edge': [0, 0.001, 0.1, 1, 10], 'alpha_neuron': [0, 0.001, 0.1, 1, 10], 'layer_width': [100, 250, 500, 750, 1000], 'num_inducing': [10, 25, 50, 75, 100]}",COMPLETE,
250,0.011449008026631837,2026-07-26 16:42:25.210231,2026-07-26 16:42:31.674455,6.464224,1.0,10.0,1000,25,1.0,10.0,5.69872933300212,rbf,1000,25,1,0.011449008026631837,250,"{'alpha_edge': [0, 0.001, 0.1, 1, 10], 'alpha_neuron': [0, 0.001, 0.1, 1, 10], 'layer_width': [100, 250, 500, 750, 1000], 'num_inducing': [10, 25, 50, 75, 100]}",COMPLETE,
251,0.019079263744774273,2026-07-26 16:42:31.678571,2026-07-26 16:42:33.541649,1.863078,0.001,0.1,100,100,0.001,0.1,1.6323079579742625,rbf,100,100,1,0.019079263744774273,251,"{'alpha_edge': [0, 0.001, 0.1, 1, 10], 'alpha_neuron': [0, 0.001, 0.1, 1, 10], 'layer_width': [100, 250, 500, 750, 1000], 'num_inducing': [10, 25, 50, 75, 100]}",COMPLETE,
252,0.002262881819737094,2026-07-26 16:42:33.546024,2026-07-26 16:42:52.245302,18.699278,10.0,0.1,1000,100,10.0,0.1,16.377396999974735,rbf,1000,100,1,0.002262881819737094,252,"{'alpha_edge': [0, 0.001, 0.1, 1, 10], 'alpha_neuron': [0, 0.001, 0.1, 1, 10], 'layer_width': [100, 250, 500, 750, 1000], 'num_inducing': [10, 25, 50, 75, 100]}",COMPLETE,
253,0.00934422944959463,2026-07-26 16:42:52.248370,2026-07-26 16:43:00.125985,7.877615,0.1,10.0,750,50,0.1,10.0,6.924867708003148,rbf,750,50,1,0.00934422944959463,253,"{'alpha_edge': [0, 0.001, 0.1, 1, 10], 'alpha_neuron': [0, 0.001, 0.1, 1, 10], 'layer_width': [100, 250, 500, 750, 1000], 'num_inducing': [10, 25, 50, 75, 100]}",COMPLETE,
254,0.0248525658380235,2026-07-26 16:43:00.130555,2026-07-26 16:43:01.641866,1.511311,10.0,10.0,250,25,10.0,10.0,1.3485248750075698,rbf,250,25,1,0.0248525658380235,254,"{'alpha_edge': [0, 0.001, 0.1, 1, 10], 'alpha_neuron': [0, 0.001, 0.1, 1, 10], 'layer_width': [100, 250, 500, 750, 1000], 'num_inducing': [10, 25, 50, 75, 100]}",COMPLETE,
255,0.03736207997616325,2026-07-26 16:43:01.645393,2026-07-26 16:43:02.754119,1.108726,1.0,10.0,100,50,1.0,10.0,0.9458269170136191,rbf,100,50,1,0.03736207997616325,255,"{'alpha_edge': [0, 0.001, 0.1, 1, 10], 'alpha_neuron': [0, 0.001, 0.1, 1, 10], 'layer_width': [100, 250, 500, 750, 1000], 'num_inducing': [10, 25, 50, 75, 100]}",COMPLETE,
256,0.010458499440451604,2026-07-26 16:43:02.758254,2026-07-26 16:43:07.222976,4.464722,0.1,10.0,750,25,0.1,10.0,3.974512082990259,rbf,750,25,1,0.010458499440451604,256,"{'alpha_edge': [0, 0.001, 0.1, 1, 10], 'alpha_neuron': [0, 0.001, 0.1, 1, 10], 'layer_width': [100, 250, 500, 750, 1000], 'num_inducing': [10, 25, 50, 75, 100]}",COMPLETE,
257,0.0017797050550920632,2026-07-26 16:43:07.226118,2026-07-26 16:43:08.954141,1.728023,0.001,0.1,500,10,0.001,0.1,1.592881583957933,rbf,500,10,1,0.0017797050550920632,257,"{'alpha_edge': [0, 0.001, 0.1, 1, 10], 'alpha_neuron': [0, 0.001, 0.1, 1, 10], 'layer_width': [100, 250, 500, 750, 1000], 'num_inducing': [10, 25, 50, 75, 100]}",COMPLETE,
258,0.013870575559641432,2026-07-26 16:43:08.956747,2026-07-26 16:43:10.446833,1.490086,0.001,0.001,100,75,0.001,0.001,1.2826993329799734,rbf,100,75,1,0.013870575559641432,258,"{'alpha_edge': [0, 0.001, 0.1, 1, 10], 'alpha_neuron': [0, 0.001, 0.1, 1, 10], 'layer_width': [100, 250, 500, 750, 1000], 'num_inducing': [10, 25, 50, 75, 100]}",COMPLETE,
259,0.06437031184316824,2026-07-26 16:43:10.452353,2026-07-26 16:43:13.709975,3.257622,0.0,0.1,100,100,0.0,0.1,3.0431620000163093,rbf,100,100,1,0.06437031184316824,259,"{'alpha_edge': [0, 0.001, 0.1, 1, 10], 'alpha_neuron': [0, 0.001, 0.1, 1, 10], 'layer_width': [100, 250, 500, 750, 1000], 'num_inducing': [10, 25, 50, 75, 100]}",COMPLETE,
260,0.06891500980343954,2026-07-26 16:43:13.713296,2026-07-26 16:43:14.685711,0.972415,0.0,0.001,250,10,0.0,0.001,0.8644653339870274,rbf,250,10,1,0.06891500980343954,260,"{'alpha_edge': [0, 0.001, 0.1, 1, 10], 'alpha_neuron': [0, 0.001, 0.1, 1, 10], 'layer_width': [100, 250, 500, 750, 1000], 'num_inducing': [10, 25, 50, 75, 100]}",COMPLETE,
261,0.09077718286747874,2026-07-26 16:43:14.688596,2026-07-26 16:43:15.164720,0.476124,0.0,10.0,100,10,0.0,10.0,0.3851065000053495,rbf,100,10,1,0.09077718286747874,261,"{'alpha_edge': [0, 0.001, 0.1, 1, 10], 'alpha_neuron': [0, 0.001, 0.1, 1, 10], 'layer_width': [100, 250, 500, 750, 1000], 'num_inducing': [10, 25, 50, 75, 100]}",COMPLETE,
262,0.0437912976111117,2026-07-26 16:43:15.168935,2026-07-26 16:43:15.629602,0.460667,1.0,10.0,100,10,1.0,10.0,0.425037584034726,rbf,100,10,1,0.0437912976111117,262,"{'alpha_edge': [0, 0.001, 0.1, 1, 10], 'alpha_neuron': [0, 0.001, 0.1, 1, 10], 'layer_width': [100, 250, 500, 750, 1000], 'num_inducing': [10, 25, 50, 75, 100]}",COMPLETE,
263,0.00025269239004101327,2026-07-26 16:43:15.632588,2026-07-26 16:43:34.406347,18.773759,1.0,0.001,1000,100,1.0,0.001,16.412452124990523,rbf,1000,100,1,0.00025269239004101327,263,"{'alpha_edge': [0, 0.001, 0.1, 1, 10], 'alpha_neuron': [0, 0.001, 0.1, 1, 10], 'layer_width': [100, 250, 500, 750, 1000], 'num_inducing': [10, 25, 50, 75, 100]}",COMPLETE,
264,0.010379245877868593,2026-07-26 16:43:34.413120,2026-07-26 16:43:49.142213,14.729093,1.0,10.0,1000,75,1.0,10.0,13.048928958014585,rbf,1000,75,1,0.010379245877868593,264,"{'alpha_edge': [0, 0.001, 0.1, 1, 10], 'alpha_neuron': [0, 0.001, 0.1, 1, 10], 'layer_width': [100, 250, 500, 750, 1000], 'num_inducing': [10, 25, 50, 75, 100]}",COMPLETE,
265,0.04767807703412215,2026-07-26 16:43:49.172625,2026-07-26 16:43:51.380432,2.207807,0.0,0.1,250,25,0.0,0.1,1.975600125035271,rbf,250,25,1,0.04767807703412215,265,"{'alpha_edge': [0, 0.001, 0.1, 1, 10], 'alpha_neuron': [0, 0.001, 0.1, 1, 10], 'layer_width': [100, 250, 500, 750, 1000], 'num_inducing': [10, 25, 50, 75, 100]}",COMPLETE,
266,0.01804108350797096,2026-07-26 16:43:51.383115,2026-07-26 16:43:53.399632,2.016517,0.0,0.1,500,10,0.0,0.1,1.843263584014494,rbf,500,10,1,0.01804108350797096,266,"{'alpha_edge': [0, 0.001, 0.1, 1, 10], 'alpha_neuron': [0, 0.001, 0.1, 1, 10], 'layer_width': [100, 250, 500, 750, 1000], 'num_inducing': [10, 25, 50, 75, 100]}",COMPLETE,
267,0.004441989433591592,2026-07-26 16:43:53.438330,2026-07-26 16:43:58.419656,4.981326,0.1,1.0,500,50,0.1,1.0,4.402375958045013,rbf,500,50,1,0.004441989433591592,267,"{'alpha_edge': [0, 0.001, 0.1, 1, 10], 'alpha_neuron': [0, 0.001, 0.1, 1, 10], 'layer_width': [100, 250, 500, 750, 1000], 'num_inducing': [10, 25, 50, 75, 100]}",COMPLETE,
268,4.812337233344517e-07,2026-07-26 16:43:58.422674,2026-07-26 16:44:03.710164,5.28749,0.1,0.0,500,50,0.1,0.0,4.678102125006262,rbf,500,50,1,4.812337233344517e-07,268,"{'alpha_edge': [0, 0.001, 0.1, 1, 10], 'alpha_neuron': [0, 0.001, 0.1, 1, 10], 'layer_width': [100, 250, 500, 750, 1000], 'num_inducing': [10, 25, 50, 75, 100]}",COMPLETE,
269,0.008684179981495324,2026-07-26 16:44:03.713122,2026-07-26 16:44:17.770607,14.057485,0.1,10.0,750,100,0.1,10.0,12.108338499965612,rbf,750,100,1,0.008684179981495324,269,"{'alpha_edge': [0, 0.001, 0.1, 1, 10], 'alpha_neuron': [0, 0.001, 0.1, 1, 10], 'layer_width': [100, 250, 500, 750, 1000], 'num_inducing': [10, 25, 50, 75, 100]}",COMPLETE,
270,0.00010226379232934452,2026-07-26 16:44:17.774024,2026-07-26 16:44:26.934195,9.160171,0.1,0.0,500,100,0.1,0.0,8.007190708944108,rbf,500,100,1,0.00010226379232934452,270,"{'alpha_edge': [0, 0.001, 0.1, 1, 10], 'alpha_neuron': [0, 0.001, 0.1, 1, 10], 'layer_width': [100, 250, 500, 750, 1000], 'num_inducing': [10, 25, 50, 75, 100]}",COMPLETE,
271,0.0031999071692932445,2026-07-26 16:44:26.937943,2026-07-26 16:44:28.472800,1.534857,0.1,0.1,250,25,0.1,0.1,1.3149752920144238,rbf,250,25,1,0.0031999071692932445,271,"{'alpha_edge': [0, 0.001, 0.1, 1, 10], 'alpha_neuron': [0, 0.001, 0.1, 1, 10], 'layer_width': [100, 250, 500, 750, 1000], 'num_inducing': [10, 25, 50, 75, 100]}",COMPLETE,
272,0.00632176127526573,2026-07-26 16:44:28.479675,2026-07-26 16:44:32.241007,3.761332,0.001,1.0,250,75,0.001,1.0,3.3540382080245763,rbf,250,75,1,0.00632176127526573,272,"{'alpha_edge': [0, 0.001, 0.1, 1, 10], 'alpha_neuron': [0, 0.001, 0.1, 1, 10], 'layer_width': [100, 250, 500, 750, 1000], 'num_inducing': [10, 25, 50, 75, 100]}",COMPLETE,
273,0.008587072250913272,2026-07-26 16:44:32.244584,2026-07-26 16:44:33.635136,1.390552,10.0,0.0,100,75,10.0,0.0,1.1428973330184817,rbf,100,75,1,0.008587072250913272,273,"{'alpha_edge': [0, 0.001, 0.1, 1, 10], 'alpha_neuron': [0, 0.001, 0.1, 1, 10], 'layer_width': [100, 250, 500, 750, 1000], 'num_inducing': [10, 25, 50, 75, 100]}",COMPLETE,
274,0.0001881266963323054,2026-07-26 16:44:33.638105,2026-07-26 16:44:48.463631,14.825526,0.1,0.001,1000,75,0.1,0.001,12.96964308299357,rbf,1000,75,1,0.0001881266963323054,274,"{'alpha_edge': [0, 0.001, 0.1, 1, 10], 'alpha_neuron': [0, 0.001, 0.1, 1, 10], 'layer_width': [100, 250, 500, 750, 1000], 'num_inducing': [10, 25, 50, 75, 100]}",COMPLETE,
275,0.00025861402504552593,2026-07-26 16:44:48.468623,2026-07-26 16:44:56.020393,7.55177,0.001,0.001,750,50,0.001,0.001,6.726138792000711,rbf,750,50,1,0.00025861402504552593,275,"{'alpha_edge': [0, 0.001, 0.1, 1, 10], 'alpha_neuron': [0, 0.001, 0.1, 1, 10], 'layer_width': [100, 250, 500, 750, 1000], 'num_inducing': [10, 25, 50, 75, 100]}",COMPLETE,
276,0.03695760045722001,2026-07-26 16:44:56.023217,2026-07-26 16:45:08.390847,12.36763,0.0,0.001,500,75,0.0,0.001,11.580614915990736,rbf,500,75,1,0.03695760045722001,276,"{'alpha_edge': [0, 0.001, 0.1, 1, 10], 'alpha_neuron': [0, 0.001, 0.1, 1, 10], 'layer_width': [100, 250, 500, 750, 1000], 'num_inducing': [10, 25, 50, 75, 100]}",COMPLETE,
277,4.279101901206292e-09,2026-07-26 16:45:08.395285,2026-07-26 16:45:19.774517,11.379232,10.0,0.0,750,75,10.0,0.0,10.2283373750397,rbf,750,75,1,4.279101901206292e-09,277,"{'alpha_edge': [0, 0.001, 0.1, 1, 10], 'alpha_neuron': [0, 0.001, 0.1, 1, 10], 'layer_width': [100, 250, 500, 750, 1000], 'num_inducing': [10, 25, 50, 75, 100]}",COMPLETE,
278,0.03766559013658966,2026-07-26 16:45:19.777834,2026-07-26 16:45:20.481682,0.703848,1.0,10.0,100,25,1.0,10.0,0.603572084044572,rbf,100,25,1,0.03766559013658966,278,"{'alpha_edge': [0, 0.001, 0.1, 1, 10], 'alpha_neuron': [0, 0.001, 0.1, 1, 10], 'layer_width': [100, 250, 500, 750, 1000], 'num_inducing': [10, 25, 50, 75, 100]}",COMPLETE,
279,0.0064176159406559,2026-07-26 16:45:20.486295,2026-07-26 16:45:24.091953,3.605658,0.1,1.0,250,75,0.1,1.0,3.200552875001449,rbf,250,75,1,0.0064176159406559,279,"{'alpha_edge': [0, 0.001, 0.1, 1, 10], 'alpha_neuron': [0, 0.001, 0.1, 1, 10], 'layer_width': [100, 250, 500, 750, 1000], 'num_inducing': [10, 25, 50, 75, 100]}",COMPLETE,
280,0.0005730990412173896,2026-07-26 16:45:24.095020,2026-07-26 16:45:27.117547,3.022527,10.0,0.001,500,25,10.0,0.001,2.7073747499962337,rbf,500,25,1,0.0005730990412173896,280,"{'alpha_edge': [0, 0.001, 0.1, 1, 10], 'alpha_neuron': [0, 0.001, 0.1, 1, 10], 'layer_width': [100, 250, 500, 750, 1000], 'num_inducing': [10, 25, 50, 75, 100]}",COMPLETE,
281,0.000582048323925474,2026-07-26 16:45:27.121235,2026-07-26 16:45:34.014908,6.893673,0.001,0.001,500,75,0.001,0.001,6.096214542048983,rbf,500,75,1,0.000582048323925474,281,"{'alpha_edge': [0, 0.001, 0.1, 1, 10], 'alpha_neuron': [0, 0.001, 0.1, 1, 10], 'layer_width': [100, 250, 500, 750, 1000], 'num_inducing': [10, 25, 50, 75, 100]}",COMPLETE,
282,0.0659101474354238,2026-07-26 16:45:34.019953,2026-07-26 16:46:07.858302,33.838349,0.0,10.0,1000,100,0.0,10.0,31.67148591700243,rbf,1000,100,1,0.0659101474354238,282,"{'alpha_edge': [0, 0.001, 0.1, 1, 10], 'alpha_neuron': [0, 0.001, 0.1, 1, 10], 'layer_width': [100, 250, 500, 750, 1000], 'num_inducing': [10, 25, 50, 75, 100]}",COMPLETE,
283,0.018914254965146704,2026-07-26 16:46:07.861657,2026-07-26 16:46:09.590857,1.7292,0.001,0.001,100,100,0.001,0.001,1.4937157079693861,rbf,100,100,1,0.018914254965146704,283,"{'alpha_edge': [0, 0.001, 0.1, 1, 10], 'alpha_neuron': [0, 0.001, 0.1, 1, 10], 'layer_width': [100, 250, 500, 750, 1000], 'num_inducing': [10, 25, 50, 75, 100]}",COMPLETE,
284,0.04524207562087361,2026-07-26 16:46:09.596171,2026-07-26 16:46:17.606954,8.010783,0.0,0.1,250,100,0.0,0.1,7.262560959032271,rbf,250,100,1,0.04524207562087361,284,"{'alpha_edge': [0, 0.001, 0.1, 1, 10], 'alpha_neuron': [0, 0.001, 0.1, 1, 10], 'layer_width': [100, 250, 500, 750, 1000], 'num_inducing': [10, 25, 50, 75, 100]}",COMPLETE,
285,0.00801729284850429,2026-07-26 16:46:17.611439,2026-07-26 16:46:19.532229,1.92079,10.0,0.0,100,100,10.0,0.0,1.6801452079671435,rbf,100,100,1,0.00801729284850429,285,"{'alpha_edge': [0, 0.001, 0.1, 1, 10], 'alpha_neuron': [0, 0.001, 0.1, 1, 10], 'layer_width': [100, 250, 500, 750, 1000], 'num_inducing': [10, 25, 50, 75, 100]}",COMPLETE,
286,0.009804707005604815,2026-07-26 16:46:19.534956,2026-07-26 16:46:24.943799,5.408843,10.0,1.0,500,50,10.0,1.0,4.719034540990833,rbf,500,50,1,0.009804707005604815,286,"{'alpha_edge': [0, 0.001, 0.1, 1, 10], 'alpha_neuron': [0, 0.001, 0.1, 1, 10], 'layer_width': [100, 250, 500, 750, 1000], 'num_inducing': [10, 25, 50, 75, 100]}",COMPLETE,
287,3.910684656457167e-07,2026-07-26 16:46:24.946788,2026-07-26 16:46:34.749529,9.802741,1.0,0.0,500,100,1.0,0.0,8.61564025003463,rbf,500,100,1,3.910684656457167e-07,287,"{'alpha_edge': [0, 0.001, 0.1, 1, 10], 'alpha_neuron': [0, 0.001, 0.1, 1, 10], 'layer_width': [100, 250, 500, 750, 1000], 'num_inducing': [10, 25, 50, 75, 100]}",COMPLETE,
288,0.0028727563053411076,2026-07-26 16:46:34.754196,2026-07-26 16:46:38.262136,3.50794,0.001,0.001,250,75,0.001,0.001,3.088424457993824,rbf,250,75,1,0.0028727563053411076,288,"{'alpha_edge': [0, 0.001, 0.1, 1, 10], 'alpha_neuron': [0, 0.001, 0.1, 1, 10], 'layer_width': [100, 250, 500, 750, 1000], 'num_inducing': [10, 25, 50, 75, 100]}",COMPLETE,
289,0.06712853324676415,2026-07-26 16:46:38.264972,2026-07-26 16:46:39.158159,0.893187,0.0,0.1,100,25,0.0,0.1,0.8207551660016179,rbf,100,25,1,0.06712853324676415,289,"{'alpha_edge': [0, 0.001, 0.1, 1, 10], 'alpha_neuron': [0, 0.001, 0.1, 1, 10], 'layer_width': [100, 250, 500, 750, 1000], 'num_inducing': [10, 25, 50, 75, 100]}",COMPLETE,
290,0.003682910772829768,2026-07-26 16:46:39.160951,2026-07-26 16:46:44.731270,5.570319,0.1,1.0,1000,25,0.1,1.0,4.907561375002842,rbf,1000,25,1,0.003682910772829768,290,"{'alpha_edge': [0, 0.001, 0.1, 1, 10], 'alpha_neuron': [0, 0.001, 0.1, 1, 10], 'layer_width': [100, 250, 500, 750, 1000], 'num_inducing': [10, 25, 50, 75, 100]}",COMPLETE,
291,0.01154477850228247,2026-07-26 16:46:44.736252,2026-07-26 16:47:04.201504,19.465252,10.0,10.0,1000,100,10.0,10.0,17.123334208969027,rbf,1000,100,1,0.01154477850228247,291,"{'alpha_edge': [0, 0.001, 0.1, 1, 10], 'alpha_neuron': [0, 0.001, 0.1, 1, 10], 'layer_width': [100, 250, 500, 750, 1000], 'num_inducing': [10, 25, 50, 75, 100]}",COMPLETE,
292,0.0031712560256917724,2026-07-26 16:47:04.205131,2026-07-26 16:47:18.267703,14.062572,0.001,1.0,750,100,0.001,1.0,12.164470959047321,rbf,750,100,1,0.0031712560256917724,292,"{'alpha_edge': [0, 0.001, 0.1, 1, 10], 'alpha_neuron': [0, 0.001, 0.1, 1, 10], 'layer_width': [100, 250, 500, 750, 1000], 'num_inducing': [10, 25, 50, 75, 100]}",COMPLETE,
293,0.041421298228291104,2026-07-26 16:47:18.271308,2026-07-26 16:47:51.989168,33.71786,0.0,0.1,1000,100,0.0,0.1,31.16139641701011,rbf,1000,100,1,0.041421298228291104,293,"{'alpha_edge': [0, 0.001, 0.1, 1, 10], 'alpha_neuron': [0, 0.001, 0.1, 1, 10], 'layer_width': [100, 250, 500, 750, 1000], 'num_inducing': [10, 25, 50, 75, 100]}",COMPLETE,
294,0.0005571166565811858,2026-07-26 16:47:51.992573,2026-07-26 16:47:54.709042,2.716469,0.1,0.001,250,50,0.1,0.001,2.3996402919874527,rbf,250,50,1,0.0005571166565811858,294,"{'alpha_edge': [0, 0.001, 0.1, 1, 10], 'alpha_neuron': [0, 0.001, 0.1, 1, 10], 'layer_width': [100, 250, 500, 750, 1000], 'num_inducing': [10, 25, 50, 75, 100]}",COMPLETE,
295,0.08077546964059423,2026-07-26 16:47:54.714427,2026-07-26 16:47:58.101974,3.387547,0.0,0.0,100,100,0.0,0.0,3.1258838750072755,rbf,100,100,1,0.08077546964059423,295,"{'alpha_edge': [0, 0.001, 0.1, 1, 10], 'alpha_neuron': [0, 0.001, 0.1, 1, 10], 'layer_width': [100, 250, 500, 750, 1000], 'num_inducing': [10, 25, 50, 75, 100]}",COMPLETE,
296,0.010573261384438837,2026-07-26 16:47:58.105298,2026-07-26 16:48:08.387966,10.282668,1.0,10.0,1000,50,1.0,10.0,9.131303083966486,rbf,1000,50,1,0.010573261384438837,296,"{'alpha_edge': [0, 0.001, 0.1, 1, 10], 'alpha_neuron': [0, 0.001, 0.1, 1, 10], 'layer_width': [100, 250, 500, 750, 1000], 'num_inducing': [10, 25, 50, 75, 100]}",COMPLETE,
297,0.0053773871864445785,2026-07-26 16:48:08.390929,2026-07-26 16:48:16.034800,7.643871,10.0,1.0,750,50,10.0,1.0,6.778348832973279,rbf,750,50,1,0.0053773871864445785,297,"{'alpha_edge': [0, 0.001, 0.1, 1, 10], 'alpha_neuron': [0, 0.001, 0.1, 1, 10], 'layer_width': [100, 250, 500, 750, 1000], 'num_inducing': [10, 25, 50, 75, 100]}",COMPLETE,
298,0.022913065844980766,2026-07-26 16:48:16.039538,2026-07-26 16:48:16.527848,0.48831,0.1,1.0,100,10,0.1,1.0,0.454100166040007,rbf,100,10,1,0.022913065844980766,298,"{'alpha_edge': [0, 0.001, 0.1, 1, 10], 'alpha_neuron': [0, 0.001, 0.1, 1, 10], 'layer_width': [100, 250, 500, 750, 1000], 'num_inducing': [10, 25, 50, 75, 100]}",COMPLETE,
299,9.321600733858171e-09,2026-07-26 16:48:16.530838,2026-07-26 16:48:20.054391,3.523553,1.0,0.0,750,10,1.0,0.0,3.2222718330449425,rbf,750,10,1,9.321600733858171e-09,299,"{'alpha_edge': [0, 0.001, 0.1, 1, 10], 'alpha_neuron': [0, 0.001, 0.1, 1, 10], 'layer_width': [100, 250, 500, 750, 1000], 'num_inducing': [10, 25, 50, 75, 100]}",COMPLETE,
300,0.08016584973116818,2026-07-26 16:48:20.057440,2026-07-26 16:48:21.360757,1.303317,0.0,0.0,250,10,0.0,0.0,1.17187570896931,rbf,250,10,1,0.08016584973116818,300,"{'alpha_edge': [0, 0.001, 0.1, 1, 10], 'alpha_neuron': [0, 0.001, 0.1, 1, 10], 'layer_width': [100, 250, 500, 750, 1000], 'num_inducing': [10, 25, 50, 75, 100]}",COMPLETE,
301,1.6780552164375538e-05,2026-07-26 16:48:21.363562,2026-07-26 16:48:27.534957,6.171395,0.001,0.0,750,25,0.001,0.0,5.227612625050824,rbf,750,25,1,1.6780552164375538e-05,301,"{'alpha_edge': [0, 0.001, 0.1, 1, 10], 'alpha_neuron': [0, 0.001, 0.1, 1, 10], 'layer_width': [100, 250, 500, 750, 1000], 'num_inducing': [10, 25, 50, 75, 100]}",COMPLETE,
302,0.009395464038420164,2026-07-26 16:48:27.538392,2026-07-26 16:48:28.403978,0.865586,1.0,0.001,100,25,1.0,0.001,0.7409446249948815,rbf,100,25,1,0.009395464038420164,302,"{'alpha_edge': [0, 0.001, 0.1, 1, 10], 'alpha_neuron': [0, 0.001, 0.1, 1, 10], 'layer_width': [100, 250, 500, 750, 1000], 'num_inducing': [10, 25, 50, 75, 100]}",COMPLETE,
303,0.00014626935980628617,2026-07-26 16:48:28.407257,2026-07-26 16:48:31.053645,2.646388,0.001,0.0,500,10,0.001,0.0,2.373793333012145,rbf,500,10,1,0.00014626935980628617,303,"{'alpha_edge': [0, 0.001, 0.1, 1, 10], 'alpha_neuron': [0, 0.001, 0.1, 1, 10], 'layer_width': [100, 250, 500, 750, 1000], 'num_inducing': [10, 25, 50, 75, 100]}",COMPLETE,
304,0.0027770920756965615,2026-07-26 16:48:31.056749,2026-07-26 16:48:52.717960,21.661211,0.1,1.0,750,100,0.1,1.0,18.347323249967303,rbf,750,100,1,0.0027770920756965615,304,"{'alpha_edge': [0, 0.001, 0.1, 1, 10], 'alpha_neuron': [0, 0.001, 0.1, 1, 10], 'layer_width': [100, 250, 500, 750, 1000], 'num_inducing': [10, 25, 50, 75, 100]}",COMPLETE,
305,0.003928593045610786,2026-07-26 16:48:52.722916,2026-07-26 16:48:59.154422,6.431506,10.0,0.1,500,25,10.0,0.1,5.580687041976489,rbf,500,25,1,0.003928593045610786,305,"{'alpha_edge': [0, 0.001, 0.1, 1, 10], 'alpha_neuron': [0, 0.001, 0.1, 1, 10], 'layer_width': [100, 250, 500, 750, 1000], 'num_inducing': [10, 25, 50, 75, 100]}",COMPLETE,
306,0.027343884704158255,2026-07-26 16:48:59.158373,2026-07-26 16:49:26.944466,27.786093,0.0,0.0,1000,50,0.0,0.0,25.335194624960423,rbf,1000,50,1,0.027343884704158255,306,"{'alpha_edge': [0, 0.001, 0.1, 1, 10], 'alpha_neuron': [0, 0.001, 0.1, 1, 10], 'layer_width': [100, 250, 500, 750, 1000], 'num_inducing': [10, 25, 50, 75, 100]}",COMPLETE,
307,0.004542745808474395,2026-07-26 16:49:26.948857,2026-07-26 16:49:28.282740,1.333883,0.1,0.001,100,25,0.1,0.001,1.1638404579716735,rbf,100,25,1,0.004542745808474395,307,"{'alpha_edge': [0, 0.001, 0.1, 1, 10], 'alpha_neuron': [0, 0.001, 0.1, 1, 10], 'layer_width': [100, 250, 500, 750, 1000], 'num_inducing': [10, 25, 50, 75, 100]}",COMPLETE,
308,0.0007151139056582903,2026-07-26 16:49:28.290062,2026-07-26 16:49:37.248531,8.958469,0.1,0.001,250,100,0.1,0.001,7.5433677500113845,rbf,250,100,1,0.0007151139056582903,308,"{'alpha_edge': [0, 0.001, 0.1, 1, 10], 'alpha_neuron': [0, 0.001, 0.1, 1, 10], 'layer_width': [100, 250, 500, 750, 1000], 'num_inducing': [10, 25, 50, 75, 100]}",COMPLETE,
309,0.00778905387618117,2026-07-26 16:49:37.257495,2026-07-26 16:49:39.061302,1.803807,10.0,0.0,100,50,10.0,0.0,1.5969683330040425,rbf,100,50,1,0.00778905387618117,309,"{'alpha_edge': [0, 0.001, 0.1, 1, 10], 'alpha_neuron': [0, 0.001, 0.1, 1, 10], 'layer_width': [100, 250, 500, 750, 1000], 'num_inducing': [10, 25, 50, 75, 100]}",COMPLETE,
310,0.012182336432207185,2026-07-26 16:49:39.065982,2026-07-26 16:50:00.245672,21.17969,10.0,10.0,750,100,10.0,10.0,18.515333875024226,rbf,750,100,1,0.012182336432207185,310,"{'alpha_edge': [0, 0.001, 0.1, 1, 10], 'alpha_neuron': [0, 0.001, 0.1, 1, 10], 'layer_width': [100, 250, 500, 750, 1000], 'num_inducing': [10, 25, 50, 75, 100]}",COMPLETE,
311,0.0005877992047702289,2026-07-26 16:50:00.248979,2026-07-26 16:50:02.687539,2.43856,0.1,0.001,250,25,0.1,0.001,2.1037567500025034,rbf,250,25,1,0.0005877992047702289,311,"{'alpha_edge': [0, 0.001, 0.1, 1, 10], 'alpha_neuron': [0, 0.001, 0.1, 1, 10], 'layer_width': [100, 250, 500, 750, 1000], 'num_inducing': [10, 25, 50, 75, 100]}",COMPLETE,
312,0.0026997107968558753,2026-07-26 16:50:02.690702,2026-07-26 16:50:08.489469,5.798767,0.001,1.0,1000,10,0.001,1.0,5.098225791996811,rbf,1000,10,1,0.0026997107968558753,312,"{'alpha_edge': [0, 0.001, 0.1, 1, 10], 'alpha_neuron': [0, 0.001, 0.1, 1, 10], 'layer_width': [100, 250, 500, 750, 1000], 'num_inducing': [10, 25, 50, 75, 100]}",COMPLETE,
313,0.0026019058706097686,2026-07-26 16:50:08.493275,2026-07-26 16:50:20.374462,11.881187,10.0,0.1,750,50,10.0,0.1,10.529861541988794,rbf,750,50,1,0.0026019058706097686,313,"{'alpha_edge': [0, 0.001, 0.1, 1, 10], 'alpha_neuron': [0, 0.001, 0.1, 1, 10], 'layer_width': [100, 250, 500, 750, 1000], 'num_inducing': [10, 25, 50, 75, 100]}",COMPLETE,
314,0.006102068481003272,2026-07-26 16:50:20.378641,2026-07-26 16:50:26.907097,6.528456,0.0,10.0,1000,10,0.0,10.0,5.884186208015308,rbf,1000,10,1,0.006102068481003272,314,"{'alpha_edge': [0, 0.001, 0.1, 1, 10], 'alpha_neuron': [0, 0.001, 0.1, 1, 10], 'layer_width': [100, 250, 500, 750, 1000], 'num_inducing': [10, 25, 50, 75, 100]}",COMPLETE,
315,0.0489119065444963,2026-07-26 16:50:26.911217,2026-07-26 16:50:30.126357,3.21514,0.0,1.0,250,25,0.0,1.0,2.8663603750173934,rbf,250,25,1,0.0489119065444963,315,"{'alpha_edge': [0, 0.001, 0.1, 1, 10], 'alpha_neuron': [0, 0.001, 0.1, 1, 10], 'layer_width': [100, 250, 500, 750, 1000], 'num_inducing': [10, 25, 50, 75, 100]}",COMPLETE,
316,0.01869523557729061,2026-07-26 16:50:30.129681,2026-07-26 16:50:43.986219,13.856538,10.0,10.0,500,100,10.0,10.0,12.045955041015986,rbf,500,100,1,0.01869523557729061,316,"{'alpha_edge': [0, 0.001, 0.1, 1, 10], 'alpha_neuron': [0, 0.001, 0.1, 1, 10], 'layer_width': [100, 250, 500, 750, 1000], 'num_inducing': [10, 25, 50, 75, 100]}",COMPLETE,
317,0.004840618619146608,2026-07-26 16:50:43.990102,2026-07-26 16:51:00.594317,16.604215,1.0,1.0,750,75,1.0,1.0,14.46389666601317,rbf,750,75,1,0.004840618619146608,317,"{'alpha_edge': [0, 0.001, 0.1, 1, 10], 'alpha_neuron': [0, 0.001, 0.1, 1, 10], 'layer_width': [100, 250, 500, 750, 1000], 'num_inducing': [10, 25, 50, 75, 100]}",COMPLETE,
318,0.03058128712483332,2026-07-26 16:51:00.597570,2026-07-26 16:51:03.595615,2.998045,0.1,10.0,100,100,0.1,10.0,2.6430509169586003,rbf,100,100,1,0.03058128712483332,318,"{'alpha_edge': [0, 0.001, 0.1, 1, 10], 'alpha_neuron': [0, 0.001, 0.1, 1, 10], 'layer_width': [100, 250, 500, 750, 1000], 'num_inducing': [10, 25, 50, 75, 100]}",COMPLETE,
319,0.02447903574881716,2026-07-26 16:51:03.598960,2026-07-26 16:51:07.665310,4.06635,10.0,10.0,250,50,10.0,10.0,3.5873300410457887,rbf,250,50,1,0.02447903574881716,319,"{'alpha_edge': [0, 0.001, 0.1, 1, 10], 'alpha_neuron': [0, 0.001, 0.1, 1, 10], 'layer_width': [100, 250, 500, 750, 1000], 'num_inducing': [10, 25, 50, 75, 100]}",COMPLETE,
320,0.0394855782087543,2026-07-26 16:51:07.671747,2026-07-26 16:51:08.756175,1.084428,10.0,10.0,100,25,10.0,10.0,0.9387235000031069,rbf,100,25,1,0.0394855782087543,320,"{'alpha_edge': [0, 0.001, 0.1, 1, 10], 'alpha_neuron': [0, 0.001, 0.1, 1, 10], 'layer_width': [100, 250, 500, 750, 1000], 'num_inducing': [10, 25, 50, 75, 100]}",COMPLETE,
321,0.0004551057629732851,2026-07-26 16:51:08.759962,2026-07-26 16:51:11.838619,3.078657,0.001,0.001,500,10,0.001,0.001,2.6972345000249334,rbf,500,10,1,0.0004551057629732851,321,"{'alpha_edge': [0, 0.001, 0.1, 1, 10], 'alpha_neuron': [0, 0.001, 0.1, 1, 10], 'layer_width': [100, 250, 500, 750, 1000], 'num_inducing': [10, 25, 50, 75, 100]}",COMPLETE,
322,0.019353424828398143,2026-07-26 16:51:11.842851,2026-07-26 16:51:17.657914,5.815063,10.0,10.0,500,25,10.0,10.0,4.609161375032272,rbf,500,25,1,0.019353424828398143,322,"{'alpha_edge': [0, 0.001, 0.1, 1, 10], 'alpha_neuron': [0, 0.001, 0.1, 1, 10], 'layer_width': [100, 250, 500, 750, 1000], 'num_inducing': [10, 25, 50, 75, 100]}",COMPLETE,
323,0.009117961658580361,2026-07-26 16:51:17.663561,2026-07-26 16:51:29.866747,12.203186,0.001,10.0,500,75,0.001,10.0,10.750094584014732,rbf,500,75,1,0.009117961658580361,323,"{'alpha_edge': [0, 0.001, 0.1, 1, 10], 'alpha_neuron': [0, 0.001, 0.1, 1, 10], 'layer_width': [100, 250, 500, 750, 1000], 'num_inducing': [10, 25, 50, 75, 100]}",COMPLETE,
324,0.0029291137460950205,2026-07-26 16:51:29.871133,2026-07-26 16:51:41.962868,12.091735,0.1,1.0,750,50,0.1,1.0,10.637119582970627,rbf,750,50,1,0.0029291137460950205,324,"{'alpha_edge': [0, 0.001, 0.1, 1, 10], 'alpha_neuron': [0, 0.001, 0.1, 1, 10], 'layer_width': [100, 250, 500, 750, 1000], 'num_inducing': [10, 25, 50, 75, 100]}",COMPLETE,
325,5.5675276850345564e-05,2026-07-26 16:51:41.966345,2026-07-26 16:51:49.109515,7.14317,1.0,0.0,250,100,1.0,0.0,6.205795207992196,rbf,250,100,1,5.5675276850345564e-05,325,"{'alpha_edge': [0, 0.001, 0.1, 1, 10], 'alpha_neuron': [0, 0.001, 0.1, 1, 10], 'layer_width': [100, 250, 500, 750, 1000], 'num_inducing': [10, 25, 50, 75, 100]}",COMPLETE,
326,0.00030921448013015025,2026-07-26 16:51:49.113136,2026-07-26 16:52:05.391359,16.278223,1.0,0.001,1000,50,1.0,0.001,14.333329708024394,rbf,1000,50,1,0.00030921448013015025,326,"{'alpha_edge': [0, 0.001, 0.1, 1, 10], 'alpha_neuron': [0, 0.001, 0.1, 1, 10], 'layer_width': [100, 250, 500, 750, 1000], 'num_inducing': [10, 25, 50, 75, 100]}",COMPLETE,
327,0.0008950523614379061,2026-07-26 16:52:05.395859,2026-07-26 16:52:11.464353,6.068494,0.001,0.1,1000,10,0.001,0.1,5.282251540978905,rbf,1000,10,1,0.0008950523614379061,327,"{'alpha_edge': [0, 0.001, 0.1, 1, 10], 'alpha_neuron': [0, 0.001, 0.1, 1, 10], 'layer_width': [100, 250, 500, 750, 1000], 'num_inducing': [10, 25, 50, 75, 100]}",COMPLETE,
328,0.0010236341979750208,2026-07-26 16:52:11.470384,2026-07-26 16:52:19.143377,7.672993,0.001,0.1,750,25,0.001,0.1,6.5432334580109455,rbf,750,25,1,0.0010236341979750208,328,"{'alpha_edge': [0, 0.001, 0.1, 1, 10], 'alpha_neuron': [0, 0.001, 0.1, 1, 10], 'layer_width': [100, 250, 500, 750, 1000], 'num_inducing': [10, 25, 50, 75, 100]}",COMPLETE,
329,0.03419599336330929,2026-07-26 16:52:19.146628,2026-07-26 16:52:29.116931,9.970303,0.0,10.0,750,25,0.0,10.0,8.796006500022486,rbf,750,25,1,0.03419599336330929,329,"{'alpha_edge': [0, 0.001, 0.1, 1, 10], 'alpha_neuron': [0, 0.001, 0.1, 1, 10], 'layer_width': [100, 250, 500, 750, 1000], 'num_inducing': [10, 25, 50, 75, 100]}",COMPLETE,
330,0.0063450753099412,2026-07-26 16:52:29.121306,2026-07-26 16:52:33.321352,4.200046,10.0,0.1,250,50,10.0,0.1,3.5368237079819664,rbf,250,50,1,0.0063450753099412,330,"{'alpha_edge': [0, 0.001, 0.1, 1, 10], 'alpha_neuron': [0, 0.001, 0.1, 1, 10], 'layer_width': [100, 250, 500, 750, 1000], 'num_inducing': [10, 25, 50, 75, 100]}",COMPLETE,
331,1.7004602997090847e-08,2026-07-26 16:52:33.324883,2026-07-26 16:52:45.875757,12.550874,10.0,0.0,750,50,10.0,0.0,11.171943541034125,rbf,750,50,1,1.7004602997090847e-08,331,"{'alpha_edge': [0, 0.001, 0.1, 1, 10], 'alpha_neuron': [0, 0.001, 0.1, 1, 10], 'layer_width': [100, 250, 500, 750, 1000], 'num_inducing': [10, 25, 50, 75, 100]}",COMPLETE,
332,0.0005361621291021954,2026-07-26 16:52:45.879140,2026-07-26 16:53:00.527964,14.648824,0.001,0.001,500,100,0.001,0.001,12.511349832988344,rbf,500,100,1,0.0005361621291021954,332,"{'alpha_edge': [0, 0.001, 0.1, 1, 10], 'alpha_neuron': [0, 0.001, 0.1, 1, 10], 'layer_width': [100, 250, 500, 750, 1000], 'num_inducing': [10, 25, 50, 75, 100]}",COMPLETE,
333,0.04729634813606888,2026-07-26 16:53:00.531518,2026-07-26 16:53:04.246444,3.714926,0.0,10.0,250,25,0.0,10.0,3.2872906670090742,rbf,250,25,1,0.04729634813606888,333,"{'alpha_edge': [0, 0.001, 0.1, 1, 10], 'alpha_neuron': [0, 0.001, 0.1, 1, 10], 'layer_width': [100, 250, 500, 750, 1000], 'num_inducing': [10, 25, 50, 75, 100]}",COMPLETE,
334,0.01217916573048605,2026-07-26 16:53:04.252761,2026-07-26 16:53:08.895287,4.642526,1.0,10.0,750,10,1.0,10.0,4.075814249983523,rbf,750,10,1,0.01217916573048605,334,"{'alpha_edge': [0, 0.001, 0.1, 1, 10], 'alpha_neuron': [0, 0.001, 0.1, 1, 10], 'layer_width': [100, 250, 500, 750, 1000], 'num_inducing': [10, 25, 50, 75, 100]}",COMPLETE,
335,0.043225366241356804,2026-07-26 16:53:08.898713,2026-07-26 16:53:26.588843,17.69013,0.0,0.1,500,75,0.0,0.1,16.357125249982346,rbf,500,75,1,0.043225366241356804,335,"{'alpha_edge': [0, 0.001, 0.1, 1, 10], 'alpha_neuron': [0, 0.001, 0.1, 1, 10], 'layer_width': [100, 250, 500, 750, 1000], 'num_inducing': [10, 25, 50, 75, 100]}",COMPLETE,
336,0.0769937053041592,2026-07-26 16:53:26.593321,2026-07-26 16:53:28.292156,1.698835,0.0,10.0,250,10,0.0,10.0,1.5033546249615029,rbf,250,10,1,0.0769937053041592,336,"{'alpha_edge': [0, 0.001, 0.1, 1, 10], 'alpha_neuron': [0, 0.001, 0.1, 1, 10], 'layer_width': [100, 250, 500, 750, 1000], 'num_inducing': [10, 25, 50, 75, 100]}",COMPLETE,
337,0.001708636140870001,2026-07-26 16:53:28.295548,2026-07-26 16:53:56.857391,28.561843,1.0,0.1,1000,100,1.0,0.1,24.95272787497379,rbf,1000,100,1,0.001708636140870001,337,"{'alpha_edge': [0, 0.001, 0.1, 1, 10], 'alpha_neuron': [0, 0.001, 0.1, 1, 10], 'layer_width': [100, 250, 500, 750, 1000], 'num_inducing': [10, 25, 50, 75, 100]}",COMPLETE,
338,0.006623860292675488,2026-07-26 16:53:56.861591,2026-07-26 16:54:01.587317,4.725726,10.0,1.0,750,10,10.0,1.0,4.01828708301764,rbf,750,10,1,0.006623860292675488,338,"{'alpha_edge': [0, 0.001, 0.1, 1, 10], 'alpha_neuron': [0, 0.001, 0.1, 1, 10], 'layer_width': [100, 250, 500, 750, 1000], 'num_inducing': [10, 25, 50, 75, 100]}",COMPLETE,
339,0.0185696746516318,2026-07-26 16:54:01.590780,2026-07-26 16:54:04.363509,2.772729,0.1,1.0,100,100,0.1,1.0,2.4344711669837125,rbf,100,100,1,0.0185696746516318,339,"{'alpha_edge': [0, 0.001, 0.1, 1, 10], 'alpha_neuron': [0, 0.001, 0.1, 1, 10], 'layer_width': [100, 250, 500, 750, 1000], 'num_inducing': [10, 25, 50, 75, 100]}",COMPLETE,
340,0.010112799166527898,2026-07-26 16:54:04.368999,2026-07-26 16:54:09.433780,5.064781,10.0,1.0,500,25,10.0,1.0,4.336714249977376,rbf,500,25,1,0.010112799166527898,340,"{'alpha_edge': [0, 0.001, 0.1, 1, 10], 'alpha_neuron': [0, 0.001, 0.1, 1, 10], 'layer_width': [100, 250, 500, 750, 1000], 'num_inducing': [10, 25, 50, 75, 100]}",COMPLETE,
341,0.027030994864120878,2026-07-26 16:54:09.440889,2026-07-26 16:54:10.923952,1.483063,10.0,10.0,250,10,10.0,10.0,1.2944363339920528,rbf,250,10,1,0.027030994864120878,341,"{'alpha_edge': [0, 0.001, 0.1, 1, 10], 'alpha_neuron': [0, 0.001, 0.1, 1, 10], 'layer_width': [100, 250, 500, 750, 1000], 'num_inducing': [10, 25, 50, 75, 100]}",COMPLETE,
342,0.035722832544378656,2026-07-26 16:54:10.928099,2026-07-26 16:54:32.156716,21.228617,0.0,1.0,750,75,0.0,1.0,19.950653166975826,rbf,750,75,1,0.035722832544378656,342,"{'alpha_edge': [0, 0.001, 0.1, 1, 10], 'alpha_neuron': [0, 0.001, 0.1, 1, 10], 'layer_width': [100, 250, 500, 750, 1000], 'num_inducing': [10, 25, 50, 75, 100]}",COMPLETE,
343,3.8052183291244243e-10,2026-07-26 16:54:32.160064,2026-07-26 16:54:39.623714,7.46365,10.0,0.0,1000,25,10.0,0.0,6.416178000043146,rbf,1000,25,1,3.8052183291244243e-10,343,"{'alpha_edge': [0, 0.001, 0.1, 1, 10], 'alpha_neuron': [0, 0.001, 0.1, 1, 10], 'layer_width': [100, 250, 500, 750, 1000], 'num_inducing': [10, 25, 50, 75, 100]}",COMPLETE,
344,0.03199911222482705,2026-07-26 16:54:39.629089,2026-07-26 16:54:41.110906,1.481817,1.0,10.0,100,75,1.0,10.0,1.3145769590046257,rbf,100,75,1,0.03199911222482705,344,"{'alpha_edge': [0, 0.001, 0.1, 1, 10], 'alpha_neuron': [0, 0.001, 0.1, 1, 10], 'layer_width': [100, 250, 500, 750, 1000], 'num_inducing': [10, 25, 50, 75, 100]}",COMPLETE,
345,0.00962554573605896,2026-07-26 16:54:41.113806,2026-07-26 16:54:43.029355,1.915549,1.0,1.0,500,10,1.0,1.0,1.6727957499679178,rbf,500,10,1,0.00962554573605896,345,"{'alpha_edge': [0, 0.001, 0.1, 1, 10], 'alpha_neuron': [0, 0.001, 0.1, 1, 10], 'layer_width': [100, 250, 500, 750, 1000], 'num_inducing': [10, 25, 50, 75, 100]}",COMPLETE,
346,0.008306895907474366,2026-07-26 16:54:43.032222,2026-07-26 16:54:48.614877,5.582655,1.0,1.0,500,50,1.0,1.0,4.995449208014179,rbf,500,50,1,0.008306895907474366,346,"{'alpha_edge': [0, 0.001, 0.1, 1, 10], 'alpha_neuron': [0, 0.001, 0.1, 1, 10], 'layer_width': [100, 250, 500, 750, 1000], 'num_inducing': [10, 25, 50, 75, 100]}",COMPLETE,
347,0.0009523141985838268,2026-07-26 16:54:48.618543,2026-07-26 16:55:03.490075,14.871532,0.001,0.1,1000,75,0.001,0.1,13.12649783398956,rbf,1000,75,1,0.0009523141985838268,347,"{'alpha_edge': [0, 0.001, 0.1, 1, 10], 'alpha_neuron': [0, 0.001, 0.1, 1, 10], 'layer_width': [100, 250, 500, 750, 1000], 'num_inducing': [10, 25, 50, 75, 100]}",COMPLETE,
348,1.046447815010261e-06,2026-07-26 16:55:03.493827,2026-07-26 16:55:07.204846,3.711019,0.001,0.0,1000,10,0.001,0.0,3.1830758749856614,rbf,1000,10,1,1.046447815010261e-06,348,"{'alpha_edge': [0, 0.001, 0.1, 1, 10], 'alpha_neuron': [0, 0.001, 0.1, 1, 10], 'layer_width': [100, 250, 500, 750, 1000], 'num_inducing': [10, 25, 50, 75, 100]}",COMPLETE,
349,0.013702392852037126,2026-07-26 16:55:07.207890,2026-07-26 16:55:07.555915,0.348025,0.001,0.001,100,10,0.001,0.001,0.31322658294811845,rbf,100,10,1,0.013702392852037126,349,"{'alpha_edge': [0, 0.001, 0.1, 1, 10], 'alpha_neuron': [0, 0.001, 0.1, 1, 10], 'layer_width': [100, 250, 500, 750, 1000], 'num_inducing': [10, 25, 50, 75, 100]}",COMPLETE,
350,0.03800439617999773,2026-07-26 16:55:07.558887,2026-07-26 16:55:24.978998,17.420111,0.0,0.001,500,100,0.0,0.001,16.2475264579989,rbf,500,100,1,0.03800439617999773,350,"{'alpha_edge': [0, 0.001, 0.1, 1, 10], 'alpha_neuron': [0, 0.001, 0.1, 1, 10], 'layer_width': [100, 250, 500, 750, 1000], 'num_inducing': [10, 25, 50, 75, 100]}",COMPLETE,
351,0.00537550113075615,2026-07-26 16:55:24.982026,2026-07-26 16:55:25.411536,0.42951,1.0,0.001,100,10,1.0,0.001,0.3797360829776153,rbf,100,10,1,0.00537550113075615,351,"{'alpha_edge': [0, 0.001, 0.1, 1, 10], 'alpha_neuron': [0, 0.001, 0.1, 1, 10], 'layer_width': [100, 250, 500, 750, 1000], 'num_inducing': [10, 25, 50, 75, 100]}",COMPLETE,
352,0.002341930449020919,2026-07-26 16:55:25.414519,2026-07-26 16:55:31.703553,6.289034,10.0,0.1,1000,25,10.0,0.1,5.442071874975227,rbf,1000,25,1,0.002341930449020919,352,"{'alpha_edge': [0, 0.001, 0.1, 1, 10], 'alpha_neuron': [0, 0.001, 0.1, 1, 10], 'layer_width': [100, 250, 500, 750, 1000], 'num_inducing': [10, 25, 50, 75, 100]}",COMPLETE,
353,0.012521063793531767,2026-07-26 16:55:31.706741,2026-07-26 16:55:33.219121,1.51238,1.0,0.1,100,75,1.0,0.1,1.3315691250027157,rbf,100,75,1,0.012521063793531767,353,"{'alpha_edge': [0, 0.001, 0.1, 1, 10], 'alpha_neuron': [0, 0.001, 0.1, 1, 10], 'layer_width': [100, 250, 500, 750, 1000], 'num_inducing': [10, 25, 50, 75, 100]}",COMPLETE,
354,0.0013758460300479015,2026-07-26 16:55:33.223125,2026-07-26 16:55:44.152904,10.929779,0.1,0.1,1000,50,0.1,0.1,9.573862249962986,rbf,1000,50,1,0.0013758460300479015,354,"{'alpha_edge': [0, 0.001, 0.1, 1, 10], 'alpha_neuron': [0, 0.001, 0.1, 1, 10], 'layer_width': [100, 250, 500, 750, 1000], 'num_inducing': [10, 25, 50, 75, 100]}",COMPLETE,
355,0.01220862619206971,2026-07-26 16:55:44.155882,2026-07-26 16:55:45.559440,1.403558,0.1,0.0,100,75,0.1,0.0,1.2427725410088897,rbf,100,75,1,0.01220862619206971,355,"{'alpha_edge': [0, 0.001, 0.1, 1, 10], 'alpha_neuron': [0, 0.001, 0.1, 1, 10], 'layer_width': [100, 250, 500, 750, 1000], 'num_inducing': [10, 25, 50, 75, 100]}",COMPLETE,
356,0.002379963383856869,2026-07-26 16:55:45.562602,2026-07-26 16:55:49.708773,4.146171,10.0,0.1,1000,10,10.0,0.1,3.588718582992442,rbf,1000,10,1,0.002379963383856869,356,"{'alpha_edge': [0, 0.001, 0.1, 1, 10], 'alpha_neuron': [0, 0.001, 0.1, 1, 10], 'layer_width': [100, 250, 500, 750, 1000], 'num_inducing': [10, 25, 50, 75, 100]}",COMPLETE,
357,0.016967780420438047,2026-07-26 16:55:49.712442,2026-07-26 16:55:52.506226,2.793784,0.1,10.0,250,50,0.1,10.0,2.4658848750405014,rbf,250,50,1,0.016967780420438047,357,"{'alpha_edge': [0, 0.001, 0.1, 1, 10], 'alpha_neuron': [0, 0.001, 0.1, 1, 10], 'layer_width': [100, 250, 500, 750, 1000], 'num_inducing': [10, 25, 50, 75, 100]}",COMPLETE,
358,0.025885275385580005,2026-07-26 16:55:52.509632,2026-07-26 16:56:19.590129,27.080497,0.0,0.1,750,100,0.0,0.1,25.265226291958243,rbf,750,100,1,0.025885275385580005,358,"{'alpha_edge': [0, 0.001, 0.1, 1, 10], 'alpha_neuron': [0, 0.001, 0.1, 1, 10], 'layer_width': [100, 250, 500, 750, 1000], 'num_inducing': [10, 25, 50, 75, 100]}",COMPLETE,
359,0.08393644952693614,2026-07-26 16:56:19.593915,2026-07-26 16:56:21.252071,1.658156,0.0,0.0,100,50,0.0,0.0,1.477269958006218,rbf,100,50,1,0.08393644952693614,359,"{'alpha_edge': [0, 0.001, 0.1, 1, 10], 'alpha_neuron': [0, 0.001, 0.1, 1, 10], 'layer_width': [100, 250, 500, 750, 1000], 'num_inducing': [10, 25, 50, 75, 100]}",COMPLETE,
360,0.004234732092466809,2026-07-26 16:56:21.256144,2026-07-26 16:56:24.144863,2.888719,0.1,1.0,750,10,0.1,1.0,2.547746249998454,rbf,750,10,1,0.004234732092466809,360,"{'alpha_edge': [0, 0.001, 0.1, 1, 10], 'alpha_neuron': [0, 0.001, 0.1, 1, 10], 'layer_width': [100, 250, 500, 750, 1000], 'num_inducing': [10, 25, 50, 75, 100]}",COMPLETE,
361,0.0024957197277271485,2026-07-26 16:56:24.149475,2026-07-26 16:56:30.879163,6.729688,0.001,1.0,1000,25,0.001,1.0,5.801694041991141,rbf,1000,25,1,0.0024957197277271485,361,"{'alpha_edge': [0, 0.001, 0.1, 1, 10], 'alpha_neuron': [0, 0.001, 0.1, 1, 10], 'layer_width': [100, 250, 500, 750, 1000], 'num_inducing': [10, 25, 50, 75, 100]}",COMPLETE,
362,0.012980732990419562,2026-07-26 16:56:30.882184,2026-07-26 16:56:35.496557,4.614373,10.0,1.0,250,100,10.0,1.0,4.052485000051092,rbf,250,100,1,0.012980732990419562,362,"{'alpha_edge': [0, 0.001, 0.1, 1, 10], 'alpha_neuron': [0, 0.001, 0.1, 1, 10], 'layer_width': [100, 250, 500, 750, 1000], 'num_inducing': [10, 25, 50, 75, 100]}",COMPLETE,
363,2.133578779900928e-06,2026-07-26 16:56:35.501657,2026-07-26 16:56:41.901587,6.39993,0.001,0.0,1000,25,0.001,0.0,5.5023439160431735,rbf,1000,25,1,2.133578779900928e-06,363,"{'alpha_edge': [0, 0.001, 0.1, 1, 10], 'alpha_neuron': [0, 0.001, 0.1, 1, 10], 'layer_width': [100, 250, 500, 750, 1000], 'num_inducing': [10, 25, 50, 75, 100]}",COMPLETE,
364,0.0004035617970924813,2026-07-26 16:56:41.905001,2026-07-26 16:56:51.247184,9.342183,0.1,0.001,500,100,0.1,0.001,8.123799666995183,rbf,500,100,1,0.0004035617970924813,364,"{'alpha_edge': [0, 0.001, 0.1, 1, 10], 'alpha_neuron': [0, 0.001, 0.1, 1, 10], 'layer_width': [100, 250, 500, 750, 1000], 'num_inducing': [10, 25, 50, 75, 100]}",COMPLETE,
365,0.0077943025567371186,2026-07-26 16:56:51.252132,2026-07-26 16:56:56.216647,4.964515,0.001,10.0,750,25,0.001,10.0,4.2026267079636455,rbf,750,25,1,0.0077943025567371186,365,"{'alpha_edge': [0, 0.001, 0.1, 1, 10], 'alpha_neuron': [0, 0.001, 0.1, 1, 10], 'layer_width': [100, 250, 500, 750, 1000], 'num_inducing': [10, 25, 50, 75, 100]}",COMPLETE,
366,0.0002720828742540246,2026-07-26 16:56:56.221088,2026-07-26 16:57:10.373053,14.151965,1.0,0.001,750,100,1.0,0.001,12.448484624968842,rbf,750,100,1,0.0002720828742540246,366,"{'alpha_edge': [0, 0.001, 0.1, 1, 10], 'alpha_neuron': [0, 0.001, 0.1, 1, 10], 'layer_width': [100, 250, 500, 750, 1000], 'num_inducing': [10, 25, 50, 75, 100]}",COMPLETE,
367,2.7041877862121284e-09,2026-07-26 16:57:10.377143,2026-07-26 16:57:14.900597,4.523454,10.0,0.0,1000,10,10.0,0.0,4.071067042008508,rbf,1000,10,1,2.7041877862121284e-09,367,"{'alpha_edge': [0, 0.001, 0.1, 1, 10], 'alpha_neuron': [0, 0.001, 0.1, 1, 10], 'layer_width': [100, 250, 500, 750, 1000], 'num_inducing': [10, 25, 50, 75, 100]}",COMPLETE,
368,0.032111558440230156,2026-07-26 16:57:14.904037,2026-07-26 16:57:32.196148,17.292111,0.0,10.0,500,100,0.0,10.0,16.109496582997963,rbf,500,100,1,0.032111558440230156,368,"{'alpha_edge': [0, 0.001, 0.1, 1, 10], 'alpha_neuron': [0, 0.001, 0.1, 1, 10], 'layer_width': [100, 250, 500, 750, 1000], 'num_inducing': [10, 25, 50, 75, 100]}",COMPLETE,
369,0.006407346040207595,2026-07-26 16:57:32.199157,2026-07-26 16:57:34.133920,1.934763,1.0,0.0,100,100,1.0,0.0,1.676044040999841,rbf,100,100,1,0.006407346040207595,369,"{'alpha_edge': [0, 0.001, 0.1, 1, 10], 'alpha_neuron': [0, 0.001, 0.1, 1, 10], 'layer_width': [100, 250, 500, 750, 1000], 'num_inducing': [10, 25, 50, 75, 100]}",COMPLETE,
370,0.011697253898970663,2026-07-26 16:57:34.138065,2026-07-26 16:57:45.127716,10.989651,10.0,10.0,1000,50,10.0,10.0,9.690116541984025,rbf,1000,50,1,0.011697253898970663,370,"{'alpha_edge': [0, 0.001, 0.1, 1, 10], 'alpha_neuron': [0, 0.001, 0.1, 1, 10], 'layer_width': [100, 250, 500, 750, 1000], 'num_inducing': [10, 25, 50, 75, 100]}",COMPLETE,
371,0.00013985774749272848,2026-07-26 16:57:45.130913,2026-07-26 16:57:46.167953,1.03704,10.0,0.0,250,10,10.0,0.0,0.8854176250169985,rbf,250,10,1,0.00013985774749272848,371,"{'alpha_edge': [0, 0.001, 0.1, 1, 10], 'alpha_neuron': [0, 0.001, 0.1, 1, 10], 'layer_width': [100, 250, 500, 750, 1000], 'num_inducing': [10, 25, 50, 75, 100]}",COMPLETE,
372,0.016095029482481486,2026-07-26 16:57:46.171360,2026-07-26 16:57:48.360404,2.189044,1.0,10.0,500,10,1.0,10.0,1.8692640829831362,rbf,500,10,1,0.016095029482481486,372,"{'alpha_edge': [0, 0.001, 0.1, 1, 10], 'alpha_neuron': [0, 0.001, 0.1, 1, 10], 'layer_width': [100, 250, 500, 750, 1000], 'num_inducing': [10, 25, 50, 75, 100]}",COMPLETE,
373,0.013831372318434874,2026-07-26 16:57:48.363387,2026-07-26 16:57:49.060442,0.697055,0.001,0.1,100,25,0.001,0.1,0.572677374992054,rbf,100,25,1,0.013831372318434874,373,"{'alpha_edge': [0, 0.001, 0.1, 1, 10], 'alpha_neuron': [0, 0.001, 0.1, 1, 10], 'layer_width': [100, 250, 500, 750, 1000], 'num_inducing': [10, 25, 50, 75, 100]}",COMPLETE,
374,0.021378755203791767,2026-07-26 16:57:49.063361,2026-07-26 16:57:50.615889,1.552528,10.0,0.1,100,75,10.0,0.1,1.378088791971095,rbf,100,75,1,0.021378755203791767,374,"{'alpha_edge': [0, 0.001, 0.1, 1, 10], 'alpha_neuron': [0, 0.001, 0.1, 1, 10], 'layer_width': [100, 250, 500, 750, 1000], 'num_inducing': [10, 25, 50, 75, 100]}",COMPLETE,
375,0.008104320216492893,2026-07-26 16:57:50.621672,2026-07-26 16:58:01.939388,11.317716,0.1,10.0,1000,50,0.1,10.0,9.982825165963732,rbf,1000,50,1,0.008104320216492893,375,"{'alpha_edge': [0, 0.001, 0.1, 1, 10], 'alpha_neuron': [0, 0.001, 0.1, 1, 10], 'layer_width': [100, 250, 500, 750, 1000], 'num_inducing': [10, 25, 50, 75, 100]}",COMPLETE,
376,0.00037382066851673835,2026-07-26 16:58:01.943969,2026-07-26 16:58:13.271004,11.327035,0.001,0.001,750,75,0.001,0.001,9.933672499959357,rbf,750,75,1,0.00037382066851673835,376,"{'alpha_edge': [0, 0.001, 0.1, 1, 10], 'alpha_neuron': [0, 0.001, 0.1, 1, 10], 'layer_width': [100, 250, 500, 750, 1000], 'num_inducing': [10, 25, 50, 75, 100]}",COMPLETE,
377,0.002794433295277049,2026-07-26 16:58:13.274835,2026-07-26 16:58:24.758332,11.483497,0.1,1.0,1000,50,0.1,1.0,10.155042374972254,rbf,1000,50,1,0.002794433295277049,377,"{'alpha_edge': [0, 0.001, 0.1, 1, 10], 'alpha_neuron': [0, 0.001, 0.1, 1, 10], 'layer_width': [100, 250, 500, 750, 1000], 'num_inducing': [10, 25, 50, 75, 100]}",COMPLETE,
378,0.0080865449813184,2026-07-26 16:58:24.762120,2026-07-26 16:58:25.437237,0.675117,1.0,0.0,100,25,1.0,0.0,0.5469542909995653,rbf,100,25,1,0.0080865449813184,378,"{'alpha_edge': [0, 0.001, 0.1, 1, 10], 'alpha_neuron': [0, 0.001, 0.1, 1, 10], 'layer_width': [100, 250, 500, 750, 1000], 'num_inducing': [10, 25, 50, 75, 100]}",COMPLETE,
379,0.002151449642550916,2026-07-26 16:58:25.440170,2026-07-26 16:58:37.236982,11.796812,1.0,0.1,750,75,1.0,0.1,10.298589167010505,rbf,750,75,1,0.002151449642550916,379,"{'alpha_edge': [0, 0.001, 0.1, 1, 10], 'alpha_neuron': [0, 0.001, 0.1, 1, 10], 'layer_width': [100, 250, 500, 750, 1000], 'num_inducing': [10, 25, 50, 75, 100]}",COMPLETE,
380,0.018896721139694855,2026-07-26 16:58:37.240110,2026-07-26 16:58:43.260444,6.020334,10.0,10.0,500,50,10.0,10.0,5.362836042011622,rbf,500,50,1,0.018896721139694855,380,"{'alpha_edge': [0, 0.001, 0.1, 1, 10], 'alpha_neuron': [0, 0.001, 0.1, 1, 10], 'layer_width': [100, 250, 500, 750, 1000], 'num_inducing': [10, 25, 50, 75, 100]}",COMPLETE,
381,0.0009371332201341255,2026-07-26 16:58:43.263474,2026-07-26 16:58:53.498017,10.234543,10.0,0.001,500,100,10.0,0.001,9.047549958981108,rbf,500,100,1,0.0009371332201341255,381,"{'alpha_edge': [0, 0.001, 0.1, 1, 10], 'alpha_neuron': [0, 0.001, 0.1, 1, 10], 'layer_width': [100, 250, 500, 750, 1000], 'num_inducing': [10, 25, 50, 75, 100]}",COMPLETE,
382,0.026586633916551725,2026-07-26 16:58:53.502970,2026-07-26 16:58:55.536749,2.033779,1.0,1.0,100,100,1.0,1.0,1.8006756670074537,rbf,100,100,1,0.026586633916551725,382,"{'alpha_edge': [0, 0.001, 0.1, 1, 10], 'alpha_neuron': [0, 0.001, 0.1, 1, 10], 'layer_width': [100, 250, 500, 750, 1000], 'num_inducing': [10, 25, 50, 75, 100]}",COMPLETE,
383,0.0031935464837087777,2026-07-26 16:58:55.594723,2026-07-26 16:59:03.065321,7.470598,1.0,0.1,750,25,1.0,0.1,5.976107334019616,rbf,750,25,1,0.0031935464837087777,383,"{'alpha_edge': [0, 0.001, 0.1, 1, 10], 'alpha_neuron': [0, 0.001, 0.1, 1, 10], 'layer_width': [100, 250, 500, 750, 1000], 'num_inducing': [10, 25, 50, 75, 100]}",COMPLETE,
384,0.00014124691710444171,2026-07-26 16:59:03.073494,2026-07-26 16:59:09.395351,6.321857,0.001,0.0,500,25,0.001,0.0,5.191896458971314,rbf,500,25,1,0.00014124691710444171,384,"{'alpha_edge': [0, 0.001, 0.1, 1, 10], 'alpha_neuron': [0, 0.001, 0.1, 1, 10], 'layer_width': [100, 250, 500, 750, 1000], 'num_inducing': [10, 25, 50, 75, 100]}",COMPLETE,
385,0.001632418136058443,2026-07-26 16:59:09.398891,2026-07-26 16:59:11.443961,2.04507,10.0,0.001,250,10,10.0,0.001,1.8500644579762593,rbf,250,10,1,0.001632418136058443,385,"{'alpha_edge': [0, 0.001, 0.1, 1, 10], 'alpha_neuron': [0, 0.001, 0.1, 1, 10], 'layer_width': [100, 250, 500, 750, 1000], 'num_inducing': [10, 25, 50, 75, 100]}",COMPLETE,
386,0.013147764398064851,2026-07-26 16:59:11.490615,2026-07-26 16:59:14.154914,2.664299,0.1,0.0,100,100,0.1,0.0,2.348350999993272,rbf,100,100,1,0.013147764398064851,386,"{'alpha_edge': [0, 0.001, 0.1, 1, 10], 'alpha_neuron': [0, 0.001, 0.1, 1, 10], 'layer_width': [100, 250, 500, 750, 1000], 'num_inducing': [10, 25, 50, 75, 100]}",COMPLETE,
387,9.85470116142641e-05,2026-07-26 16:59:14.177163,2026-07-26 16:59:19.225093,5.04793,1.0,0.0,250,50,1.0,0.0,4.371956625021994,rbf,250,50,1,9.85470116142641e-05,387,"{'alpha_edge': [0, 0.001, 0.1, 1, 10], 'alpha_neuron': [0, 0.001, 0.1, 1, 10], 'layer_width': [100, 250, 500, 750, 1000], 'num_inducing': [10, 25, 50, 75, 100]}",COMPLETE,
388,0.002941717748282153,2026-07-26 16:59:19.281961,2026-07-26 16:59:23.732130,4.450169,1.0,0.1,750,10,1.0,0.1,3.938609374978114,rbf,750,10,1,0.002941717748282153,388,"{'alpha_edge': [0, 0.001, 0.1, 1, 10], 'alpha_neuron': [0, 0.001, 0.1, 1, 10], 'layer_width': [100, 250, 500, 750, 1000], 'num_inducing': [10, 25, 50, 75, 100]}",COMPLETE,
389,1.1401597931601238e-10,2026-07-26 16:59:23.757961,2026-07-26 16:59:40.723969,16.966008,1.0,0.0,1000,50,1.0,0.0,15.247587457997724,rbf,1000,50,1,1.1401597931601238e-10,389,"{'alpha_edge': [0, 0.001, 0.1, 1, 10], 'alpha_neuron': [0, 0.001, 0.1, 1, 10], 'layer_width': [100, 250, 500, 750, 1000], 'num_inducing': [10, 25, 50, 75, 100]}",COMPLETE,5.534627451551515e-08
390,0.02117623213855142,2026-07-26 16:59:40.776496,2026-07-26 16:59:43.657013,2.880517,10.0,0.1,100,100,10.0,0.1,2.5026511669857427,rbf,100,100,1,0.02117623213855142,390,"{'alpha_edge': [0, 0.001, 0.1, 1, 10], 'alpha_neuron': [0, 0.001, 0.1, 1, 10], 'layer_width': [100, 250, 500, 750, 1000], 'num_inducing': [10, 25, 50, 75, 100]}",COMPLETE,
391,0.0005974664874586102,2026-07-26 16:59:43.662367,2026-07-26 16:59:47.454160,3.791793,10.0,0.001,500,10,10.0,0.001,2.968827250006143,rbf,500,10,1,0.0005974664874586102,391,"{'alpha_edge': [0, 0.001, 0.1, 1, 10], 'alpha_neuron': [0, 0.001, 0.1, 1, 10], 'layer_width': [100, 250, 500, 750, 1000], 'num_inducing': [10, 25, 50, 75, 100]}",COMPLETE,
392,0.00011383427535078625,2026-07-26 16:59:47.460017,2026-07-26 16:59:48.836437,1.37642,0.1,0.0,250,10,0.1,0.0,1.2643950000056066,rbf,250,10,1,0.00011383427535078625,392,"{'alpha_edge': [0, 0.001, 0.1, 1, 10], 'alpha_neuron': [0, 0.001, 0.1, 1, 10], 'layer_width': [100, 250, 500, 750, 1000], 'num_inducing': [10, 25, 50, 75, 100]}",COMPLETE,
393,0.018757409179412435,2026-07-26 16:59:48.839376,2026-07-26 16:59:52.003795,3.164419,0.001,10.0,250,50,0.001,10.0,2.7840836659888737,rbf,250,50,1,0.018757409179412435,393,"{'alpha_edge': [0, 0.001, 0.1, 1, 10], 'alpha_neuron': [0, 0.001, 0.1, 1, 10], 'layer_width': [100, 250, 500, 750, 1000], 'num_inducing': [10, 25, 50, 75, 100]}",COMPLETE,
394,0.002839571413612545,2026-07-26 16:59:52.006896,2026-07-26 16:59:55.977450,3.970554,0.001,0.0,250,75,0.001,0.0,3.4233668749802746,rbf,250,75,1,0.002839571413612545,394,"{'alpha_edge': [0, 0.001, 0.1, 1, 10], 'alpha_neuron': [0, 0.001, 0.1, 1, 10], 'layer_width': [100, 250, 500, 750, 1000], 'num_inducing': [10, 25, 50, 75, 100]}",COMPLETE,
395,0.05235478653227476,2026-07-26 16:59:55.981055,2026-07-26 17:00:02.957365,6.97631,0.0,0.001,250,75,0.0,0.001,6.5365404159529135,rbf,250,75,1,0.05235478653227476,395,"{'alpha_edge': [0, 0.001, 0.1, 1, 10], 'alpha_neuron': [0, 0.001, 0.1, 1, 10], 'layer_width': [100, 250, 500, 750, 1000], 'num_inducing': [10, 25, 50, 75, 100]}",COMPLETE,
396,0.03605373971457548,2026-07-26 17:00:02.961063,2026-07-26 17:00:16.255538,13.294475,0.0,1.0,500,75,0.0,1.0,12.468941832950804,rbf,500,75,1,0.03605373971457548,396,"{'alpha_edge': [0, 0.001, 0.1, 1, 10], 'alpha_neuron': [0, 0.001, 0.1, 1, 10], 'layer_width': [100, 250, 500, 750, 1000], 'num_inducing': [10, 25, 50, 75, 100]}",COMPLETE,
397,0.0003259774161871725,2026-07-26 17:00:16.260103,2026-07-26 17:00:19.308753,3.04865,0.1,0.001,750,10,0.1,0.001,2.7306474579963833,rbf,750,10,1,0.0003259774161871725,397,"{'alpha_edge': [0, 0.001, 0.1, 1, 10], 'alpha_neuron': [0, 0.001, 0.1, 1, 10], 'layer_width': [100, 250, 500, 750, 1000], 'num_inducing': [10, 25, 50, 75, 100]}",COMPLETE,
398,0.03569579673255649,2026-07-26 17:00:19.311670,2026-07-26 17:00:47.045481,27.733811,0.0,0.001,750,100,0.0,0.001,25.769540208973922,rbf,750,100,1,0.03569579673255649,398,"{'alpha_edge': [0, 0.001, 0.1, 1, 10], 'alpha_neuron': [0, 0.001, 0.1, 1, 10], 'layer_width': [100, 250, 500, 750, 1000], 'num_inducing': [10, 25, 50, 75, 100]}",COMPLETE,
399,0.02761270877475517,2026-07-26 17:00:47.048721,2026-07-26 17:00:48.651317,1.602596,0.1,10.0,100,75,0.1,10.0,1.356279750005342,rbf,100,75,1,0.02761270877475517,399,"{'alpha_edge': [0, 0.001, 0.1, 1, 10], 'alpha_neuron': [0, 0.001, 0.1, 1, 10], 'layer_width': [100, 250, 500, 750, 1000], 'num_inducing': [10, 25, 50, 75, 100]}",COMPLETE,
400,0.0039892250981471145,2026-07-26 17:00:48.655974,2026-07-26 17:00:54.207789,5.551815,0.1,1.0,750,25,0.1,1.0,4.800118374987505,rbf,750,25,1,0.0039892250981471145,400,"{'alpha_edge': [0, 0.001, 0.1, 1, 10], 'alpha_neuron': [0, 0.001, 0.1, 1, 10], 'layer_width': [100, 250, 500, 750, 1000], 'num_inducing': [10, 25, 50, 75, 100]}",COMPLETE,
401,0.04103327497128219,2026-07-26 17:00:54.211079,2026-07-26 17:00:59.403312,5.192233,0.0,0.1,500,25,0.0,0.1,4.61930029198993,rbf,500,25,1,0.04103327497128219,401,"{'alpha_edge': [0, 0.001, 0.1, 1, 10], 'alpha_neuron': [0, 0.001, 0.1, 1, 10], 'layer_width': [100, 250, 500, 750, 1000], 'num_inducing': [10, 25, 50, 75, 100]}",COMPLETE,
402,0.0009057277637019598,2026-07-26 17:00:59.406278,2026-07-26 17:01:19.761862,20.355584,0.001,0.1,1000,100,0.001,0.1,18.001432624994777,rbf,1000,100,1,0.0009057277637019598,402,"{'alpha_edge': [0, 0.001, 0.1, 1, 10], 'alpha_neuron': [0, 0.001, 0.1, 1, 10], 'layer_width': [100, 250, 500, 750, 1000], 'num_inducing': [10, 25, 50, 75, 100]}",COMPLETE,
403,0.012936355793029763,2026-07-26 17:01:19.765051,2026-07-26 17:01:20.521725,0.756674,1.0,0.1,100,25,1.0,0.1,0.6484788749949075,rbf,100,25,1,0.012936355793029763,403,"{'alpha_edge': [0, 0.001, 0.1, 1, 10], 'alpha_neuron': [0, 0.001, 0.1, 1, 10], 'layer_width': [100, 250, 500, 750, 1000], 'num_inducing': [10, 25, 50, 75, 100]}",COMPLETE,
404,5.878804961150706e-09,2026-07-26 17:01:20.526127,2026-07-26 17:01:36.417800,15.891673,1.0,0.0,750,100,1.0,0.0,14.027401665982325,rbf,750,100,1,5.878804961150706e-09,404,"{'alpha_edge': [0, 0.001, 0.1, 1, 10], 'alpha_neuron': [0, 0.001, 0.1, 1, 10], 'layer_width': [100, 250, 500, 750, 1000], 'num_inducing': [10, 25, 50, 75, 100]}",COMPLETE,
405,0.0059743612965619565,2026-07-26 17:01:36.421185,2026-07-26 17:01:52.447763,16.026578,10.0,1.0,1000,75,10.0,1.0,14.193961541983299,rbf,1000,75,1,0.0059743612965619565,405,"{'alpha_edge': [0, 0.001, 0.1, 1, 10], 'alpha_neuron': [0, 0.001, 0.1, 1, 10], 'layer_width': [100, 250, 500, 750, 1000], 'num_inducing': [10, 25, 50, 75, 100]}",COMPLETE,
406,0.004927778478993387,2026-07-26 17:01:52.452930,2026-07-26 17:01:56.340424,3.887494,1.0,1.0,1000,10,1.0,1.0,3.438578375033103,rbf,1000,10,1,0.004927778478993387,406,"{'alpha_edge': [0, 0.001, 0.1, 1, 10], 'alpha_neuron': [0, 0.001, 0.1, 1, 10], 'layer_width': [100, 250, 500, 750, 1000], 'num_inducing': [10, 25, 50, 75, 100]}",COMPLETE,
407,0.002190917967502206,2026-07-26 17:01:56.344017,2026-07-26 17:02:03.278164,6.934147,1.0,0.1,1000,25,1.0,0.1,5.803218332992401,rbf,1000,25,1,0.002190917967502206,407,"{'alpha_edge': [0, 0.001, 0.1, 1, 10], 'alpha_neuron': [0, 0.001, 0.1, 1, 10], 'layer_width': [100, 250, 500, 750, 1000], 'num_inducing': [10, 25, 50, 75, 100]}",COMPLETE,
408,0.011921991106623037,2026-07-26 17:02:03.281147,2026-07-26 17:02:13.546998,10.265851,0.1,10.0,500,100,0.1,10.0,8.75190166698303,rbf,500,100,1,0.011921991106623037,408,"{'alpha_edge': [0, 0.001, 0.1, 1, 10], 'alpha_neuron': [0, 0.001, 0.1, 1, 10], 'layer_width': [100, 250, 500, 750, 1000], 'num_inducing': [10, 25, 50, 75, 100]}",COMPLETE,
409,0.0029367614311998492,2026-07-26 17:02:13.549800,2026-07-26 17:02:25.085903,11.536103,0.001,1.0,750,75,0.001,1.0,10.266118833969813,rbf,750,75,1,0.0029367614311998492,409,"{'alpha_edge': [0, 0.001, 0.1, 1, 10], 'alpha_neuron': [0, 0.001, 0.1, 1, 10], 'layer_width': [100, 250, 500, 750, 1000], 'num_inducing': [10, 25, 50, 75, 100]}",COMPLETE,
410,0.015218734927682175,2026-07-26 17:02:25.088759,2026-07-26 17:02:26.369560,1.280801,0.1,0.1,100,50,0.1,0.1,1.0939553750213236,rbf,100,50,1,0.015218734927682175,410,"{'alpha_edge': [0, 0.001, 0.1, 1, 10], 'alpha_neuron': [0, 0.001, 0.1, 1, 10], 'layer_width': [100, 250, 500, 750, 1000], 'num_inducing': [10, 25, 50, 75, 100]}",COMPLETE,
411,0.021176718422436815,2026-07-26 17:02:26.372444,2026-07-26 17:02:27.470840,1.098396,10.0,0.1,100,50,10.0,0.1,0.9427179580088705,rbf,100,50,1,0.021176718422436815,411,"{'alpha_edge': [0, 0.001, 0.1, 1, 10], 'alpha_neuron': [0, 0.001, 0.1, 1, 10], 'layer_width': [100, 250, 500, 750, 1000], 'num_inducing': [10, 25, 50, 75, 100]}",COMPLETE,
412,0.0009826618366025846,2026-07-26 17:02:27.473883,2026-07-26 17:02:30.423550,2.949667,1.0,0.001,250,50,1.0,0.001,2.5951467499835417,rbf,250,50,1,0.0009826618366025846,412,"{'alpha_edge': [0, 0.001, 0.1, 1, 10], 'alpha_neuron': [0, 0.001, 0.1, 1, 10], 'layer_width': [100, 250, 500, 750, 1000], 'num_inducing': [10, 25, 50, 75, 100]}",COMPLETE,
413,0.0002708846648281151,2026-07-26 17:02:30.426751,2026-07-26 17:02:41.935674,11.508923,0.1,0.001,1000,50,0.1,0.001,10.114239958988037,rbf,1000,50,1,0.0002708846648281151,413,"{'alpha_edge': [0, 0.001, 0.1, 1, 10], 'alpha_neuron': [0, 0.001, 0.1, 1, 10], 'layer_width': [100, 250, 500, 750, 1000], 'num_inducing': [10, 25, 50, 75, 100]}",COMPLETE,
414,0.05849650675619823,2026-07-26 17:02:41.939738,2026-07-26 17:03:08.360864,26.421126,0.0,0.1,1000,75,0.0,0.1,24.56194829195738,rbf,1000,75,1,0.05849650675619823,414,"{'alpha_edge': [0, 0.001, 0.1, 1, 10], 'alpha_neuron': [0, 0.001, 0.1, 1, 10], 'layer_width': [100, 250, 500, 750, 1000], 'num_inducing': [10, 25, 50, 75, 100]}",COMPLETE,
415,1.0903797116606284e-08,2026-07-26 17:03:08.365498,2026-07-26 17:03:20.577802,12.212304,1.0,0.0,750,75,1.0,0.0,10.895651916973293,rbf,750,75,1,1.0903797116606284e-08,415,"{'alpha_edge': [0, 0.001, 0.1, 1, 10], 'alpha_neuron': [0, 0.001, 0.1, 1, 10], 'layer_width': [100, 250, 500, 750, 1000], 'num_inducing': [10, 25, 50, 75, 100]}",COMPLETE,
416,0.00030488861659491246,2026-07-26 17:03:20.584121,2026-07-26 17:03:24.980492,4.396371,0.1,0.001,1000,10,0.1,0.001,3.8777559170266613,rbf,1000,10,1,0.00030488861659491246,416,"{'alpha_edge': [0, 0.001, 0.1, 1, 10], 'alpha_neuron': [0, 0.001, 0.1, 1, 10], 'layer_width': [100, 250, 500, 750, 1000], 'num_inducing': [10, 25, 50, 75, 100]}",COMPLETE,
417,0.01893895970209253,2026-07-26 17:03:24.985229,2026-07-26 17:03:27.890237,2.905008,0.0,0.001,500,10,0.0,0.001,2.656861957977526,rbf,500,10,1,0.01893895970209253,417,"{'alpha_edge': [0, 0.001, 0.1, 1, 10], 'alpha_neuron': [0, 0.001, 0.1, 1, 10], 'layer_width': [100, 250, 500, 750, 1000], 'num_inducing': [10, 25, 50, 75, 100]}",COMPLETE,
418,0.002121991084174127,2026-07-26 17:03:27.893794,2026-07-26 17:03:39.373758,11.479964,1.0,0.1,1000,50,1.0,0.1,10.327367458026856,rbf,1000,50,1,0.002121991084174127,418,"{'alpha_edge': [0, 0.001, 0.1, 1, 10], 'alpha_neuron': [0, 0.001, 0.1, 1, 10], 'layer_width': [100, 250, 500, 750, 1000], 'num_inducing': [10, 25, 50, 75, 100]}",COMPLETE,
419,0.08122998348855379,2026-07-26 17:03:39.376596,2026-07-26 17:03:42.870131,3.493535,0.0,0.001,100,100,0.0,0.001,3.2226865830016322,rbf,100,100,1,0.08122998348855379,419,"{'alpha_edge': [0, 0.001, 0.1, 1, 10], 'alpha_neuron': [0, 0.001, 0.1, 1, 10], 'layer_width': [100, 250, 500, 750, 1000], 'num_inducing': [10, 25, 50, 75, 100]}",COMPLETE,
420,0.0003871275392838143,2026-07-26 17:03:42.873676,2026-07-26 17:03:45.991210,3.117534,10.0,0.001,750,10,10.0,0.001,2.700894250010606,rbf,750,10,1,0.0003871275392838143,420,"{'alpha_edge': [0, 0.001, 0.1, 1, 10], 'alpha_neuron': [0, 0.001, 0.1, 1, 10], 'layer_width': [100, 250, 500, 750, 1000], 'num_inducing': [10, 25, 50, 75, 100]}",COMPLETE,
421,0.01175863026239374,2026-07-26 17:03:45.994799,2026-07-26 17:03:46.440183,0.445384,10.0,0.001,100,10,10.0,0.001,0.36537787498673424,rbf,100,10,1,0.01175863026239374,421,"{'alpha_edge': [0, 0.001, 0.1, 1, 10], 'alpha_neuron': [0, 0.001, 0.1, 1, 10], 'layer_width': [100, 250, 500, 750, 1000], 'num_inducing': [10, 25, 50, 75, 100]}",COMPLETE,
422,0.0013196959176682726,2026-07-26 17:03:46.479653,2026-07-26 17:03:48.082491,1.602838,10.0,0.001,250,25,10.0,0.001,1.3783947080373764,rbf,250,25,1,0.0013196959176682726,422,"{'alpha_edge': [0, 0.001, 0.1, 1, 10], 'alpha_neuron': [0, 0.001, 0.1, 1, 10], 'layer_width': [100, 250, 500, 750, 1000], 'num_inducing': [10, 25, 50, 75, 100]}",COMPLETE,
423,0.002595652551932127,2026-07-26 17:03:48.088145,2026-07-26 17:03:53.210472,5.122327,0.1,0.1,250,100,0.1,0.1,4.466212292027194,rbf,250,100,1,0.002595652551932127,423,"{'alpha_edge': [0, 0.001, 0.1, 1, 10], 'alpha_neuron': [0, 0.001, 0.1, 1, 10], 'layer_width': [100, 250, 500, 750, 1000], 'num_inducing': [10, 25, 50, 75, 100]}",COMPLETE,
424,0.005349599852233621,2026-07-26 17:03:53.213739,2026-07-26 17:04:08.011059,14.79732,10.0,1.0,750,100,10.0,1.0,12.943365833023563,rbf,750,100,1,0.005349599852233621,424,"{'alpha_edge': [0, 0.001, 0.1, 1, 10], 'alpha_neuron': [0, 0.001, 0.1, 1, 10], 'layer_width': [100, 250, 500, 750, 1000], 'num_inducing': [10, 25, 50, 75, 100]}",COMPLETE,
425,0.0026309039248643817,2026-07-26 17:04:08.014167,2026-07-26 17:04:16.688750,8.674583,0.001,1.0,750,50,0.001,1.0,7.638339125027414,rbf,750,50,1,0.0026309039248643817,425,"{'alpha_edge': [0, 0.001, 0.1, 1, 10], 'alpha_neuron': [0, 0.001, 0.1, 1, 10], 'layer_width': [100, 250, 500, 750, 1000], 'num_inducing': [10, 25, 50, 75, 100]}",COMPLETE,
426,0.08468147805908192,2026-07-26 17:04:16.693332,2026-07-26 17:04:18.494074,1.800742,0.0,0.001,100,50,0.0,0.001,1.6004286670358852,rbf,100,50,1,0.08468147805908192,426,"{'alpha_edge': [0, 0.001, 0.1, 1, 10], 'alpha_neuron': [0, 0.001, 0.1, 1, 10], 'layer_width': [100, 250, 500, 750, 1000], 'num_inducing': [10, 25, 50, 75, 100]}",COMPLETE,
427,0.0001258541263784356,2026-07-26 17:04:18.498531,2026-07-26 17:04:22.473602,3.975071,0.1,0.0,250,75,0.1,0.0,3.479775084007997,rbf,250,75,1,0.0001258541263784356,427,"{'alpha_edge': [0, 0.001, 0.1, 1, 10], 'alpha_neuron': [0, 0.001, 0.1, 1, 10], 'layer_width': [100, 250, 500, 750, 1000], 'num_inducing': [10, 25, 50, 75, 100]}",COMPLETE,
428,0.012294327496374345,2026-07-26 17:04:22.476746,2026-07-26 17:04:24.249008,1.772262,1.0,1.0,250,25,1.0,1.0,1.4740157920168713,rbf,250,25,1,0.012294327496374345,428,"{'alpha_edge': [0, 0.001, 0.1, 1, 10], 'alpha_neuron': [0, 0.001, 0.1, 1, 10], 'layer_width': [100, 250, 500, 750, 1000], 'num_inducing': [10, 25, 50, 75, 100]}",COMPLETE,
429,0.0022843445547623365,2026-07-26 17:04:24.253551,2026-07-26 17:04:26.076516,1.822965,0.001,0.001,250,25,0.001,0.001,1.5328036669525318,rbf,250,25,1,0.0022843445547623365,429,"{'alpha_edge': [0, 0.001, 0.1, 1, 10], 'alpha_neuron': [0, 0.001, 0.1, 1, 10], 'layer_width': [100, 250, 500, 750, 1000], 'num_inducing': [10, 25, 50, 75, 100]}",COMPLETE,
430,0.012604571582677691,2026-07-26 17:04:26.079350,2026-07-26 17:04:26.533816,0.454466,0.001,0.0,100,10,0.001,0.0,0.3723894580034539,rbf,100,10,1,0.012604571582677691,430,"{'alpha_edge': [0, 0.001, 0.1, 1, 10], 'alpha_neuron': [0, 0.001, 0.1, 1, 10], 'layer_width': [100, 250, 500, 750, 1000], 'num_inducing': [10, 25, 50, 75, 100]}",COMPLETE,
431,0.0003518057055240577,2026-07-26 17:04:26.537477,2026-07-26 17:04:32.908767,6.37129,1.0,0.001,1000,25,1.0,0.001,5.590453749988228,rbf,1000,25,1,0.0003518057055240577,431,"{'alpha_edge': [0, 0.001, 0.1, 1, 10], 'alpha_neuron': [0, 0.001, 0.1, 1, 10], 'layer_width': [100, 250, 500, 750, 1000], 'num_inducing': [10, 25, 50, 75, 100]}",COMPLETE,
432,0.008682393038669326,2026-07-26 17:04:32.911949,2026-07-26 17:04:34.278753,1.366804,10.0,0.001,100,75,10.0,0.001,1.201090291957371,rbf,100,75,1,0.008682393038669326,432,"{'alpha_edge': [0, 0.001, 0.1, 1, 10], 'alpha_neuron': [0, 0.001, 0.1, 1, 10], 'layer_width': [100, 250, 500, 750, 1000], 'num_inducing': [10, 25, 50, 75, 100]}",COMPLETE,
433,0.0003038828185250772,2026-07-26 17:04:34.281787,2026-07-26 17:04:41.555329,7.273542,0.001,0.0,500,75,0.001,0.0,6.481835249986034,rbf,500,75,1,0.0003038828185250772,433,"{'alpha_edge': [0, 0.001, 0.1, 1, 10], 'alpha_neuron': [0, 0.001, 0.1, 1, 10], 'layer_width': [100, 250, 500, 750, 1000], 'num_inducing': [10, 25, 50, 75, 100]}",COMPLETE,
434,0.003651192142141493,2026-07-26 17:04:41.558312,2026-07-26 17:04:47.001290,5.442978,0.001,1.0,500,50,0.001,1.0,4.895309583982453,rbf,500,50,1,0.003651192142141493,434,"{'alpha_edge': [0, 0.001, 0.1, 1, 10], 'alpha_neuron': [0, 0.001, 0.1, 1, 10], 'layer_width': [100, 250, 500, 750, 1000], 'num_inducing': [10, 25, 50, 75, 100]}",COMPLETE,
435,0.07388373736929095,2026-07-26 17:04:47.004200,2026-07-26 17:04:50.158266,3.154066,0.0,10.0,100,100,0.0,10.0,2.9316323330276646,rbf,100,100,1,0.07388373736929095,435,"{'alpha_edge': [0, 0.001, 0.1, 1, 10], 'alpha_neuron': [0, 0.001, 0.1, 1, 10], 'layer_width': [100, 250, 500, 750, 1000], 'num_inducing': [10, 25, 50, 75, 100]}",COMPLETE,
436,0.0013187446817901959,2026-07-26 17:04:50.161730,2026-07-26 17:04:53.004025,2.842295,10.0,0.001,250,50,10.0,0.001,2.4973560419748537,rbf,250,50,1,0.0013187446817901959,436,"{'alpha_edge': [0, 0.001, 0.1, 1, 10], 'alpha_neuron': [0, 0.001, 0.1, 1, 10], 'layer_width': [100, 250, 500, 750, 1000], 'num_inducing': [10, 25, 50, 75, 100]}",COMPLETE,
437,0.009156206296303116,2026-07-26 17:04:53.006949,2026-07-26 17:04:55.595370,2.588421,10.0,0.001,100,100,10.0,0.001,2.324035957979504,rbf,100,100,1,0.009156206296303116,437,"{'alpha_edge': [0, 0.001, 0.1, 1, 10], 'alpha_neuron': [0, 0.001, 0.1, 1, 10], 'layer_width': [100, 250, 500, 750, 1000], 'num_inducing': [10, 25, 50, 75, 100]}",COMPLETE,
438,0.00134638361189302,2026-07-26 17:04:55.598424,2026-07-26 17:04:59.621481,4.023057,10.0,0.001,250,75,10.0,0.001,3.5435747500159778,rbf,250,75,1,0.00134638361189302,438,"{'alpha_edge': [0, 0.001, 0.1, 1, 10], 'alpha_neuron': [0, 0.001, 0.1, 1, 10], 'layer_width': [100, 250, 500, 750, 1000], 'num_inducing': [10, 25, 50, 75, 100]}",COMPLETE,
439,0.002850727952951254,2026-07-26 17:04:59.626370,2026-07-26 17:05:02.617821,2.991451,0.001,1.0,750,10,0.001,1.0,2.5600003749714233,rbf,750,10,1,0.002850727952951254,439,"{'alpha_edge': [0, 0.001, 0.1, 1, 10], 'alpha_neuron': [0, 0.001, 0.1, 1, 10], 'layer_width': [100, 250, 500, 750, 1000], 'num_inducing': [10, 25, 50, 75, 100]}",COMPLETE,
440,0.007114506521007456,2026-07-26 17:05:02.620897,2026-07-26 17:05:03.735200,1.114303,10.0,0.1,250,10,10.0,0.1,0.9853718339581974,rbf,250,10,1,0.007114506521007456,440,"{'alpha_edge': [0, 0.001, 0.1, 1, 10], 'alpha_neuron': [0, 0.001, 0.1, 1, 10], 'layer_width': [100, 250, 500, 750, 1000], 'num_inducing': [10, 25, 50, 75, 100]}",COMPLETE,
441,0.002241498198643955,2026-07-26 17:05:03.738519,2026-07-26 17:05:13.823784,10.085265,0.001,0.1,500,100,0.001,0.1,8.817963708017487,rbf,500,100,1,0.002241498198643955,441,"{'alpha_edge': [0, 0.001, 0.1, 1, 10], 'alpha_neuron': [0, 0.001, 0.1, 1, 10], 'layer_width': [100, 250, 500, 750, 1000], 'num_inducing': [10, 25, 50, 75, 100]}",COMPLETE,
442,0.0033566262845442754,2026-07-26 17:05:13.827561,2026-07-26 17:05:24.044766,10.217205,0.001,1.0,500,100,0.001,1.0,9.048154624993913,rbf,500,100,1,0.0033566262845442754,442,"{'alpha_edge': [0, 0.001, 0.1, 1, 10], 'alpha_neuron': [0, 0.001, 0.1, 1, 10], 'layer_width': [100, 250, 500, 750, 1000], 'num_inducing': [10, 25, 50, 75, 100]}",COMPLETE,
443,0.025496209556812796,2026-07-26 17:05:24.048762,2026-07-26 17:05:24.516852,0.46809,10.0,1.0,100,10,10.0,1.0,0.39953424996929243,rbf,100,10,1,0.025496209556812796,443,"{'alpha_edge': [0, 0.001, 0.1, 1, 10], 'alpha_neuron': [0, 0.001, 0.1, 1, 10], 'layer_width': [100, 250, 500, 750, 1000], 'num_inducing': [10, 25, 50, 75, 100]}",COMPLETE,
444,0.011451691834807704,2026-07-26 17:05:24.520217,2026-07-26 17:05:26.705770,2.185553,0.001,1.0,100,100,0.001,1.0,1.8742467500269413,rbf,100,100,1,0.011451691834807704,444,"{'alpha_edge': [0, 0.001, 0.1, 1, 10], 'alpha_neuron': [0, 0.001, 0.1, 1, 10], 'layer_width': [100, 250, 500, 750, 1000], 'num_inducing': [10, 25, 50, 75, 100]}",COMPLETE,
445,0.014462544654359128,2026-07-26 17:05:26.709752,2026-07-26 17:05:31.875443,5.165691,0.001,10.0,250,100,0.001,10.0,4.582670292002149,rbf,250,100,1,0.014462544654359128,445,"{'alpha_edge': [0, 0.001, 0.1, 1, 10], 'alpha_neuron': [0, 0.001, 0.1, 1, 10], 'layer_width': [100, 250, 500, 750, 1000], 'num_inducing': [10, 25, 50, 75, 100]}",COMPLETE,
446,0.00011319426589251958,2026-07-26 17:05:31.878655,2026-07-26 17:05:37.066245,5.18759,0.1,0.0,250,100,0.1,0.0,4.48362587497104,rbf,250,100,1,0.00011319426589251958,446,"{'alpha_edge': [0, 0.001, 0.1, 1, 10], 'alpha_neuron': [0, 0.001, 0.1, 1, 10], 'layer_width': [100, 250, 500, 750, 1000], 'num_inducing': [10, 25, 50, 75, 100]}",COMPLETE,
447,0.028744044404469097,2026-07-26 17:05:37.069478,2026-07-26 17:05:50.968560,13.899082,0.0,0.1,750,50,0.0,0.1,12.905122915981337,rbf,750,50,1,0.028744044404469097,447,"{'alpha_edge': [0, 0.001, 0.1, 1, 10], 'alpha_neuron': [0, 0.001, 0.1, 1, 10], 'layer_width': [100, 250, 500, 750, 1000], 'num_inducing': [10, 25, 50, 75, 100]}",COMPLETE,
448,0.07573437786563603,2026-07-26 17:05:50.971616,2026-07-26 17:06:28.533654,37.562038,0.0,0.0,1000,100,0.0,0.0,35.08698391698999,rbf,1000,100,1,0.07573437786563603,448,"{'alpha_edge': [0, 0.001, 0.1, 1, 10], 'alpha_neuron': [0, 0.001, 0.1, 1, 10], 'layer_width': [100, 250, 500, 750, 1000], 'num_inducing': [10, 25, 50, 75, 100]}",COMPLETE,
449,0.00013521037156934707,2026-07-26 17:06:28.536920,2026-07-26 17:06:30.534022,1.997102,1.0,0.0,250,25,1.0,0.0,1.6346639589755796,rbf,250,25,1,0.00013521037156934707,449,"{'alpha_edge': [0, 0.001, 0.1, 1, 10], 'alpha_neuron': [0, 0.001, 0.1, 1, 10], 'layer_width': [100, 250, 500, 750, 1000], 'num_inducing': [10, 25, 50, 75, 100]}",COMPLETE,
450,0.002944146375294537,2026-07-26 17:06:30.537249,2026-07-26 17:06:35.738779,5.20153,0.001,1.0,750,25,0.001,1.0,4.47433529200498,rbf,750,25,1,0.002944146375294537,450,"{'alpha_edge': [0, 0.001, 0.1, 1, 10], 'alpha_neuron': [0, 0.001, 0.1, 1, 10], 'layer_width': [100, 250, 500, 750, 1000], 'num_inducing': [10, 25, 50, 75, 100]}",COMPLETE,
451,0.013528794436536064,2026-07-26 17:06:35.742163,2026-07-26 17:06:36.199004,0.456841,0.1,0.1,100,10,0.1,0.1,0.38669333298457786,rbf,100,10,1,0.013528794436536064,451,"{'alpha_edge': [0, 0.001, 0.1, 1, 10], 'alpha_neuron': [0, 0.001, 0.1, 1, 10], 'layer_width': [100, 250, 500, 750, 1000], 'num_inducing': [10, 25, 50, 75, 100]}",COMPLETE,
452,0.02500503903631616,2026-07-26 17:06:36.203507,2026-07-26 17:06:38.059132,1.855625,1.0,10.0,250,25,1.0,10.0,1.6043490419979207,rbf,250,25,1,0.02500503903631616,452,"{'alpha_edge': [0, 0.001, 0.1, 1, 10], 'alpha_neuron': [0, 0.001, 0.1, 1, 10], 'layer_width': [100, 250, 500, 750, 1000], 'num_inducing': [10, 25, 50, 75, 100]}",COMPLETE,
453,0.0025955667703228217,2026-07-26 17:06:38.062325,2026-07-26 17:06:53.709682,15.647357,0.001,1.0,1000,75,0.001,1.0,13.730584916018415,rbf,1000,75,1,0.0025955667703228217,453,"{'alpha_edge': [0, 0.001, 0.1, 1, 10], 'alpha_neuron': [0, 0.001, 0.1, 1, 10], 'layer_width': [100, 250, 500, 750, 1000], 'num_inducing': [10, 25, 50, 75, 100]}",COMPLETE,
454,0.01848643870221989,2026-07-26 17:06:53.714095,2026-07-26 17:06:55.657232,1.943137,0.001,0.0,100,100,0.001,0.0,1.6714164170552976,rbf,100,100,1,0.01848643870221989,454,"{'alpha_edge': [0, 0.001, 0.1, 1, 10], 'alpha_neuron': [0, 0.001, 0.1, 1, 10], 'layer_width': [100, 250, 500, 750, 1000], 'num_inducing': [10, 25, 50, 75, 100]}",COMPLETE,
455,0.0023996875753348737,2026-07-26 17:06:55.660428,2026-07-26 17:07:16.219840,20.559412,0.1,1.0,1000,100,0.1,1.0,18.12083554099081,rbf,1000,100,1,0.0023996875753348737,455,"{'alpha_edge': [0, 0.001, 0.1, 1, 10], 'alpha_neuron': [0, 0.001, 0.1, 1, 10], 'layer_width': [100, 250, 500, 750, 1000], 'num_inducing': [10, 25, 50, 75, 100]}",COMPLETE,
456,0.03715239307901423,2026-07-26 17:07:16.225862,2026-07-26 17:07:21.466966,5.241104,0.0,10.0,500,25,0.0,10.0,4.677482291997876,rbf,500,25,1,0.03715239307901423,456,"{'alpha_edge': [0, 0.001, 0.1, 1, 10], 'alpha_neuron': [0, 0.001, 0.1, 1, 10], 'layer_width': [100, 250, 500, 750, 1000], 'num_inducing': [10, 25, 50, 75, 100]}",COMPLETE,
457,0.0003061284748153383,2026-07-26 17:07:21.470651,2026-07-26 17:07:26.642485,5.171834,0.001,0.001,750,25,0.001,0.001,4.524945374985691,rbf,750,25,1,0.0003061284748153383,457,"{'alpha_edge': [0, 0.001, 0.1, 1, 10], 'alpha_neuron': [0, 0.001, 0.1, 1, 10], 'layer_width': [100, 250, 500, 750, 1000], 'num_inducing': [10, 25, 50, 75, 100]}",COMPLETE,
458,5.175796928787774e-08,2026-07-26 17:07:26.646016,2026-07-26 17:07:36.576252,9.930236,0.1,0.0,750,50,0.1,0.0,8.634703167015687,rbf,750,50,1,5.175796928787774e-08,458,"{'alpha_edge': [0, 0.001, 0.1, 1, 10], 'alpha_neuron': [0, 0.001, 0.1, 1, 10], 'layer_width': [100, 250, 500, 750, 1000], 'num_inducing': [10, 25, 50, 75, 100]}",COMPLETE,
459,0.006494211393375296,2026-07-26 17:07:36.582131,2026-07-26 17:07:39.906543,3.324412,0.001,1.0,250,50,0.001,1.0,2.989402000035625,rbf,250,50,1,0.006494211393375296,459,"{'alpha_edge': [0, 0.001, 0.1, 1, 10], 'alpha_neuron': [0, 0.001, 0.1, 1, 10], 'layer_width': [100, 250, 500, 750, 1000], 'num_inducing': [10, 25, 50, 75, 100]}",COMPLETE,
460,0.0028347817697714833,2026-07-26 17:07:39.910277,2026-07-26 17:07:47.682225,7.771948,1.0,0.1,500,75,1.0,0.1,6.727248959010467,rbf,500,75,1,0.0028347817697714833,460,"{'alpha_edge': [0, 0.001, 0.1, 1, 10], 'alpha_neuron': [0, 0.001, 0.1, 1, 10], 'layer_width': [100, 250, 500, 750, 1000], 'num_inducing': [10, 25, 50, 75, 100]}",COMPLETE,
461,0.02478220928464652,2026-07-26 17:07:47.686834,2026-07-26 17:07:51.358104,3.67127,0.0,0.001,750,10,0.0,0.001,3.1005563749931753,rbf,750,10,1,0.02478220928464652,461,"{'alpha_edge': [0, 0.001, 0.1, 1, 10], 'alpha_neuron': [0, 0.001, 0.1, 1, 10], 'layer_width': [100, 250, 500, 750, 1000], 'num_inducing': [10, 25, 50, 75, 100]}",COMPLETE,
462,6.5705766360629096e-09,2026-07-26 17:07:51.361634,2026-07-26 17:08:13.312793,21.951159,0.1,0.0,1000,100,0.1,0.0,19.367818415979855,rbf,1000,100,1,6.5705766360629096e-09,462,"{'alpha_edge': [0, 0.001, 0.1, 1, 10], 'alpha_neuron': [0, 0.001, 0.1, 1, 10], 'layer_width': [100, 250, 500, 750, 1000], 'num_inducing': [10, 25, 50, 75, 100]}",COMPLETE,
463,0.024910050534986062,2026-07-26 17:08:13.317945,2026-07-26 17:08:17.386625,4.06868,10.0,10.0,250,75,10.0,10.0,3.5339958329568617,rbf,250,75,1,0.024910050534986062,463,"{'alpha_edge': [0, 0.001, 0.1, 1, 10], 'alpha_neuron': [0, 0.001, 0.1, 1, 10], 'layer_width': [100, 250, 500, 750, 1000], 'num_inducing': [10, 25, 50, 75, 100]}",COMPLETE,
464,0.08066059009477289,2026-07-26 17:08:17.389698,2026-07-26 17:08:20.930673,3.540975,0.0,1.0,100,100,0.0,1.0,3.293058957962785,rbf,100,100,1,0.08066059009477289,464,"{'alpha_edge': [0, 0.001, 0.1, 1, 10], 'alpha_neuron': [0, 0.001, 0.1, 1, 10], 'layer_width': [100, 250, 500, 750, 1000], 'num_inducing': [10, 25, 50, 75, 100]}",COMPLETE,
465,0.015568064027237618,2026-07-26 17:08:20.967574,2026-07-26 17:08:31.139277,10.171703,1.0,10.0,500,100,1.0,10.0,9.007299499993678,rbf,500,100,1,0.015568064027237618,465,"{'alpha_edge': [0, 0.001, 0.1, 1, 10], 'alpha_neuron': [0, 0.001, 0.1, 1, 10], 'layer_width': [100, 250, 500, 750, 1000], 'num_inducing': [10, 25, 50, 75, 100]}",COMPLETE,
466,0.012032438315579192,2026-07-26 17:08:31.142841,2026-07-26 17:08:36.245864,5.103023,1.0,10.0,750,25,1.0,10.0,4.376434125006199,rbf,750,25,1,0.012032438315579192,466,"{'alpha_edge': [0, 0.001, 0.1, 1, 10], 'alpha_neuron': [0, 0.001, 0.1, 1, 10], 'layer_width': [100, 250, 500, 750, 1000], 'num_inducing': [10, 25, 50, 75, 100]}",COMPLETE,
467,0.020899860145060862,2026-07-26 17:08:36.250595,2026-07-26 17:08:37.426564,1.175969,0.1,1.0,100,50,0.1,1.0,1.0348601250443608,rbf,100,50,1,0.020899860145060862,467,"{'alpha_edge': [0, 0.001, 0.1, 1, 10], 'alpha_neuron': [0, 0.001, 0.1, 1, 10], 'layer_width': [100, 250, 500, 750, 1000], 'num_inducing': [10, 25, 50, 75, 100]}",COMPLETE,
468,0.03419991090758447,2026-07-26 17:08:37.429680,2026-07-26 17:08:51.386692,13.957012,0.0,0.0,500,75,0.0,0.0,13.022350083978381,rbf,500,75,1,0.03419991090758447,468,"{'alpha_edge': [0, 0.001, 0.1, 1, 10], 'alpha_neuron': [0, 0.001, 0.1, 1, 10], 'layer_width': [100, 250, 500, 750, 1000], 'num_inducing': [10, 25, 50, 75, 100]}",COMPLETE,
469,0.00032895427339107606,2026-07-26 17:08:51.389465,2026-07-26 17:08:57.264591,5.875126,0.1,0.001,500,50,0.1,0.001,5.11597012495622,rbf,500,50,1,0.00032895427339107606,469,"{'alpha_edge': [0, 0.001, 0.1, 1, 10], 'alpha_neuron': [0, 0.001, 0.1, 1, 10], 'layer_width': [100, 250, 500, 750, 1000], 'num_inducing': [10, 25, 50, 75, 100]}",COMPLETE,
470,0.00416056708716245,2026-07-26 17:08:57.269189,2026-07-26 17:09:12.914504,15.645315,1.0,1.0,750,100,1.0,1.0,13.647474833007436,rbf,750,100,1,0.00416056708716245,470,"{'alpha_edge': [0, 0.001, 0.1, 1, 10], 'alpha_neuron': [0, 0.001, 0.1, 1, 10], 'layer_width': [100, 250, 500, 750, 1000], 'num_inducing': [10, 25, 50, 75, 100]}",COMPLETE,
471,0.018335446801639656,2026-07-26 17:09:12.917446,2026-07-26 17:09:13.668310,0.750864,0.1,1.0,100,25,0.1,1.0,0.6418986669741571,rbf,100,25,1,0.018335446801639656,471,"{'alpha_edge': [0, 0.001, 0.1, 1, 10], 'alpha_neuron': [0, 0.001, 0.1, 1, 10], 'layer_width': [100, 250, 500, 750, 1000], 'num_inducing': [10, 25, 50, 75, 100]}",COMPLETE,
472,0.033274054104348354,2026-07-26 17:09:13.673212,2026-07-26 17:09:23.526281,9.853069,0.0,10.0,1000,25,0.0,10.0,8.958372832974419,rbf,1000,25,1,0.033274054104348354,472,"{'alpha_edge': [0, 0.001, 0.1, 1, 10], 'alpha_neuron': [0, 0.001, 0.1, 1, 10], 'layer_width': [100, 250, 500, 750, 1000], 'num_inducing': [10, 25, 50, 75, 100]}",COMPLETE,
473,0.0034027885768724373,2026-07-26 17:09:23.529927,2026-07-26 17:09:24.184157,0.65423,0.1,0.0,100,25,0.1,0.0,0.5617626669700257,rbf,100,25,1,0.0034027885768724373,473,"{'alpha_edge': [0, 0.001, 0.1, 1, 10], 'alpha_neuron': [0, 0.001, 0.1, 1, 10], 'layer_width': [100, 250, 500, 750, 1000], 'num_inducing': [10, 25, 50, 75, 100]}",COMPLETE,
474,0.02637881911648073,2026-07-26 17:09:24.188412,2026-07-26 17:09:25.807699,1.619287,0.001,10.0,100,75,0.001,10.0,1.4299491250421852,rbf,100,75,1,0.02637881911648073,474,"{'alpha_edge': [0, 0.001, 0.1, 1, 10], 'alpha_neuron': [0, 0.001, 0.1, 1, 10], 'layer_width': [100, 250, 500, 750, 1000], 'num_inducing': [10, 25, 50, 75, 100]}",COMPLETE,
475,0.0003356707246673901,2026-07-26 17:09:25.811291,2026-07-26 17:09:30.936560,5.125269,1.0,0.001,750,25,1.0,0.001,4.489646499976516,rbf,750,25,1,0.0003356707246673901,475,"{'alpha_edge': [0, 0.001, 0.1, 1, 10], 'alpha_neuron': [0, 0.001, 0.1, 1, 10], 'layer_width': [100, 250, 500, 750, 1000], 'num_inducing': [10, 25, 50, 75, 100]}",COMPLETE,
476,0.01567544544541221,2026-07-26 17:09:30.955410,2026-07-26 17:09:33.021018,2.065608,0.1,10.0,500,10,0.1,10.0,1.7668253750307485,rbf,500,10,1,0.01567544544541221,476,"{'alpha_edge': [0, 0.001, 0.1, 1, 10], 'alpha_neuron': [0, 0.001, 0.1, 1, 10], 'layer_width': [100, 250, 500, 750, 1000], 'num_inducing': [10, 25, 50, 75, 100]}",COMPLETE,
477,0.0006081336559989736,2026-07-26 17:09:33.024210,2026-07-26 17:09:36.446706,3.422496,0.001,0.001,500,25,0.001,0.001,2.936555916967336,rbf,500,25,1,0.0006081336559989736,477,"{'alpha_edge': [0, 0.001, 0.1, 1, 10], 'alpha_neuron': [0, 0.001, 0.1, 1, 10], 'layer_width': [100, 250, 500, 750, 1000], 'num_inducing': [10, 25, 50, 75, 100]}",COMPLETE,
478,0.04644176084855828,2026-07-26 17:09:36.449783,2026-07-26 17:09:42.800595,6.350812,0.0,1.0,250,75,0.0,1.0,5.829040916985832,rbf,250,75,1,0.04644176084855828,478,"{'alpha_edge': [0, 0.001, 0.1, 1, 10], 'alpha_neuron': [0, 0.001, 0.1, 1, 10], 'layer_width': [100, 250, 500, 750, 1000], 'num_inducing': [10, 25, 50, 75, 100]}",COMPLETE,
479,0.002378365439737915,2026-07-26 17:09:42.803537,2026-07-26 17:09:47.007451,4.203914,1.0,0.1,1000,10,1.0,0.1,3.705449166998733,rbf,1000,10,1,0.002378365439737915,479,"{'alpha_edge': [0, 0.001, 0.1, 1, 10], 'alpha_neuron': [0, 0.001, 0.1, 1, 10], 'layer_width': [100, 250, 500, 750, 1000], 'num_inducing': [10, 25, 50, 75, 100]}",COMPLETE,
480,0.022536711450537324,2026-07-26 17:09:47.010538,2026-07-26 17:10:00.185782,13.175244,0.0,10.0,750,50,0.0,10.0,12.187005624989979,rbf,750,50,1,0.022536711450537324,480,"{'alpha_edge': [0, 0.001, 0.1, 1, 10], 'alpha_neuron': [0, 0.001, 0.1, 1, 10], 'layer_width': [100, 250, 500, 750, 1000], 'num_inducing': [10, 25, 50, 75, 100]}",COMPLETE,
481,0.007030834894803286,2026-07-26 17:10:00.188733,2026-07-26 17:10:21.858784,21.670051,0.1,10.0,1000,100,0.1,10.0,19.1270363330259,rbf,1000,100,1,0.007030834894803286,481,"{'alpha_edge': [0, 0.001, 0.1, 1, 10], 'alpha_neuron': [0, 0.001, 0.1, 1, 10], 'layer_width': [100, 250, 500, 750, 1000], 'num_inducing': [10, 25, 50, 75, 100]}",COMPLETE,
482,0.012274766280619265,2026-07-26 17:10:21.861816,2026-07-26 17:10:36.622533,14.760717,1.0,10.0,750,100,1.0,10.0,12.90236695803469,rbf,750,100,1,0.012274766280619265,482,"{'alpha_edge': [0, 0.001, 0.1, 1, 10], 'alpha_neuron': [0, 0.001, 0.1, 1, 10], 'layer_width': [100, 250, 500, 750, 1000], 'num_inducing': [10, 25, 50, 75, 100]}",COMPLETE,
483,1.2152839519567323e-09,2026-07-26 17:10:36.759566,2026-07-26 17:10:50.530499,13.770933,10.0,0.0,1000,50,10.0,0.0,11.92093812499661,rbf,1000,50,1,1.2152839519567323e-09,483,"{'alpha_edge': [0, 0.001, 0.1, 1, 10], 'alpha_neuron': [0, 0.001, 0.1, 1, 10], 'layer_width': [100, 250, 500, 750, 1000], 'num_inducing': [10, 25, 50, 75, 100]}",COMPLETE,
484,0.007929348872412475,2026-07-26 17:10:50.534153,2026-07-26 17:11:00.430268,9.896115,1.0,1.0,500,100,1.0,1.0,8.618962250009645,rbf,500,100,1,0.007929348872412475,484,"{'alpha_edge': [0, 0.001, 0.1, 1, 10], 'alpha_neuron': [0, 0.001, 0.1, 1, 10], 'layer_width': [100, 250, 500, 750, 1000], 'num_inducing': [10, 25, 50, 75, 100]}",COMPLETE,
485,0.09281437442515206,2026-07-26 17:11:00.434149,2026-07-26 17:11:00.881609,0.44746,0.0,0.001,100,10,0.0,0.001,0.3941650420310907,rbf,100,10,1,0.09281437442515206,485,"{'alpha_edge': [0, 0.001, 0.1, 1, 10], 'alpha_neuron': [0, 0.001, 0.1, 1, 10], 'layer_width': [100, 250, 500, 750, 1000], 'num_inducing': [10, 25, 50, 75, 100]}",COMPLETE,
486,0.024920198513888485,2026-07-26 17:11:00.885952,2026-07-26 17:11:03.225786,2.339834,0.0,10.0,500,10,0.0,10.0,2.0918478749808855,rbf,500,10,1,0.024920198513888485,486,"{'alpha_edge': [0, 0.001, 0.1, 1, 10], 'alpha_neuron': [0, 0.001, 0.1, 1, 10], 'layer_width': [100, 250, 500, 750, 1000], 'num_inducing': [10, 25, 50, 75, 100]}",COMPLETE,
487,8.838443666171524e-06,2026-07-26 17:11:03.228631,2026-07-26 17:11:23.804911,20.57628,0.001,0.0,1000,100,0.001,0.0,17.207174208015203,rbf,1000,100,1,8.838443666171524e-06,487,"{'alpha_edge': [0, 0.001, 0.1, 1, 10], 'alpha_neuron': [0, 0.001, 0.1, 1, 10], 'layer_width': [100, 250, 500, 750, 1000], 'num_inducing': [10, 25, 50, 75, 100]}",COMPLETE,
488,0.0005380767481213313,2026-07-26 17:11:23.809684,2026-07-26 17:11:31.649907,7.840223,1.0,0.001,500,75,1.0,0.001,6.983200124988798,rbf,500,75,1,0.0005380767481213313,488,"{'alpha_edge': [0, 0.001, 0.1, 1, 10], 'alpha_neuron': [0, 0.001, 0.1, 1, 10], 'layer_width': [100, 250, 500, 750, 1000], 'num_inducing': [10, 25, 50, 75, 100]}",COMPLETE,
489,0.010512898550907958,2026-07-26 17:11:31.653779,2026-07-26 17:11:32.913686,1.259907,0.001,0.001,100,50,0.001,0.001,1.0951578329550102,rbf,100,50,1,0.010512898550907958,489,"{'alpha_edge': [0, 0.001, 0.1, 1, 10], 'alpha_neuron': [0, 0.001, 0.1, 1, 10], 'layer_width': [100, 250, 500, 750, 1000], 'num_inducing': [10, 25, 50, 75, 100]}",COMPLETE,
490,0.030653453768203127,2026-07-26 17:11:32.917723,2026-07-26 17:11:40.634287,7.716564,0.0,0.0,750,25,0.0,0.0,6.894303666020278,rbf,750,25,1,0.030653453768203127,490,"{'alpha_edge': [0, 0.001, 0.1, 1, 10], 'alpha_neuron': [0, 0.001, 0.1, 1, 10], 'layer_width': [100, 250, 500, 750, 1000], 'num_inducing': [10, 25, 50, 75, 100]}",COMPLETE,
491,9.709909783800708e-10,2026-07-26 17:11:40.637434,2026-07-26 17:11:57.214240,16.576806,10.0,0.0,1000,75,10.0,0.0,14.86049929203,rbf,1000,75,1,9.709909783800708e-10,491,"{'alpha_edge': [0, 0.001, 0.1, 1, 10], 'alpha_neuron': [0, 0.001, 0.1, 1, 10], 'layer_width': [100, 250, 500, 750, 1000], 'num_inducing': [10, 25, 50, 75, 100]}",COMPLETE,
492,0.009721767797244579,2026-07-26 17:11:57.219030,2026-07-26 17:11:59.066374,1.847344,0.1,1.0,250,25,0.1,1.0,1.5237898750347085,rbf,250,25,1,0.009721767797244579,492,"{'alpha_edge': [0, 0.001, 0.1, 1, 10], 'alpha_neuron': [0, 0.001, 0.1, 1, 10], 'layer_width': [100, 250, 500, 750, 1000], 'num_inducing': [10, 25, 50, 75, 100]}",COMPLETE,
493,0.05467825931787924,2026-07-26 17:11:59.070686,2026-07-26 17:12:13.059151,13.988465,0.0,10.0,250,100,0.0,10.0,13.329855457996018,rbf,250,100,1,0.05467825931787924,493,"{'alpha_edge': [0, 0.001, 0.1, 1, 10], 'alpha_neuron': [0, 0.001, 0.1, 1, 10], 'layer_width': [100, 250, 500, 750, 1000], 'num_inducing': [10, 25, 50, 75, 100]}",COMPLETE,
494,0.024888256458097335,2026-07-26 17:12:13.062211,2026-07-26 17:12:15.120996,2.058785,10.0,1.0,100,100,10.0,1.0,1.8202529999543913,rbf,100,100,1,0.024888256458097335,494,"{'alpha_edge': [0, 0.001, 0.1, 1, 10], 'alpha_neuron': [0, 0.001, 0.1, 1, 10], 'layer_width': [100, 250, 500, 750, 1000], 'num_inducing': [10, 25, 50, 75, 100]}",COMPLETE,
495,0.009160925998948438,2026-07-26 17:12:15.125616,2026-07-26 17:12:18.628348,3.502732,1.0,1.0,500,25,1.0,1.0,3.0008537499816157,rbf,500,25,1,0.009160925998948438,495,"{'alpha_edge': [0, 0.001, 0.1, 1, 10], 'alpha_neuron': [0, 0.001, 0.1, 1, 10], 'layer_width': [100, 250, 500, 750, 1000], 'num_inducing': [10, 25, 50, 75, 100]}",COMPLETE,
496,0.0012897768530575528,2026-07-26 17:12:18.654508,2026-07-26 17:12:23.700575,5.046067,10.0,0.001,250,100,10.0,0.001,4.389716000005137,rbf,250,100,1,0.0012897768530575528,496,"{'alpha_edge': [0, 0.001, 0.1, 1, 10], 'alpha_neuron': [0, 0.001, 0.1, 1, 10], 'layer_width': [100, 250, 500, 750, 1000], 'num_inducing': [10, 25, 50, 75, 100]}",COMPLETE,
497,0.0002644578947177999,2026-07-26 17:12:23.703794,2026-07-26 17:12:33.919926,10.216132,0.001,0.0,500,100,0.001,0.0,8.90643962501781,rbf,500,100,1,0.0002644578947177999,497,"{'alpha_edge': [0, 0.001, 0.1, 1, 10], 'alpha_neuron': [0, 0.001, 0.1, 1, 10], 'layer_width': [100, 250, 500, 750, 1000], 'num_inducing': [10, 25, 50, 75, 100]}",COMPLETE,
498,0.009970270391915788,2026-07-26 17:12:33.922910,2026-07-26 17:12:39.487936,5.565026,0.001,10.0,500,50,0.001,10.0,4.909867790993303,rbf,500,50,1,0.009970270391915788,498,"{'alpha_edge': [0, 0.001, 0.1, 1, 10], 'alpha_neuron': [0, 0.001, 0.1, 1, 10], 'layer_width': [100, 250, 500, 750, 1000], 'num_inducing': [10, 25, 50, 75, 100]}",COMPLETE,
499,0.02438324350975673,2026-07-26 17:12:39.493207,2026-07-26 17:12:40.263461,0.770254,1.0,1.0,100,25,1.0,1.0,0.64287866698578,rbf,100,25,1,0.02438324350975673,499,"{'alpha_edge': [0, 0.001, 0.1, 1, 10], 'alpha_neuron': [0, 0.001, 0.1, 1, 10], 'layer_width': [100, 250, 500, 750, 1000], 'num_inducing': [10, 25, 50, 75, 100]}",COMPLETE,
500,3.320208679123435e-07,2026-07-26 17:12:40.266533,2026-07-26 17:12:42.685930,2.419397,0.1,0.0,500,10,0.1,0.0,2.138857415993698,rbf,500,10,1,3.320208679123435e-07,500,"{'alpha_edge': [0, 0.001, 0.1, 1, 10], 'alpha_neuron': [0, 0.001, 0.1, 1, 10], 'layer_width': [100, 250, 500, 750, 1000], 'num_inducing': [10, 25, 50, 75, 100]}",COMPLETE,
501,0.03149012623338206,2026-07-26 17:12:42.688917,2026-07-26 17:12:43.847539,1.158622,0.1,10.0,100,50,0.1,10.0,1.004291292047128,rbf,100,50,1,0.03149012623338206,501,"{'alpha_edge': [0, 0.001, 0.1, 1, 10], 'alpha_neuron': [0, 0.001, 0.1, 1, 10], 'layer_width': [100, 250, 500, 750, 1000], 'num_inducing': [10, 25, 50, 75, 100]}",COMPLETE,
502,1.4678879932645226e-09,2026-07-26 17:12:43.851395,2026-07-26 17:12:48.810730,4.959335,0.1,0.0,1000,10,0.1,0.0,4.422140415990725,rbf,1000,10,1,1.4678879932645226e-09,502,"{'alpha_edge': [0, 0.001, 0.1, 1, 10], 'alpha_neuron': [0, 0.001, 0.1, 1, 10], 'layer_width': [100, 250, 500, 750, 1000], 'num_inducing': [10, 25, 50, 75, 100]}",COMPLETE,
503,0.001085670280418162,2026-07-26 17:12:48.813895,2026-07-26 17:12:57.363761,8.549866,0.1,0.1,750,50,0.1,0.1,7.573889709019568,rbf,750,50,1,0.001085670280418162,503,"{'alpha_edge': [0, 0.001, 0.1, 1, 10], 'alpha_neuron': [0, 0.001, 0.1, 1, 10], 'layer_width': [100, 250, 500, 750, 1000], 'num_inducing': [10, 25, 50, 75, 100]}",COMPLETE,
504,0.012282729309942682,2026-07-26 17:12:57.367084,2026-07-26 17:13:05.849892,8.482808,1.0,10.0,750,50,1.0,10.0,7.485638374986593,rbf,750,50,1,0.012282729309942682,504,"{'alpha_edge': [0, 0.001, 0.1, 1, 10], 'alpha_neuron': [0, 0.001, 0.1, 1, 10], 'layer_width': [100, 250, 500, 750, 1000], 'num_inducing': [10, 25, 50, 75, 100]}",COMPLETE,
505,0.001032869858655543,2026-07-26 17:13:05.853206,2026-07-26 17:13:21.702622,15.849416,0.1,0.1,1000,75,0.1,0.1,13.801945541985333,rbf,1000,75,1,0.001032869858655543,505,"{'alpha_edge': [0, 0.001, 0.1, 1, 10], 'alpha_neuron': [0, 0.001, 0.1, 1, 10], 'layer_width': [100, 250, 500, 750, 1000], 'num_inducing': [10, 25, 50, 75, 100]}",COMPLETE,
506,0.0037408528947778935,2026-07-26 17:13:21.706996,2026-07-26 17:13:29.693589,7.986593,10.0,0.1,500,75,10.0,0.1,6.920759625034407,rbf,500,75,1,0.0037408528947778935,506,"{'alpha_edge': [0, 0.001, 0.1, 1, 10], 'alpha_neuron': [0, 0.001, 0.1, 1, 10], 'layer_width': [100, 250, 500, 750, 1000], 'num_inducing': [10, 25, 50, 75, 100]}",COMPLETE,
507,0.006930000882395908,2026-07-26 17:13:29.698375,2026-07-26 17:13:45.436487,15.738112,0.001,10.0,1000,75,0.001,10.0,13.863917124981526,rbf,1000,75,1,0.006930000882395908,507,"{'alpha_edge': [0, 0.001, 0.1, 1, 10], 'alpha_neuron': [0, 0.001, 0.1, 1, 10], 'layer_width': [100, 250, 500, 750, 1000], 'num_inducing': [10, 25, 50, 75, 100]}",COMPLETE,
508,0.024156961522778617,2026-07-26 17:13:45.439617,2026-07-26 17:13:45.888201,0.448584,1.0,1.0,100,10,1.0,1.0,0.4099142079940066,rbf,100,10,1,0.024156961522778617,508,"{'alpha_edge': [0, 0.001, 0.1, 1, 10], 'alpha_neuron': [0, 0.001, 0.1, 1, 10], 'layer_width': [100, 250, 500, 750, 1000], 'num_inducing': [10, 25, 50, 75, 100]}",COMPLETE,
509,0.0005859369238495934,2026-07-26 17:13:45.892307,2026-07-26 17:13:47.927020,2.034713,1.0,0.001,500,10,1.0,0.001,1.695086124993395,rbf,500,10,1,0.0005859369238495934,509,"{'alpha_edge': [0, 0.001, 0.1, 1, 10], 'alpha_neuron': [0, 0.001, 0.1, 1, 10], 'layer_width': [100, 250, 500, 750, 1000], 'num_inducing': [10, 25, 50, 75, 100]}",COMPLETE,
510,2.8580644821731665e-07,2026-07-26 17:13:47.930301,2026-07-26 17:13:56.113090,8.182789,10.0,0.0,500,75,10.0,0.0,7.200633250002284,rbf,500,75,1,2.8580644821731665e-07,510,"{'alpha_edge': [0, 0.001, 0.1, 1, 10], 'alpha_neuron': [0, 0.001, 0.1, 1, 10], 'layer_width': [100, 250, 500, 750, 1000], 'num_inducing': [10, 25, 50, 75, 100]}",COMPLETE,
511,0.006621914224462393,2026-07-26 17:13:56.144712,2026-07-26 17:13:58.111356,1.966644,10.0,0.1,250,25,10.0,0.1,1.6625387920066714,rbf,250,25,1,0.006621914224462393,511,"{'alpha_edge': [0, 0.001, 0.1, 1, 10], 'alpha_neuron': [0, 0.001, 0.1, 1, 10], 'layer_width': [100, 250, 500, 750, 1000], 'num_inducing': [10, 25, 50, 75, 100]}",COMPLETE,
512,0.03476986668411887,2026-07-26 17:13:58.133031,2026-07-26 17:14:26.064546,27.931515,0.0,0.0,750,100,0.0,0.0,26.023214166983962,rbf,750,100,1,0.03476986668411887,512,"{'alpha_edge': [0, 0.001, 0.1, 1, 10], 'alpha_neuron': [0, 0.001, 0.1, 1, 10], 'layer_width': [100, 250, 500, 750, 1000], 'num_inducing': [10, 25, 50, 75, 100]}",COMPLETE,
513,0.016951703302521912,2026-07-26 17:14:26.068331,2026-07-26 17:14:27.606625,1.538294,0.1,1.0,100,75,0.1,1.0,1.3491044589900412,rbf,100,75,1,0.016951703302521912,513,"{'alpha_edge': [0, 0.001, 0.1, 1, 10], 'alpha_neuron': [0, 0.001, 0.1, 1, 10], 'layer_width': [100, 250, 500, 750, 1000], 'num_inducing': [10, 25, 50, 75, 100]}",COMPLETE,
514,0.00031802600734119976,2026-07-26 17:14:27.611700,2026-07-26 17:14:34.682380,7.07068,0.1,0.001,1000,25,0.1,0.001,6.1378276659525,rbf,1000,25,1,0.00031802600734119976,514,"{'alpha_edge': [0, 0.001, 0.1, 1, 10], 'alpha_neuron': [0, 0.001, 0.1, 1, 10], 'layer_width': [100, 250, 500, 750, 1000], 'num_inducing': [10, 25, 50, 75, 100]}",COMPLETE,
515,2.465990337748021e-08,2026-07-26 17:14:34.685770,2026-07-26 17:14:50.443510,15.75774,0.1,0.0,750,100,0.1,0.0,13.864603208028711,rbf,750,100,1,2.465990337748021e-08,515,"{'alpha_edge': [0, 0.001, 0.1, 1, 10], 'alpha_neuron': [0, 0.001, 0.1, 1, 10], 'layer_width': [100, 250, 500, 750, 1000], 'num_inducing': [10, 25, 50, 75, 100]}",COMPLETE,
516,0.03191300737486382,2026-07-26 17:14:50.447319,2026-07-26 17:14:51.116408,0.669089,0.001,10.0,100,25,0.001,10.0,0.5875628750072792,rbf,100,25,1,0.03191300737486382,516,"{'alpha_edge': [0, 0.001, 0.1, 1, 10], 'alpha_neuron': [0, 0.001, 0.1, 1, 10], 'layer_width': [100, 250, 500, 750, 1000], 'num_inducing': [10, 25, 50, 75, 100]}",COMPLETE,
517,0.028910752693707045,2026-07-26 17:14:51.120725,2026-07-26 17:15:19.873429,28.752704,0.0,1.0,750,100,0.0,1.0,26.79741954099154,rbf,750,100,1,0.028910752693707045,517,"{'alpha_edge': [0, 0.001, 0.1, 1, 10], 'alpha_neuron': [0, 0.001, 0.1, 1, 10], 'layer_width': [100, 250, 500, 750, 1000], 'num_inducing': [10, 25, 50, 75, 100]}",COMPLETE,
518,8.597002895825957e-09,2026-07-26 17:15:19.878531,2026-07-26 17:15:23.534544,3.656013,10.0,0.0,750,10,10.0,0.0,3.229488791024778,rbf,750,10,1,8.597002895825957e-09,518,"{'alpha_edge': [0, 0.001, 0.1, 1, 10], 'alpha_neuron': [0, 0.001, 0.1, 1, 10], 'layer_width': [100, 250, 500, 750, 1000], 'num_inducing': [10, 25, 50, 75, 100]}",COMPLETE,
519,0.0007240163493142403,2026-07-26 17:15:23.537537,2026-07-26 17:15:24.546223,1.008686,0.1,0.001,250,10,0.1,0.001,0.9317533749854192,rbf,250,10,1,0.0007240163493142403,519,"{'alpha_edge': [0, 0.001, 0.1, 1, 10], 'alpha_neuron': [0, 0.001, 0.1, 1, 10], 'layer_width': [100, 250, 500, 750, 1000], 'num_inducing': [10, 25, 50, 75, 100]}",COMPLETE,
520,0.00041513143483052045,2026-07-26 17:15:24.549145,2026-07-26 17:15:28.192764,3.643619,0.1,0.001,500,25,0.1,0.001,3.174731375009287,rbf,500,25,1,0.00041513143483052045,520,"{'alpha_edge': [0, 0.001, 0.1, 1, 10], 'alpha_neuron': [0, 0.001, 0.1, 1, 10], 'layer_width': [100, 250, 500, 750, 1000], 'num_inducing': [10, 25, 50, 75, 100]}",COMPLETE,
521,0.009545318679106128,2026-07-26 17:15:28.196749,2026-07-26 17:15:30.406625,2.209876,10.0,1.0,500,10,10.0,1.0,1.971305208047852,rbf,500,10,1,0.009545318679106128,521,"{'alpha_edge': [0, 0.001, 0.1, 1, 10], 'alpha_neuron': [0, 0.001, 0.1, 1, 10], 'layer_width': [100, 250, 500, 750, 1000], 'num_inducing': [10, 25, 50, 75, 100]}",COMPLETE,
522,0.0018738969310489934,2026-07-26 17:15:30.421472,2026-07-26 17:15:46.088615,15.667143,1.0,0.1,750,100,1.0,0.1,13.808199000020977,rbf,750,100,1,0.0018738969310489934,522,"{'alpha_edge': [0, 0.001, 0.1, 1, 10], 'alpha_neuron': [0, 0.001, 0.1, 1, 10], 'layer_width': [100, 250, 500, 750, 1000], 'num_inducing': [10, 25, 50, 75, 100]}",COMPLETE,
523,0.003807942299852533,2026-07-26 17:15:46.091769,2026-07-26 17:15:51.296969,5.2052,0.001,0.1,250,100,0.001,0.1,4.470579707995057,rbf,250,100,1,0.003807942299852533,523,"{'alpha_edge': [0, 0.001, 0.1, 1, 10], 'alpha_neuron': [0, 0.001, 0.1, 1, 10], 'layer_width': [100, 250, 500, 750, 1000], 'num_inducing': [10, 25, 50, 75, 100]}",COMPLETE,
524,0.009054397190942857,2026-07-26 17:15:51.302388,2026-07-26 17:15:58.545977,7.243589,0.1,10.0,1000,25,0.1,10.0,6.315757999953348,rbf,1000,25,1,0.009054397190942857,524,"{'alpha_edge': [0, 0.001, 0.1, 1, 10], 'alpha_neuron': [0, 0.001, 0.1, 1, 10], 'layer_width': [100, 250, 500, 750, 1000], 'num_inducing': [10, 25, 50, 75, 100]}",COMPLETE,
525,0.01984756747401724,2026-07-26 17:15:58.550045,2026-07-26 17:16:00.756159,2.206114,10.0,10.0,500,10,10.0,10.0,1.9785485839820467,rbf,500,10,1,0.01984756747401724,525,"{'alpha_edge': [0, 0.001, 0.1, 1, 10], 'alpha_neuron': [0, 0.001, 0.1, 1, 10], 'layer_width': [100, 250, 500, 750, 1000], 'num_inducing': [10, 25, 50, 75, 100]}",COMPLETE,
526,0.00662031125468665,2026-07-26 17:16:00.761062,2026-07-26 17:16:01.172228,0.411166,0.1,0.001,100,10,0.1,0.001,0.36315837496658787,rbf,100,10,1,0.00662031125468665,526,"{'alpha_edge': [0, 0.001, 0.1, 1, 10], 'alpha_neuron': [0, 0.001, 0.1, 1, 10], 'layer_width': [100, 250, 500, 750, 1000], 'num_inducing': [10, 25, 50, 75, 100]}",COMPLETE,
527,0.00957721069669007,2026-07-26 17:16:01.175206,2026-07-26 17:16:09.061929,7.886723,10.0,1.0,500,75,10.0,1.0,6.991575250052847,rbf,500,75,1,0.00957721069669007,527,"{'alpha_edge': [0, 0.001, 0.1, 1, 10], 'alpha_neuron': [0, 0.001, 0.1, 1, 10], 'layer_width': [100, 250, 500, 750, 1000], 'num_inducing': [10, 25, 50, 75, 100]}",COMPLETE,
528,0.002212143920562606,2026-07-26 17:16:09.064980,2026-07-26 17:16:12.246146,3.181166,0.001,0.1,250,50,0.001,0.1,2.8549930419540033,rbf,250,50,1,0.002212143920562606,528,"{'alpha_edge': [0, 0.001, 0.1, 1, 10], 'alpha_neuron': [0, 0.001, 0.1, 1, 10], 'layer_width': [100, 250, 500, 750, 1000], 'num_inducing': [10, 25, 50, 75, 100]}",COMPLETE,
529,0.05244887829538842,2026-07-26 17:16:12.249119,2026-07-26 17:16:16.701042,4.451923,0.0,0.001,250,50,0.0,0.001,4.101000750029925,rbf,250,50,1,0.05244887829538842,529,"{'alpha_edge': [0, 0.001, 0.1, 1, 10], 'alpha_neuron': [0, 0.001, 0.1, 1, 10], 'layer_width': [100, 250, 500, 750, 1000], 'num_inducing': [10, 25, 50, 75, 100]}",COMPLETE,
530,0.0745531813756401,2026-07-26 17:16:16.704986,2026-07-26 17:16:17.924513,1.219527,0.0,1.0,250,10,0.0,1.0,1.0194880409981124,rbf,250,10,1,0.0745531813756401,530,"{'alpha_edge': [0, 0.001, 0.1, 1, 10], 'alpha_neuron': [0, 0.001, 0.1, 1, 10], 'layer_width': [100, 250, 500, 750, 1000], 'num_inducing': [10, 25, 50, 75, 100]}",COMPLETE,
531,0.004357604088413708,2026-07-26 17:16:17.930604,2026-07-26 17:16:21.059706,3.129102,0.1,0.1,250,50,0.1,0.1,2.765291541989427,rbf,250,50,1,0.004357604088413708,531,"{'alpha_edge': [0, 0.001, 0.1, 1, 10], 'alpha_neuron': [0, 0.001, 0.1, 1, 10], 'layer_width': [100, 250, 500, 750, 1000], 'num_inducing': [10, 25, 50, 75, 100]}",COMPLETE,
532,0.030110489125421604,2026-07-26 17:16:21.062606,2026-07-26 17:16:26.031668,4.969062,0.0,0.0,500,25,0.0,0.0,4.459444332984276,rbf,500,25,1,0.030110489125421604,532,"{'alpha_edge': [0, 0.001, 0.1, 1, 10], 'alpha_neuron': [0, 0.001, 0.1, 1, 10], 'layer_width': [100, 250, 500, 750, 1000], 'num_inducing': [10, 25, 50, 75, 100]}",COMPLETE,
533,0.057286011596557364,2026-07-26 17:16:26.034729,2026-07-26 17:16:46.691682,20.656953,0.0,0.001,750,75,0.0,0.001,19.23534562502755,rbf,750,75,1,0.057286011596557364,533,"{'alpha_edge': [0, 0.001, 0.1, 1, 10], 'alpha_neuron': [0, 0.001, 0.1, 1, 10], 'layer_width': [100, 250, 500, 750, 1000], 'num_inducing': [10, 25, 50, 75, 100]}",COMPLETE,
534,0.03982203387023507,2026-07-26 17:16:46.696549,2026-07-26 17:16:51.849142,5.152593,0.0,1.0,500,25,0.0,1.0,4.598487791023217,rbf,500,25,1,0.03982203387023507,534,"{'alpha_edge': [0, 0.001, 0.1, 1, 10], 'alpha_neuron': [0, 0.001, 0.1, 1, 10], 'layer_width': [100, 250, 500, 750, 1000], 'num_inducing': [10, 25, 50, 75, 100]}",COMPLETE,
535,0.02803922241506799,2026-07-26 17:16:51.853058,2026-07-26 17:16:56.973704,5.120646,0.0,0.001,500,25,0.0,0.001,4.563802166027017,rbf,500,25,1,0.02803922241506799,535,"{'alpha_edge': [0, 0.001, 0.1, 1, 10], 'alpha_neuron': [0, 0.001, 0.1, 1, 10], 'layer_width': [100, 250, 500, 750, 1000], 'num_inducing': [10, 25, 50, 75, 100]}",COMPLETE,
536,0.04434398759746173,2026-07-26 17:16:56.978653,2026-07-26 17:17:03.608227,6.629574,0.0,0.1,250,75,0.0,0.1,6.1754192499793135,rbf,250,75,1,0.04434398759746173,536,"{'alpha_edge': [0, 0.001, 0.1, 1, 10], 'alpha_neuron': [0, 0.001, 0.1, 1, 10], 'layer_width': [100, 250, 500, 750, 1000], 'num_inducing': [10, 25, 50, 75, 100]}",COMPLETE,
537,0.03170649131559817,2026-07-26 17:17:03.612850,2026-07-26 17:17:10.918392,7.305542,0.0,0.001,750,25,0.0,0.001,6.599478459043894,rbf,750,25,1,0.03170649131559817,537,"{'alpha_edge': [0, 0.001, 0.1, 1, 10], 'alpha_neuron': [0, 0.001, 0.1, 1, 10], 'layer_width': [100, 250, 500, 750, 1000], 'num_inducing': [10, 25, 50, 75, 100]}",COMPLETE,
538,0.0009547230933199417,2026-07-26 17:17:10.922718,2026-07-26 17:17:14.597460,3.674742,1.0,0.001,500,25,1.0,0.001,3.118040750036016,rbf,500,25,1,0.0009547230933199417,538,"{'alpha_edge': [0, 0.001, 0.1, 1, 10], 'alpha_neuron': [0, 0.001, 0.1, 1, 10], 'layer_width': [100, 250, 500, 750, 1000], 'num_inducing': [10, 25, 50, 75, 100]}",COMPLETE,
539,0.006892176726594393,2026-07-26 17:17:14.600552,2026-07-26 17:17:20.256299,5.655747,0.001,1.0,250,100,0.001,1.0,4.634859624959063,rbf,250,100,1,0.006892176726594393,539,"{'alpha_edge': [0, 0.001, 0.1, 1, 10], 'alpha_neuron': [0, 0.001, 0.1, 1, 10], 'layer_width': [100, 250, 500, 750, 1000], 'num_inducing': [10, 25, 50, 75, 100]}",COMPLETE,
540,6.480496216444765e-06,2026-07-26 17:17:20.260689,2026-07-26 17:17:36.365695,16.105006,0.001,0.0,1000,75,0.001,0.0,14.086386166047305,rbf,1000,75,1,6.480496216444765e-06,540,"{'alpha_edge': [0, 0.001, 0.1, 1, 10], 'alpha_neuron': [0, 0.001, 0.1, 1, 10], 'layer_width': [100, 250, 500, 750, 1000], 'num_inducing': [10, 25, 50, 75, 100]}",COMPLETE,
541,0.04088904374976879,2026-07-26 17:17:36.370328,2026-07-26 17:18:03.621878,27.25155,0.0,10.0,1000,75,0.0,10.0,25.39348670799518,rbf,1000,75,1,0.04088904374976879,541,"{'alpha_edge': [0, 0.001, 0.1, 1, 10], 'alpha_neuron': [0, 0.001, 0.1, 1, 10], 'layer_width': [100, 250, 500, 750, 1000], 'num_inducing': [10, 25, 50, 75, 100]}",COMPLETE,
542,0.03416867157382156,2026-07-26 17:18:03.625189,2026-07-26 17:18:31.452782,27.827593,0.0,1.0,1000,75,0.0,1.0,25.82536691700807,rbf,1000,75,1,0.03416867157382156,542,"{'alpha_edge': [0, 0.001, 0.1, 1, 10], 'alpha_neuron': [0, 0.001, 0.1, 1, 10], 'layer_width': [100, 250, 500, 750, 1000], 'num_inducing': [10, 25, 50, 75, 100]}",COMPLETE,
543,0.007933198342866966,2026-07-26 17:18:31.456345,2026-07-26 17:18:32.599220,1.142875,1.0,0.0,100,50,1.0,0.0,0.9987669169786386,rbf,100,50,1,0.007933198342866966,543,"{'alpha_edge': [0, 0.001, 0.1, 1, 10], 'alpha_neuron': [0, 0.001, 0.1, 1, 10], 'layer_width': [100, 250, 500, 750, 1000], 'num_inducing': [10, 25, 50, 75, 100]}",COMPLETE,
544,0.0020715000498019082,2026-07-26 17:18:32.603050,2026-07-26 17:18:33.593352,0.990302,0.001,0.0,250,10,0.001,0.0,0.8659248750191182,rbf,250,10,1,0.0020715000498019082,544,"{'alpha_edge': [0, 0.001, 0.1, 1, 10], 'alpha_neuron': [0, 0.001, 0.1, 1, 10], 'layer_width': [100, 250, 500, 750, 1000], 'num_inducing': [10, 25, 50, 75, 100]}",COMPLETE,
545,0.027392591966015716,2026-07-26 17:18:33.597626,2026-07-26 17:19:01.271574,27.673948,0.0,0.0,1000,75,0.0,0.0,25.758320458000526,rbf,1000,75,1,0.027392591966015716,545,"{'alpha_edge': [0, 0.001, 0.1, 1, 10], 'alpha_neuron': [0, 0.001, 0.1, 1, 10], 'layer_width': [100, 250, 500, 750, 1000], 'num_inducing': [10, 25, 50, 75, 100]}",COMPLETE,
546,0.00036330620097104675,2026-07-26 17:19:01.274571,2026-07-26 17:19:21.843960,20.569389,10.0,0.001,1000,100,10.0,0.001,18.005612625041977,rbf,1000,100,1,0.00036330620097104675,546,"{'alpha_edge': [0, 0.001, 0.1, 1, 10], 'alpha_neuron': [0, 0.001, 0.1, 1, 10], 'layer_width': [100, 250, 500, 750, 1000], 'num_inducing': [10, 25, 50, 75, 100]}",COMPLETE,
547,0.010305718696016014,2026-07-26 17:19:21.848263,2026-07-26 17:19:26.060627,4.212364,0.1,10.0,1000,10,0.1,10.0,3.7425721249892376,rbf,1000,10,1,0.010305718696016014,547,"{'alpha_edge': [0, 0.001, 0.1, 1, 10], 'alpha_neuron': [0, 0.001, 0.1, 1, 10], 'layer_width': [100, 250, 500, 750, 1000], 'num_inducing': [10, 25, 50, 75, 100]}",COMPLETE,
548,3.398440343956754e-07,2026-07-26 17:19:26.064992,2026-07-26 17:19:32.090369,6.025377,10.0,0.0,500,50,10.0,0.0,5.2577079579932615,rbf,500,50,1,3.398440343956754e-07,548,"{'alpha_edge': [0, 0.001, 0.1, 1, 10], 'alpha_neuron': [0, 0.001, 0.1, 1, 10], 'layer_width': [100, 250, 500, 750, 1000], 'num_inducing': [10, 25, 50, 75, 100]}",COMPLETE,
549,7.377776003392659e-05,2026-07-26 17:19:32.095725,2026-07-26 17:19:36.137133,4.041408,1.0,0.0,250,75,1.0,0.0,3.489452208043076,rbf,250,75,1,7.377776003392659e-05,549,"{'alpha_edge': [0, 0.001, 0.1, 1, 10], 'alpha_neuron': [0, 0.001, 0.1, 1, 10], 'layer_width': [100, 250, 500, 750, 1000], 'num_inducing': [10, 25, 50, 75, 100]}",COMPLETE,
550,0.016512407950824353,2026-07-26 17:19:36.140140,2026-07-26 17:19:36.944884,0.804744,0.001,1.0,100,25,0.001,1.0,0.6778382909833454,rbf,100,25,1,0.016512407950824353,550,"{'alpha_edge': [0, 0.001, 0.1, 1, 10], 'alpha_neuron': [0, 0.001, 0.1, 1, 10], 'layer_width': [100, 250, 500, 750, 1000], 'num_inducing': [10, 25, 50, 75, 100]}",COMPLETE,
551,0.009451438371093893,2026-07-26 17:19:36.948412,2026-07-26 17:19:49.207129,12.258717,0.1,10.0,750,75,0.1,10.0,10.80722016596701,rbf,750,75,1,0.009451438371093893,551,"{'alpha_edge': [0, 0.001, 0.1, 1, 10], 'alpha_neuron': [0, 0.001, 0.1, 1, 10], 'layer_width': [100, 250, 500, 750, 1000], 'num_inducing': [10, 25, 50, 75, 100]}",COMPLETE,
552,6.625590215123701e-07,2026-07-26 17:19:49.210004,2026-07-26 17:19:55.172115,5.962111,1.0,0.0,500,50,1.0,0.0,5.281916374980938,rbf,500,50,1,6.625590215123701e-07,552,"{'alpha_edge': [0, 0.001, 0.1, 1, 10], 'alpha_neuron': [0, 0.001, 0.1, 1, 10], 'layer_width': [100, 250, 500, 750, 1000], 'num_inducing': [10, 25, 50, 75, 100]}",COMPLETE,
553,0.00020997239700778431,2026-07-26 17:19:55.175159,2026-07-26 17:20:04.238763,9.063604,0.1,0.001,750,50,0.1,0.001,8.006851040991023,rbf,750,50,1,0.00020997239700778431,553,"{'alpha_edge': [0, 0.001, 0.1, 1, 10], 'alpha_neuron': [0, 0.001, 0.1, 1, 10], 'layer_width': [100, 250, 500, 750, 1000], 'num_inducing': [10, 25, 50, 75, 100]}",COMPLETE,
554,0.00011457238148010812,2026-07-26 17:20:04.241587,2026-07-26 17:20:05.942521,1.700934,0.1,0.0,250,25,0.1,0.0,1.4565318749519065,rbf,250,25,1,0.00011457238148010812,554,"{'alpha_edge': [0, 0.001, 0.1, 1, 10], 'alpha_neuron': [0, 0.001, 0.1, 1, 10], 'layer_width': [100, 250, 500, 750, 1000], 'num_inducing': [10, 25, 50, 75, 100]}",COMPLETE,
555,0.000903353752859892,2026-07-26 17:20:05.946980,2026-07-26 17:20:17.957087,12.010107,0.001,0.1,1000,50,0.001,0.1,10.575357374968007,rbf,1000,50,1,0.000903353752859892,555,"{'alpha_edge': [0, 0.001, 0.1, 1, 10], 'alpha_neuron': [0, 0.001, 0.1, 1, 10], 'layer_width': [100, 250, 500, 750, 1000], 'num_inducing': [10, 25, 50, 75, 100]}",COMPLETE,
556,0.005093079722324393,2026-07-26 17:20:17.960397,2026-07-26 17:20:22.917621,4.957224,0.0,1.0,1000,10,0.0,1.0,4.3397896669921465,rbf,1000,10,1,0.005093079722324393,556,"{'alpha_edge': [0, 0.001, 0.1, 1, 10], 'alpha_neuron': [0, 0.001, 0.1, 1, 10], 'layer_width': [100, 250, 500, 750, 1000], 'num_inducing': [10, 25, 50, 75, 100]}",COMPLETE,
557,0.039250219593862476,2026-07-26 17:20:22.921154,2026-07-26 17:20:25.243829,2.322675,10.0,10.0,100,100,10.0,10.0,2.0993284169817343,rbf,100,100,1,0.039250219593862476,557,"{'alpha_edge': [0, 0.001, 0.1, 1, 10], 'alpha_neuron': [0, 0.001, 0.1, 1, 10], 'layer_width': [100, 250, 500, 750, 1000], 'num_inducing': [10, 25, 50, 75, 100]}",COMPLETE,
558,0.0003803503683701434,2026-07-26 17:20:25.248278,2026-07-26 17:20:40.433590,15.185312,0.001,0.001,750,100,0.001,0.001,13.310868334025145,rbf,750,100,1,0.0003803503683701434,558,"{'alpha_edge': [0, 0.001, 0.1, 1, 10], 'alpha_neuron': [0, 0.001, 0.1, 1, 10], 'layer_width': [100, 250, 500, 750, 1000], 'num_inducing': [10, 25, 50, 75, 100]}",COMPLETE,
559,0.007030278271121095,2026-07-26 17:20:40.437243,2026-07-26 17:20:41.438616,1.001373,0.1,0.1,250,10,0.1,0.1,0.8538422500132583,rbf,250,10,1,0.007030278271121095,559,"{'alpha_edge': [0, 0.001, 0.1, 1, 10], 'alpha_neuron': [0, 0.001, 0.1, 1, 10], 'layer_width': [100, 250, 500, 750, 1000], 'num_inducing': [10, 25, 50, 75, 100]}",COMPLETE,
560,0.007301137204412161,2026-07-26 17:20:41.467845,2026-07-26 17:20:58.178866,16.711021,0.1,10.0,1000,75,0.1,10.0,14.762469165958464,rbf,1000,75,1,0.007301137204412161,560,"{'alpha_edge': [0, 0.001, 0.1, 1, 10], 'alpha_neuron': [0, 0.001, 0.1, 1, 10], 'layer_width': [100, 250, 500, 750, 1000], 'num_inducing': [10, 25, 50, 75, 100]}",COMPLETE,
561,0.032421108030110654,2026-07-26 17:20:58.182431,2026-07-26 17:20:59.468692,1.286261,0.001,10.0,100,50,0.001,10.0,1.1174834159901366,rbf,100,50,1,0.032421108030110654,561,"{'alpha_edge': [0, 0.001, 0.1, 1, 10], 'alpha_neuron': [0, 0.001, 0.1, 1, 10], 'layer_width': [100, 250, 500, 750, 1000], 'num_inducing': [10, 25, 50, 75, 100]}",COMPLETE,
562,2.4965494739809713e-05,2026-07-26 17:20:59.472246,2026-07-26 17:21:11.649111,12.176865,0.001,0.0,750,75,0.001,0.0,10.659021832980216,rbf,750,75,1,2.4965494739809713e-05,562,"{'alpha_edge': [0, 0.001, 0.1, 1, 10], 'alpha_neuron': [0, 0.001, 0.1, 1, 10], 'layer_width': [100, 250, 500, 750, 1000], 'num_inducing': [10, 25, 50, 75, 100]}",COMPLETE,
563,0.0028211096696053165,2026-07-26 17:21:11.655062,2026-07-26 17:21:12.735538,1.080476,0.001,0.1,250,10,0.001,0.1,0.919168125023134,rbf,250,10,1,0.0028211096696053165,563,"{'alpha_edge': [0, 0.001, 0.1, 1, 10], 'alpha_neuron': [0, 0.001, 0.1, 1, 10], 'layer_width': [100, 250, 500, 750, 1000], 'num_inducing': [10, 25, 50, 75, 100]}",COMPLETE,
564,0.001874796351975974,2026-07-26 17:21:12.738965,2026-07-26 17:21:14.685699,1.946734,0.001,0.0,250,25,0.001,0.0,1.7011516250204295,rbf,250,25,1,0.001874796351975974,564,"{'alpha_edge': [0, 0.001, 0.1, 1, 10], 'alpha_neuron': [0, 0.001, 0.1, 1, 10], 'layer_width': [100, 250, 500, 750, 1000], 'num_inducing': [10, 25, 50, 75, 100]}",COMPLETE,
565,0.03455363965346627,2026-07-26 17:21:14.688868,2026-07-26 17:21:33.313032,18.624164,0.0,0.001,1000,50,0.0,0.001,17.208227875002194,rbf,1000,50,1,0.03455363965346627,565,"{'alpha_edge': [0, 0.001, 0.1, 1, 10], 'alpha_neuron': [0, 0.001, 0.1, 1, 10], 'layer_width': [100, 250, 500, 750, 1000], 'num_inducing': [10, 25, 50, 75, 100]}",COMPLETE,
566,0.0009660455991828277,2026-07-26 17:21:33.316449,2026-07-26 17:21:53.426955,20.110506,0.1,0.1,1000,100,0.1,0.1,17.677144707995467,rbf,1000,100,1,0.0009660455991828277,566,"{'alpha_edge': [0, 0.001, 0.1, 1, 10], 'alpha_neuron': [0, 0.001, 0.1, 1, 10], 'layer_width': [100, 250, 500, 750, 1000], 'num_inducing': [10, 25, 50, 75, 100]}",COMPLETE,
567,0.012516072808769051,2026-07-26 17:21:53.459073,2026-07-26 17:21:55.179939,1.720866,0.001,1.0,100,75,0.001,1.0,1.5456439580302685,rbf,100,75,1,0.012516072808769051,567,"{'alpha_edge': [0, 0.001, 0.1, 1, 10], 'alpha_neuron': [0, 0.001, 0.1, 1, 10], 'layer_width': [100, 250, 500, 750, 1000], 'num_inducing': [10, 25, 50, 75, 100]}",COMPLETE,
568,0.08106790096582601,2026-07-26 17:21:55.182992,2026-07-26 17:22:04.563935,9.380943,0.0,1.0,250,100,0.0,1.0,8.7086511249654,rbf,250,100,1,0.08106790096582601,568,"{'alpha_edge': [0, 0.001, 0.1, 1, 10], 'alpha_neuron': [0, 0.001, 0.1, 1, 10], 'layer_width': [100, 250, 500, 750, 1000], 'num_inducing': [10, 25, 50, 75, 100]}",COMPLETE,
569,0.0027262665432462915,2026-07-26 17:22:04.566778,2026-07-26 17:22:07.570547,3.003769,10.0,0.1,750,10,10.0,0.1,2.615765750000719,rbf,750,10,1,0.0027262665432462915,569,"{'alpha_edge': [0, 0.001, 0.1, 1, 10], 'alpha_neuron': [0, 0.001, 0.1, 1, 10], 'layer_width': [100, 250, 500, 750, 1000], 'num_inducing': [10, 25, 50, 75, 100]}",COMPLETE,
570,4.137133835641666e-10,2026-07-26 17:22:07.574865,2026-07-26 17:22:24.800292,17.225427,1.0,0.0,1000,75,1.0,0.0,15.379794167005457,rbf,1000,75,1,4.137133835641666e-10,570,"{'alpha_edge': [0, 0.001, 0.1, 1, 10], 'alpha_neuron': [0, 0.001, 0.1, 1, 10], 'layer_width': [100, 250, 500, 750, 1000], 'num_inducing': [10, 25, 50, 75, 100]}",COMPLETE,
571,0.04209932016473426,2026-07-26 17:22:24.803714,2026-07-26 17:22:32.038980,7.235266,0.0,1.0,750,25,0.0,1.0,6.406964291993063,rbf,750,25,1,0.04209932016473426,571,"{'alpha_edge': [0, 0.001, 0.1, 1, 10], 'alpha_neuron': [0, 0.001, 0.1, 1, 10], 'layer_width': [100, 250, 500, 750, 1000], 'num_inducing': [10, 25, 50, 75, 100]}",COMPLETE,
572,0.05286440472113082,2026-07-26 17:22:32.041911,2026-07-26 17:22:36.852862,4.810951,0.0,1.0,250,50,0.0,1.0,4.507848292007111,rbf,250,50,1,0.05286440472113082,572,"{'alpha_edge': [0, 0.001, 0.1, 1, 10], 'alpha_neuron': [0, 0.001, 0.1, 1, 10], 'layer_width': [100, 250, 500, 750, 1000], 'num_inducing': [10, 25, 50, 75, 100]}",COMPLETE,
573,0.007342940222645755,2026-07-26 17:22:36.856070,2026-07-26 17:22:38.020428,1.164358,1.0,0.1,250,10,1.0,0.1,1.0288834160310216,rbf,250,10,1,0.007342940222645755,573,"{'alpha_edge': [0, 0.001, 0.1, 1, 10], 'alpha_neuron': [0, 0.001, 0.1, 1, 10], 'layer_width': [100, 250, 500, 750, 1000], 'num_inducing': [10, 25, 50, 75, 100]}",COMPLETE,
574,0.034187798885881866,2026-07-26 17:22:38.037181,2026-07-26 17:23:06.452393,28.415212,0.0,10.0,750,100,0.0,10.0,26.544455333030783,rbf,750,100,1,0.034187798885881866,574,"{'alpha_edge': [0, 0.001, 0.1, 1, 10], 'alpha_neuron': [0, 0.001, 0.1, 1, 10], 'layer_width': [100, 250, 500, 750, 1000], 'num_inducing': [10, 25, 50, 75, 100]}",COMPLETE,
575,0.0002436282397144527,2026-07-26 17:23:06.456032,2026-07-26 17:23:11.658410,5.202378,0.1,0.001,750,25,0.1,0.001,4.465890082996339,rbf,750,25,1,0.0002436282397144527,575,"{'alpha_edge': [0, 0.001, 0.1, 1, 10], 'alpha_neuron': [0, 0.001, 0.1, 1, 10], 'layer_width': [100, 250, 500, 750, 1000], 'num_inducing': [10, 25, 50, 75, 100]}",COMPLETE,
576,0.05086865242325891,2026-07-26 17:23:11.661653,2026-07-26 17:23:16.363681,4.702028,0.0,0.1,250,50,0.0,0.1,4.294265416043345,rbf,250,50,1,0.05086865242325891,576,"{'alpha_edge': [0, 0.001, 0.1, 1, 10], 'alpha_neuron': [0, 0.001, 0.1, 1, 10], 'layer_width': [100, 250, 500, 750, 1000], 'num_inducing': [10, 25, 50, 75, 100]}",COMPLETE,
577,0.0011538165816198315,2026-07-26 17:23:16.366683,2026-07-26 17:23:23.474478,7.107795,0.1,0.1,1000,25,0.1,0.1,6.169049792049918,rbf,1000,25,1,0.0011538165816198315,577,"{'alpha_edge': [0, 0.001, 0.1, 1, 10], 'alpha_neuron': [0, 0.001, 0.1, 1, 10], 'layer_width': [100, 250, 500, 750, 1000], 'num_inducing': [10, 25, 50, 75, 100]}",COMPLETE,
578,6.579387197107743e-05,2026-07-26 17:23:23.477355,2026-07-26 17:23:26.495176,3.017821,0.1,0.0,250,50,0.1,0.0,2.6614876660169102,rbf,250,50,1,6.579387197107743e-05,578,"{'alpha_edge': [0, 0.001, 0.1, 1, 10], 'alpha_neuron': [0, 0.001, 0.1, 1, 10], 'layer_width': [100, 250, 500, 750, 1000], 'num_inducing': [10, 25, 50, 75, 100]}",COMPLETE,
579,0.006049982771414587,2026-07-26 17:23:26.499482,2026-07-26 17:23:33.605789,7.106307,10.0,1.0,1000,25,10.0,1.0,6.189036916999612,rbf,1000,25,1,0.006049982771414587,579,"{'alpha_edge': [0, 0.001, 0.1, 1, 10], 'alpha_neuron': [0, 0.001, 0.1, 1, 10], 'layer_width': [100, 250, 500, 750, 1000], 'num_inducing': [10, 25, 50, 75, 100]}",COMPLETE,
580,0.003092567264378411,2026-07-26 17:23:33.608883,2026-07-26 17:23:42.326509,8.717626,1.0,0.1,750,50,1.0,0.1,7.670496832986828,rbf,750,50,1,0.003092567264378411,580,"{'alpha_edge': [0, 0.001, 0.1, 1, 10], 'alpha_neuron': [0, 0.001, 0.1, 1, 10], 'layer_width': [100, 250, 500, 750, 1000], 'num_inducing': [10, 25, 50, 75, 100]}",COMPLETE,
581,0.027103774151917743,2026-07-26 17:23:42.329374,2026-07-26 17:23:56.185523,13.856149,0.0,0.001,750,50,0.0,0.001,12.854186207987368,rbf,750,50,1,0.027103774151917743,581,"{'alpha_edge': [0, 0.001, 0.1, 1, 10], 'alpha_neuron': [0, 0.001, 0.1, 1, 10], 'layer_width': [100, 250, 500, 750, 1000], 'num_inducing': [10, 25, 50, 75, 100]}",COMPLETE,
582,6.054100911318906e-07,2026-07-26 17:23:56.188846,2026-07-26 17:24:04.520358,8.331512,1.0,0.0,500,75,1.0,0.0,7.365792542055715,rbf,500,75,1,6.054100911318906e-07,582,"{'alpha_edge': [0, 0.001, 0.1, 1, 10], 'alpha_neuron': [0, 0.001, 0.1, 1, 10], 'layer_width': [100, 250, 500, 750, 1000], 'num_inducing': [10, 25, 50, 75, 100]}",COMPLETE,
583,0.0077664541637226326,2026-07-26 17:24:04.524074,2026-07-26 17:24:06.805898,2.281824,0.1,1.0,500,10,0.1,1.0,2.025805292010773,rbf,500,10,1,0.0077664541637226326,583,"{'alpha_edge': [0, 0.001, 0.1, 1, 10], 'alpha_neuron': [0, 0.001, 0.1, 1, 10], 'layer_width': [100, 250, 500, 750, 1000], 'num_inducing': [10, 25, 50, 75, 100]}",COMPLETE,
584,3.0366866409377086e-09,2026-07-26 17:24:06.808886,2026-07-26 17:24:23.923424,17.114538,0.1,0.0,1000,75,0.1,0.0,15.35788466699887,rbf,1000,75,1,3.0366866409377086e-09,584,"{'alpha_edge': [0, 0.001, 0.1, 1, 10], 'alpha_neuron': [0, 0.001, 0.1, 1, 10], 'layer_width': [100, 250, 500, 750, 1000], 'num_inducing': [10, 25, 50, 75, 100]}",COMPLETE,
585,0.01585540838838616,2026-07-26 17:24:23.926509,2026-07-26 17:24:32.102181,8.175672,1.0,10.0,500,75,1.0,10.0,7.270693583006505,rbf,500,75,1,0.01585540838838616,585,"{'alpha_edge': [0, 0.001, 0.1, 1, 10], 'alpha_neuron': [0, 0.001, 0.1, 1, 10], 'layer_width': [100, 250, 500, 750, 1000], 'num_inducing': [10, 25, 50, 75, 100]}",COMPLETE,
586,0.015877819289877564,2026-07-26 17:24:32.105857,2026-07-26 17:24:32.585730,0.479873,10.0,0.1,100,10,10.0,0.1,0.35798304103082046,rbf,100,10,1,0.015877819289877564,586,"{'alpha_edge': [0, 0.001, 0.1, 1, 10], 'alpha_neuron': [0, 0.001, 0.1, 1, 10], 'layer_width': [100, 250, 500, 750, 1000], 'num_inducing': [10, 25, 50, 75, 100]}",COMPLETE,
587,0.07678682111875991,2026-07-26 17:24:32.601201,2026-07-26 17:24:35.295717,2.694516,0.0,0.1,100,75,0.0,0.1,2.478164249972906,rbf,100,75,1,0.07678682111875991,587,"{'alpha_edge': [0, 0.001, 0.1, 1, 10], 'alpha_neuron': [0, 0.001, 0.1, 1, 10], 'layer_width': [100, 250, 500, 750, 1000], 'num_inducing': [10, 25, 50, 75, 100]}",COMPLETE,
588,0.009600877258889253,2026-07-26 17:24:35.298930,2026-07-26 17:24:45.776914,10.477984,10.0,1.0,500,100,10.0,1.0,9.122554417001083,rbf,500,100,1,0.009600877258889253,588,"{'alpha_edge': [0, 0.001, 0.1, 1, 10], 'alpha_neuron': [0, 0.001, 0.1, 1, 10], 'layer_width': [100, 250, 500, 750, 1000], 'num_inducing': [10, 25, 50, 75, 100]}",COMPLETE,
589,0.01279569503711771,2026-07-26 17:24:45.782054,2026-07-26 17:24:47.308249,1.526195,0.001,0.0,100,75,0.001,0.0,1.3470838330104016,rbf,100,75,1,0.01279569503711771,589,"{'alpha_edge': [0, 0.001, 0.1, 1, 10], 'alpha_neuron': [0, 0.001, 0.1, 1, 10], 'layer_width': [100, 250, 500, 750, 1000], 'num_inducing': [10, 25, 50, 75, 100]}",COMPLETE,
590,0.07204104990901684,2026-07-26 17:24:47.311223,2026-07-26 17:24:50.061330,2.750107,0.0,0.001,100,75,0.0,0.001,2.5611691669910215,rbf,100,75,1,0.07204104990901684,590,"{'alpha_edge': [0, 0.001, 0.1, 1, 10], 'alpha_neuron': [0, 0.001, 0.1, 1, 10], 'layer_width': [100, 250, 500, 750, 1000], 'num_inducing': [10, 25, 50, 75, 100]}",COMPLETE,
591,0.004238625239238102,2026-07-26 17:24:50.066251,2026-07-26 17:24:54.196401,4.13015,0.001,0.1,250,75,0.001,0.1,3.496725792007055,rbf,250,75,1,0.004238625239238102,591,"{'alpha_edge': [0, 0.001, 0.1, 1, 10], 'alpha_neuron': [0, 0.001, 0.1, 1, 10], 'layer_width': [100, 250, 500, 750, 1000], 'num_inducing': [10, 25, 50, 75, 100]}",COMPLETE,
592,0.010533245306139796,2026-07-26 17:24:54.200269,2026-07-26 17:24:59.324126,5.123857,1.0,1.0,250,100,1.0,1.0,4.381752583023626,rbf,250,100,1,0.010533245306139796,592,"{'alpha_edge': [0, 0.001, 0.1, 1, 10], 'alpha_neuron': [0, 0.001, 0.1, 1, 10], 'layer_width': [100, 250, 500, 750, 1000], 'num_inducing': [10, 25, 50, 75, 100]}",COMPLETE,
593,7.757824386465778e-07,2026-07-26 17:24:59.327178,2026-07-26 17:25:01.721277,2.394099,10.0,0.0,500,10,10.0,0.0,2.130788541981019,rbf,500,10,1,7.757824386465778e-07,593,"{'alpha_edge': [0, 0.001, 0.1, 1, 10], 'alpha_neuron': [0, 0.001, 0.1, 1, 10], 'layer_width': [100, 250, 500, 750, 1000], 'num_inducing': [10, 25, 50, 75, 100]}",COMPLETE,
594,0.011928317595021437,2026-07-26 17:25:01.724707,2026-07-26 17:25:02.526462,0.801755,0.001,0.001,100,25,0.001,0.001,0.6456009160028771,rbf,100,25,1,0.011928317595021437,594,"{'alpha_edge': [0, 0.001, 0.1, 1, 10], 'alpha_neuron': [0, 0.001, 0.1, 1, 10], 'layer_width': [100, 250, 500, 750, 1000], 'num_inducing': [10, 25, 50, 75, 100]}",COMPLETE,
595,0.008234293990518279,2026-07-26 17:25:02.531450,2026-07-26 17:25:18.575245,16.043795,0.001,10.0,750,100,0.001,10.0,14.021784999989904,rbf,750,100,1,0.008234293990518279,595,"{'alpha_edge': [0, 0.001, 0.1, 1, 10], 'alpha_neuron': [0, 0.001, 0.1, 1, 10], 'layer_width': [100, 250, 500, 750, 1000], 'num_inducing': [10, 25, 50, 75, 100]}",COMPLETE,
596,0.0003572650974038533,2026-07-26 17:25:18.577870,2026-07-26 17:25:31.279392,12.701522,10.0,0.001,750,75,10.0,0.001,11.142843750014435,rbf,750,75,1,0.0003572650974038533,596,"{'alpha_edge': [0, 0.001, 0.1, 1, 10], 'alpha_neuron': [0, 0.001, 0.1, 1, 10], 'layer_width': [100, 250, 500, 750, 1000], 'num_inducing': [10, 25, 50, 75, 100]}",COMPLETE,
597,0.00034106923787127584,2026-07-26 17:25:31.283824,2026-07-26 17:25:47.430615,16.146791,10.0,0.001,750,100,10.0,0.001,14.255459874984808,rbf,750,100,1,0.00034106923787127584,597,"{'alpha_edge': [0, 0.001, 0.1, 1, 10], 'alpha_neuron': [0, 0.001, 0.1, 1, 10], 'layer_width': [100, 250, 500, 750, 1000], 'num_inducing': [10, 25, 50, 75, 100]}",COMPLETE,
598,1.404889571567587e-08,2026-07-26 17:25:47.433921,2026-07-26 17:25:51.285685,3.851764,0.1,0.0,750,10,0.1,0.0,3.340966334042605,rbf,750,10,1,1.404889571567587e-08,598,"{'alpha_edge': [0, 0.001, 0.1, 1, 10], 'alpha_neuron': [0, 0.001, 0.1, 1, 10], 'layer_width': [100, 250, 500, 750, 1000], 'num_inducing': [10, 25, 50, 75, 100]}",COMPLETE,
599,0.00044028101285254785,2026-07-26 17:25:51.288897,2026-07-26 17:25:59.677605,8.388708,0.1,0.001,500,75,0.1,0.001,7.35696912498679,rbf,500,75,1,0.00044028101285254785,599,"{'alpha_edge': [0, 0.001, 0.1, 1, 10], 'alpha_neuron': [0, 0.001, 0.1, 1, 10], 'layer_width': [100, 250, 500, 750, 1000], 'num_inducing': [10, 25, 50, 75, 100]}",COMPLETE,
600,0.00028786964292044654,2026-07-26 17:25:59.682368,2026-07-26 17:26:16.861499,17.179131,1.0,0.001,1000,75,1.0,0.001,14.813638957974035,rbf,1000,75,1,0.00028786964292044654,600,"{'alpha_edge': [0, 0.001, 0.1, 1, 10], 'alpha_neuron': [0, 0.001, 0.1, 1, 10], 'layer_width': [100, 250, 500, 750, 1000], 'num_inducing': [10, 25, 50, 75, 100]}",COMPLETE,
601,5.587448491561563e-06,2026-07-26 17:26:16.865998,2026-07-26 17:26:29.433530,12.567532,0.001,0.0,1000,50,0.001,0.0,10.780277374957222,rbf,1000,50,1,5.587448491561563e-06,601,"{'alpha_edge': [0, 0.001, 0.1, 1, 10], 'alpha_neuron': [0, 0.001, 0.1, 1, 10], 'layer_width': [100, 250, 500, 750, 1000], 'num_inducing': [10, 25, 50, 75, 100]}",COMPLETE,
602,0.013429322936092775,2026-07-26 17:26:29.485155,2026-07-26 17:26:30.856914,1.371759,0.001,0.1,100,50,0.001,0.1,1.2367736249580048,rbf,100,50,1,0.013429322936092775,602,"{'alpha_edge': [0, 0.001, 0.1, 1, 10], 'alpha_neuron': [0, 0.001, 0.1, 1, 10], 'layer_width': [100, 250, 500, 750, 1000], 'num_inducing': [10, 25, 50, 75, 100]}",COMPLETE,
603,0.028475870606836925,2026-07-26 17:26:30.859863,2026-07-26 17:27:08.674042,37.814179,0.0,1.0,1000,100,0.0,1.0,35.3722942500026,rbf,1000,100,1,0.028475870606836925,603,"{'alpha_edge': [0, 0.001, 0.1, 1, 10], 'alpha_neuron': [0, 0.001, 0.1, 1, 10], 'layer_width': [100, 250, 500, 750, 1000], 'num_inducing': [10, 25, 50, 75, 100]}",COMPLETE,
604,0.0019117351050997424,2026-07-26 17:27:08.677091,2026-07-26 17:27:25.011681,16.33459,1.0,0.1,1000,75,1.0,0.1,14.305806167016272,rbf,1000,75,1,0.0019117351050997424,604,"{'alpha_edge': [0, 0.001, 0.1, 1, 10], 'alpha_neuron': [0, 0.001, 0.1, 1, 10], 'layer_width': [100, 250, 500, 750, 1000], 'num_inducing': [10, 25, 50, 75, 100]}",COMPLETE,
605,0.0071333827410653364,2026-07-26 17:27:25.016900,2026-07-26 17:27:26.670798,1.653898,1.0,0.1,250,25,1.0,0.1,1.396535167004913,rbf,250,25,1,0.0071333827410653364,605,"{'alpha_edge': [0, 0.001, 0.1, 1, 10], 'alpha_neuron': [0, 0.001, 0.1, 1, 10], 'layer_width': [100, 250, 500, 750, 1000], 'num_inducing': [10, 25, 50, 75, 100]}",COMPLETE,
606,0.01405120628925698,2026-07-26 17:27:26.674125,2026-07-26 17:27:30.407259,3.733134,0.0,10.0,750,10,0.0,10.0,3.366214832989499,rbf,750,10,1,0.01405120628925698,606,"{'alpha_edge': [0, 0.001, 0.1, 1, 10], 'alpha_neuron': [0, 0.001, 0.1, 1, 10], 'layer_width': [100, 250, 500, 750, 1000], 'num_inducing': [10, 25, 50, 75, 100]}",COMPLETE,
607,0.051342291964892726,2026-07-26 17:27:30.411162,2026-07-26 17:27:49.139124,18.727962,0.0,0.1,1000,50,0.0,0.1,17.354067791020498,rbf,1000,50,1,0.051342291964892726,607,"{'alpha_edge': [0, 0.001, 0.1, 1, 10], 'alpha_neuron': [0, 0.001, 0.1, 1, 10], 'layer_width': [100, 250, 500, 750, 1000], 'num_inducing': [10, 25, 50, 75, 100]}",COMPLETE,
608,0.0006101846768733066,2026-07-26 17:27:49.142356,2026-07-26 17:27:55.125011,5.982655,10.0,0.001,500,50,10.0,0.001,5.257702041999437,rbf,500,50,1,0.0006101846768733066,608,"{'alpha_edge': [0, 0.001, 0.1, 1, 10], 'alpha_neuron': [0, 0.001, 0.1, 1, 10], 'layer_width': [100, 250, 500, 750, 1000], 'num_inducing': [10, 25, 50, 75, 100]}",COMPLETE,
609,0.012272457993949272,2026-07-26 17:27:55.128249,2026-07-26 17:28:00.692719,5.56447,10.0,10.0,750,25,10.0,10.0,4.737671499955468,rbf,750,25,1,0.012272457993949272,609,"{'alpha_edge': [0, 0.001, 0.1, 1, 10], 'alpha_neuron': [0, 0.001, 0.1, 1, 10], 'layer_width': [100, 250, 500, 750, 1000], 'num_inducing': [10, 25, 50, 75, 100]}",COMPLETE,
610,0.0002635775031710914,2026-07-26 17:28:00.695912,2026-07-26 17:28:20.878450,20.182538,0.001,0.001,1000,100,0.001,0.001,17.654885582975112,rbf,1000,100,1,0.0002635775031710914,610,"{'alpha_edge': [0, 0.001, 0.1, 1, 10], 'alpha_neuron': [0, 0.001, 0.1, 1, 10], 'layer_width': [100, 250, 500, 750, 1000], 'num_inducing': [10, 25, 50, 75, 100]}",COMPLETE,
611,0.04229787662830603,2026-07-26 17:28:20.883263,2026-07-26 17:28:30.041046,9.157783,0.0,1.0,500,50,0.0,1.0,8.515955250011757,rbf,500,50,1,0.04229787662830603,611,"{'alpha_edge': [0, 0.001, 0.1, 1, 10], 'alpha_neuron': [0, 0.001, 0.1, 1, 10], 'layer_width': [100, 250, 500, 750, 1000], 'num_inducing': [10, 25, 50, 75, 100]}",COMPLETE,
612,0.01458860042970698,2026-07-26 17:28:30.044078,2026-07-26 17:28:30.798894,0.754816,10.0,0.1,100,25,10.0,0.1,0.6366715829935856,rbf,100,25,1,0.01458860042970698,612,"{'alpha_edge': [0, 0.001, 0.1, 1, 10], 'alpha_neuron': [0, 0.001, 0.1, 1, 10], 'layer_width': [100, 250, 500, 750, 1000], 'num_inducing': [10, 25, 50, 75, 100]}",COMPLETE,
613,0.016139445820247556,2026-07-26 17:28:30.802000,2026-07-26 17:28:34.256943,3.454943,1.0,10.0,500,25,1.0,10.0,2.9744402089854702,rbf,500,25,1,0.016139445820247556,613,"{'alpha_edge': [0, 0.001, 0.1, 1, 10], 'alpha_neuron': [0, 0.001, 0.1, 1, 10], 'layer_width': [100, 250, 500, 750, 1000], 'num_inducing': [10, 25, 50, 75, 100]}",COMPLETE,
614,0.0016519078086924337,2026-07-26 17:28:34.260152,2026-07-26 17:28:44.785820,10.525668,0.1,0.1,500,100,0.1,0.1,9.298630165983923,rbf,500,100,1,0.0016519078086924337,614,"{'alpha_edge': [0, 0.001, 0.1, 1, 10], 'alpha_neuron': [0, 0.001, 0.1, 1, 10], 'layer_width': [100, 250, 500, 750, 1000], 'num_inducing': [10, 25, 50, 75, 100]}",COMPLETE,
615,5.329829563401988e-10,2026-07-26 17:28:44.809561,2026-07-26 17:28:52.970634,8.161073,1.0,0.0,1000,25,1.0,0.0,7.161562249995768,rbf,1000,25,1,5.329829563401988e-10,615,"{'alpha_edge': [0, 0.001, 0.1, 1, 10], 'alpha_neuron': [0, 0.001, 0.1, 1, 10], 'layer_width': [100, 250, 500, 750, 1000], 'num_inducing': [10, 25, 50, 75, 100]}",COMPLETE,
616,0.0375408014225318,2026-07-26 17:28:52.973766,2026-07-26 17:28:53.438056,0.46429,10.0,10.0,100,10,10.0,10.0,0.3639061249559745,rbf,100,10,1,0.0375408014225318,616,"{'alpha_edge': [0, 0.001, 0.1, 1, 10], 'alpha_neuron': [0, 0.001, 0.1, 1, 10], 'layer_width': [100, 250, 500, 750, 1000], 'num_inducing': [10, 25, 50, 75, 100]}",COMPLETE,
617,0.004768656339260659,2026-07-26 17:28:53.442684,2026-07-26 17:29:05.514967,12.072283,1.0,1.0,1000,50,1.0,1.0,10.497488583030645,rbf,1000,50,1,0.004768656339260659,617,"{'alpha_edge': [0, 0.001, 0.1, 1, 10], 'alpha_neuron': [0, 0.001, 0.1, 1, 10], 'layer_width': [100, 250, 500, 750, 1000], 'num_inducing': [10, 25, 50, 75, 100]}",COMPLETE,
618,0.005063176507041843,2026-07-26 17:29:05.518755,2026-07-26 17:29:10.368635,4.84988,0.0,0.1,1000,10,0.0,0.1,4.2984624590026215,rbf,1000,10,1,0.005063176507041843,618,"{'alpha_edge': [0, 0.001, 0.1, 1, 10], 'alpha_neuron': [0, 0.001, 0.1, 1, 10], 'layer_width': [100, 250, 500, 750, 1000], 'num_inducing': [10, 25, 50, 75, 100]}",COMPLETE,
619,0.005880926238574054,2026-07-26 17:29:10.371532,2026-07-26 17:29:31.636286,21.264754,10.0,1.0,1000,100,10.0,1.0,18.80618516699178,rbf,1000,100,1,0.005880926238574054,619,"{'alpha_edge': [0, 0.001, 0.1, 1, 10], 'alpha_neuron': [0, 0.001, 0.1, 1, 10], 'layer_width': [100, 250, 500, 750, 1000], 'num_inducing': [10, 25, 50, 75, 100]}",COMPLETE,
620,0.01031091108557636,2026-07-26 17:29:31.639576,2026-07-26 17:29:32.833830,1.194254,0.1,0.001,100,50,0.1,0.001,1.0159903329913504,rbf,100,50,1,0.01031091108557636,620,"{'alpha_edge': [0, 0.001, 0.1, 1, 10], 'alpha_neuron': [0, 0.001, 0.1, 1, 10], 'layer_width': [100, 250, 500, 750, 1000], 'num_inducing': [10, 25, 50, 75, 100]}",COMPLETE,
621,0.09969382119640388,2026-07-26 17:29:32.836768,2026-07-26 17:29:41.787306,8.950538,0.0,0.0,250,100,0.0,0.0,8.290974333009217,rbf,250,100,1,0.09969382119640388,621,"{'alpha_edge': [0, 0.001, 0.1, 1, 10], 'alpha_neuron': [0, 0.001, 0.1, 1, 10], 'layer_width': [100, 250, 500, 750, 1000], 'num_inducing': [10, 25, 50, 75, 100]}",COMPLETE,
622,0.014909516361757635,2026-07-26 17:29:41.790725,2026-07-26 17:29:46.998295,5.20757,0.1,10.0,250,100,0.1,10.0,4.610308250004891,rbf,250,100,1,0.014909516361757635,622,"{'alpha_edge': [0, 0.001, 0.1, 1, 10], 'alpha_neuron': [0, 0.001, 0.1, 1, 10], 'layer_width': [100, 250, 500, 750, 1000], 'num_inducing': [10, 25, 50, 75, 100]}",COMPLETE,
623,0.0011422892086258068,2026-07-26 17:29:47.002043,2026-07-26 17:29:56.381868,9.379825,0.001,0.1,750,50,0.001,0.1,8.222592666978016,rbf,750,50,1,0.0011422892086258068,623,"{'alpha_edge': [0, 0.001, 0.1, 1, 10], 'alpha_neuron': [0, 0.001, 0.1, 1, 10], 'layer_width': [100, 250, 500, 750, 1000], 'num_inducing': [10, 25, 50, 75, 100]}",COMPLETE,
624,0.00632128872897572,2026-07-26 17:29:56.386049,2026-07-26 17:30:02.136720,5.750671,10.0,0.1,250,100,10.0,0.1,4.967919040995184,rbf,250,100,1,0.00632128872897572,624,"{'alpha_edge': [0, 0.001, 0.1, 1, 10], 'alpha_neuron': [0, 0.001, 0.1, 1, 10], 'layer_width': [100, 250, 500, 750, 1000], 'num_inducing': [10, 25, 50, 75, 100]}",COMPLETE,
