number,value,datetime_start,datetime_complete,duration,params_alpha_edge,params_alpha_neuron,params_kernel_type,params_layer_width,params_num_inducing,user_attrs_alpha_edge,user_attrs_alpha_neuron,fit_duration_sec,kernel_type,user_attrs_layer_width,user_attrs_num_inducing,sigma_scale,val_rmse,system_attrs_grid_id,system_attrs_search_space,state,test_rmse
0,0.13315008931861014,2026-07-30 12:47:27.234028,2026-07-30 12:47:52.114933,24.880905,0.001,0,matern,1000,50,0.001,0,22.895843458012678,matern,1000,50,1,0.13315008931861014,0,"{'alpha_edge': [0, 0.001, 0.1, 1, 10], 'alpha_neuron': [0], 'kernel_type': ['rbf', 'matern', 'periodic'], 'layer_width': [100, 250, 500, 750, 1000], 'num_inducing': [10, 25, 50, 75, 100]}",COMPLETE,
1,0.1677634379045625,2026-07-30 12:47:52.122281,2026-07-30 12:48:05.615439,13.493158,1.0,0,periodic,1000,25,1.0,0,12.243509833991993,periodic,1000,25,1,0.1677634379045625,1,"{'alpha_edge': [0, 0.001, 0.1, 1, 10], 'alpha_neuron': [0], 'kernel_type': ['rbf', 'matern', 'periodic'], 'layer_width': [100, 250, 500, 750, 1000], 'num_inducing': [10, 25, 50, 75, 100]}",COMPLETE,
2,0.1260517350634231,2026-07-30 12:48:05.620296,2026-07-30 12:48:15.544112,9.923816,10.0,0,rbf,500,50,10.0,0,9.175373292004224,rbf,500,50,1,0.1260517350634231,2,"{'alpha_edge': [0, 0.001, 0.1, 1, 10], 'alpha_neuron': [0], 'kernel_type': ['rbf', 'matern', 'periodic'], 'layer_width': [100, 250, 500, 750, 1000], 'num_inducing': [10, 25, 50, 75, 100]}",COMPLETE,
3,0.13300769467835968,2026-07-30 12:48:15.548331,2026-07-30 12:48:18.598174,3.049843,0.1,0,periodic,500,10,0.1,0,2.732157542021014,periodic,500,10,1,0.13300769467835968,3,"{'alpha_edge': [0, 0.001, 0.1, 1, 10], 'alpha_neuron': [0], 'kernel_type': ['rbf', 'matern', 'periodic'], 'layer_width': [100, 250, 500, 750, 1000], 'num_inducing': [10, 25, 50, 75, 100]}",COMPLETE,
4,0.13696567849588906,2026-07-30 12:48:18.602626,2026-07-30 12:48:23.038050,4.435424,0.1,0,periodic,100,100,0.1,0,3.954024375008885,periodic,100,100,1,0.13696567849588906,4,"{'alpha_edge': [0, 0.001, 0.1, 1, 10], 'alpha_neuron': [0], 'kernel_type': ['rbf', 'matern', 'periodic'], 'layer_width': [100, 250, 500, 750, 1000], 'num_inducing': [10, 25, 50, 75, 100]}",COMPLETE,
5,0.1414926024325788,2026-07-30 12:48:23.041589,2026-07-30 12:48:25.342927,2.301338,0.001,0,matern,100,50,0.001,0,2.1213589169783518,matern,100,50,1,0.1414926024325788,5,"{'alpha_edge': [0, 0.001, 0.1, 1, 10], 'alpha_neuron': [0], 'kernel_type': ['rbf', 'matern', 'periodic'], 'layer_width': [100, 250, 500, 750, 1000], 'num_inducing': [10, 25, 50, 75, 100]}",COMPLETE,
6,0.13295826358832818,2026-07-30 12:48:25.347131,2026-07-30 12:49:00.183814,34.836683,1.0,0,rbf,1000,100,1.0,0,32.550957083993126,rbf,1000,100,1,0.13295826358832818,6,"{'alpha_edge': [0, 0.001, 0.1, 1, 10], 'alpha_neuron': [0], 'kernel_type': ['rbf', 'matern', 'periodic'], 'layer_width': [100, 250, 500, 750, 1000], 'num_inducing': [10, 25, 50, 75, 100]}",COMPLETE,
7,0.1361405400062837,2026-07-30 12:49:00.188756,2026-07-30 12:49:07.476017,7.287261,0.001,0,periodic,1000,10,0.001,0,6.741545125027187,periodic,1000,10,1,0.1361405400062837,7,"{'alpha_edge': [0, 0.001, 0.1, 1, 10], 'alpha_neuron': [0], 'kernel_type': ['rbf', 'matern', 'periodic'], 'layer_width': [100, 250, 500, 750, 1000], 'num_inducing': [10, 25, 50, 75, 100]}",COMPLETE,
8,0.141084851666775,2026-07-30 12:49:07.479222,2026-07-30 12:49:08.560508,1.081286,0.001,0,rbf,100,25,0.001,0,1.0104819579864852,rbf,100,25,1,0.141084851666775,8,"{'alpha_edge': [0, 0.001, 0.1, 1, 10], 'alpha_neuron': [0], 'kernel_type': ['rbf', 'matern', 'periodic'], 'layer_width': [100, 250, 500, 750, 1000], 'num_inducing': [10, 25, 50, 75, 100]}",COMPLETE,
9,0.13912015040662706,2026-07-30 12:49:08.563738,2026-07-30 12:49:10.924637,2.360899,0.0,0,periodic,100,50,0.0,0,2.179303875018377,periodic,100,50,1,0.13912015040662706,9,"{'alpha_edge': [0, 0.001, 0.1, 1, 10], 'alpha_neuron': [0], 'kernel_type': ['rbf', 'matern', 'periodic'], 'layer_width': [100, 250, 500, 750, 1000], 'num_inducing': [10, 25, 50, 75, 100]}",COMPLETE,
10,0.1515318512069307,2026-07-30 12:49:10.927914,2026-07-30 12:49:11.471087,0.543173,10.0,0,rbf,100,10,10.0,0,0.5018592089763843,rbf,100,10,1,0.1515318512069307,10,"{'alpha_edge': [0, 0.001, 0.1, 1, 10], 'alpha_neuron': [0], 'kernel_type': ['rbf', 'matern', 'periodic'], 'layer_width': [100, 250, 500, 750, 1000], 'num_inducing': [10, 25, 50, 75, 100]}",COMPLETE,
11,0.13258729903261232,2026-07-30 12:49:11.474238,2026-07-30 12:49:20.787829,9.313591,0.1,0,rbf,1000,25,0.1,0,8.518707416020334,rbf,1000,25,1,0.13258729903261232,11,"{'alpha_edge': [0, 0.001, 0.1, 1, 10], 'alpha_neuron': [0], 'kernel_type': ['rbf', 'matern', 'periodic'], 'layer_width': [100, 250, 500, 750, 1000], 'num_inducing': [10, 25, 50, 75, 100]}",COMPLETE,
12,0.13773652514565676,2026-07-30 12:49:20.791020,2026-07-30 12:49:24.213182,3.422162,0.0,0,periodic,500,10,0.0,0,3.098581042024307,periodic,500,10,1,0.13773652514565676,12,"{'alpha_edge': [0, 0.001, 0.1, 1, 10], 'alpha_neuron': [0], 'kernel_type': ['rbf', 'matern', 'periodic'], 'layer_width': [100, 250, 500, 750, 1000], 'num_inducing': [10, 25, 50, 75, 100]}",COMPLETE,
13,0.13041589214428934,2026-07-30 12:49:24.215966,2026-07-30 12:49:37.149710,12.933744,10.0,0,rbf,750,50,10.0,0,12.014746707980521,rbf,750,50,1,0.13041589214428934,13,"{'alpha_edge': [0, 0.001, 0.1, 1, 10], 'alpha_neuron': [0], 'kernel_type': ['rbf', 'matern', 'periodic'], 'layer_width': [100, 250, 500, 750, 1000], 'num_inducing': [10, 25, 50, 75, 100]}",COMPLETE,
14,0.12896148071240093,2026-07-30 12:49:37.154871,2026-07-30 12:49:39.374953,2.220082,10.0,0,periodic,250,10,10.0,0,2.040633999975398,periodic,250,10,1,0.12896148071240093,14,"{'alpha_edge': [0, 0.001, 0.1, 1, 10], 'alpha_neuron': [0], 'kernel_type': ['rbf', 'matern', 'periodic'], 'layer_width': [100, 250, 500, 750, 1000], 'num_inducing': [10, 25, 50, 75, 100]}",COMPLETE,
15,0.16080713101918243,2026-07-30 12:49:39.378072,2026-07-30 12:49:48.683618,9.305546,0.1,0,periodic,750,25,0.1,0,8.350373000022955,periodic,750,25,1,0.16080713101918243,15,"{'alpha_edge': [0, 0.001, 0.1, 1, 10], 'alpha_neuron': [0], 'kernel_type': ['rbf', 'matern', 'periodic'], 'layer_width': [100, 250, 500, 750, 1000], 'num_inducing': [10, 25, 50, 75, 100]}",COMPLETE,
16,0.14564969758376559,2026-07-30 12:49:48.686910,2026-07-30 12:49:53.244548,4.557638,0.0,0,periodic,100,100,0.0,0,4.085171582992189,periodic,100,100,1,0.14564969758376559,16,"{'alpha_edge': [0, 0.001, 0.1, 1, 10], 'alpha_neuron': [0], 'kernel_type': ['rbf', 'matern', 'periodic'], 'layer_width': [100, 250, 500, 750, 1000], 'num_inducing': [10, 25, 50, 75, 100]}",COMPLETE,
17,0.12992537986346403,2026-07-30 12:49:53.248360,2026-07-30 12:50:12.366582,19.118222,0.1,0,rbf,750,75,0.1,0,17.672858832986094,rbf,750,75,1,0.12992537986346403,17,"{'alpha_edge': [0, 0.001, 0.1, 1, 10], 'alpha_neuron': [0], 'kernel_type': ['rbf', 'matern', 'periodic'], 'layer_width': [100, 250, 500, 750, 1000], 'num_inducing': [10, 25, 50, 75, 100]}",COMPLETE,
18,0.12597577733408247,2026-07-30 12:50:12.371957,2026-07-30 12:50:17.649313,5.277356,10.0,0,matern,500,25,10.0,0,4.85025704203872,matern,500,25,1,0.12597577733408247,18,"{'alpha_edge': [0, 0.001, 0.1, 1, 10], 'alpha_neuron': [0], 'kernel_type': ['rbf', 'matern', 'periodic'], 'layer_width': [100, 250, 500, 750, 1000], 'num_inducing': [10, 25, 50, 75, 100]}",COMPLETE,
19,0.13220559737191254,2026-07-30 12:50:17.652114,2026-07-30 12:50:24.557369,6.905255,10.0,0,rbf,750,25,10.0,0,6.273031999997329,rbf,750,25,1,0.13220559737191254,19,"{'alpha_edge': [0, 0.001, 0.1, 1, 10], 'alpha_neuron': [0], 'kernel_type': ['rbf', 'matern', 'periodic'], 'layer_width': [100, 250, 500, 750, 1000], 'num_inducing': [10, 25, 50, 75, 100]}",COMPLETE,
20,0.1492177044767426,2026-07-30 12:50:24.592911,2026-07-30 12:50:36.932087,12.339176,0.001,0,periodic,1000,25,0.001,0,11.194700666994322,periodic,1000,25,1,0.1492177044767426,20,"{'alpha_edge': [0, 0.001, 0.1, 1, 10], 'alpha_neuron': [0], 'kernel_type': ['rbf', 'matern', 'periodic'], 'layer_width': [100, 250, 500, 750, 1000], 'num_inducing': [10, 25, 50, 75, 100]}",COMPLETE,
21,0.1288403070791225,2026-07-30 12:50:36.937453,2026-07-30 12:50:50.121238,13.183785,0.0,0,matern,500,50,0.0,0,11.59263958397787,matern,500,50,1,0.1288403070791225,21,"{'alpha_edge': [0, 0.001, 0.1, 1, 10], 'alpha_neuron': [0], 'kernel_type': ['rbf', 'matern', 'periodic'], 'layer_width': [100, 250, 500, 750, 1000], 'num_inducing': [10, 25, 50, 75, 100]}",COMPLETE,
22,0.1229588342408568,2026-07-30 12:50:50.148878,2026-07-30 12:50:52.674646,2.525768,1.0,0,rbf,250,25,1.0,0,2.3621679579955526,rbf,250,25,1,0.1229588342408568,22,"{'alpha_edge': [0, 0.001, 0.1, 1, 10], 'alpha_neuron': [0], 'kernel_type': ['rbf', 'matern', 'periodic'], 'layer_width': [100, 250, 500, 750, 1000], 'num_inducing': [10, 25, 50, 75, 100]}",COMPLETE,
23,0.13380598793351203,2026-07-30 12:50:52.677687,2026-07-30 12:51:50.943985,58.266298,0.1,0,matern,1000,100,0.1,0,52.512380167027004,matern,1000,100,1,0.13380598793351203,23,"{'alpha_edge': [0, 0.001, 0.1, 1, 10], 'alpha_neuron': [0], 'kernel_type': ['rbf', 'matern', 'periodic'], 'layer_width': [100, 250, 500, 750, 1000], 'num_inducing': [10, 25, 50, 75, 100]}",COMPLETE,
24,0.1324679313944659,2026-07-30 12:51:50.949058,2026-07-30 12:52:44.330186,53.381128,1.0,0,matern,1000,100,1.0,0,49.296857250039466,matern,1000,100,1,0.1324679313944659,24,"{'alpha_edge': [0, 0.001, 0.1, 1, 10], 'alpha_neuron': [0], 'kernel_type': ['rbf', 'matern', 'periodic'], 'layer_width': [100, 250, 500, 750, 1000], 'num_inducing': [10, 25, 50, 75, 100]}",COMPLETE,
25,0.13638721300386047,2026-07-30 12:52:44.341694,2026-07-30 12:52:47.049932,2.708238,0.001,0,rbf,100,75,0.001,0,2.5033746670233086,rbf,100,75,1,0.13638721300386047,25,"{'alpha_edge': [0, 0.001, 0.1, 1, 10], 'alpha_neuron': [0], 'kernel_type': ['rbf', 'matern', 'periodic'], 'layer_width': [100, 250, 500, 750, 1000], 'num_inducing': [10, 25, 50, 75, 100]}",COMPLETE,
26,0.1343323285603777,2026-07-30 12:52:47.056079,2026-07-30 12:53:23.487264,36.431185,0.1,0,periodic,750,100,0.1,0,32.70800599997165,periodic,750,100,1,0.1343323285603777,26,"{'alpha_edge': [0, 0.001, 0.1, 1, 10], 'alpha_neuron': [0], 'kernel_type': ['rbf', 'matern', 'periodic'], 'layer_width': [100, 250, 500, 750, 1000], 'num_inducing': [10, 25, 50, 75, 100]}",COMPLETE,
27,0.142792793061833,2026-07-30 12:53:23.490601,2026-07-30 12:53:27.408533,3.917932,1.0,0,matern,100,75,1.0,0,3.5368725419975817,matern,100,75,1,0.142792793061833,27,"{'alpha_edge': [0, 0.001, 0.1, 1, 10], 'alpha_neuron': [0], 'kernel_type': ['rbf', 'matern', 'periodic'], 'layer_width': [100, 250, 500, 750, 1000], 'num_inducing': [10, 25, 50, 75, 100]}",COMPLETE,
28,0.12833081104893032,2026-07-30 12:53:27.411847,2026-07-30 12:53:30.747419,3.335572,0.0,0,rbf,250,25,0.0,0,3.079633791989181,rbf,250,25,1,0.12833081104893032,28,"{'alpha_edge': [0, 0.001, 0.1, 1, 10], 'alpha_neuron': [0], 'kernel_type': ['rbf', 'matern', 'periodic'], 'layer_width': [100, 250, 500, 750, 1000], 'num_inducing': [10, 25, 50, 75, 100]}",COMPLETE,
29,0.14623712304895195,2026-07-30 12:53:30.755147,2026-07-30 12:53:32.145713,1.390566,0.0,0,rbf,100,25,0.0,0,1.2730903329793364,rbf,100,25,1,0.14623712304895195,29,"{'alpha_edge': [0, 0.001, 0.1, 1, 10], 'alpha_neuron': [0], 'kernel_type': ['rbf', 'matern', 'periodic'], 'layer_width': [100, 250, 500, 750, 1000], 'num_inducing': [10, 25, 50, 75, 100]}",COMPLETE,
30,0.18948032855697183,2026-07-30 12:53:32.159568,2026-07-30 12:53:55.349319,23.189751,10.0,0,periodic,500,100,10.0,0,21.370563708012924,periodic,500,100,1,0.18948032855697183,30,"{'alpha_edge': [0, 0.001, 0.1, 1, 10], 'alpha_neuron': [0], 'kernel_type': ['rbf', 'matern', 'periodic'], 'layer_width': [100, 250, 500, 750, 1000], 'num_inducing': [10, 25, 50, 75, 100]}",COMPLETE,
31,0.12878983288587792,2026-07-30 12:53:55.352386,2026-07-30 12:54:09.056776,13.70439,0.001,0,rbf,500,100,0.001,0,12.679921665985603,rbf,500,100,1,0.12878983288587792,31,"{'alpha_edge': [0, 0.001, 0.1, 1, 10], 'alpha_neuron': [0], 'kernel_type': ['rbf', 'matern', 'periodic'], 'layer_width': [100, 250, 500, 750, 1000], 'num_inducing': [10, 25, 50, 75, 100]}",COMPLETE,
32,0.1969374018492577,2026-07-30 12:54:09.059545,2026-07-30 12:54:13.599210,4.539665,0.0,0,periodic,750,10,0.0,0,4.094687708013225,periodic,750,10,1,0.1969374018492577,32,"{'alpha_edge': [0, 0.001, 0.1, 1, 10], 'alpha_neuron': [0], 'kernel_type': ['rbf', 'matern', 'periodic'], 'layer_width': [100, 250, 500, 750, 1000], 'num_inducing': [10, 25, 50, 75, 100]}",COMPLETE,
33,0.1393575038221653,2026-07-30 12:54:13.602886,2026-07-30 12:54:52.446895,38.844009,0.1,0,periodic,1000,75,0.1,0,35.387154957978055,periodic,1000,75,1,0.1393575038221653,33,"{'alpha_edge': [0, 0.001, 0.1, 1, 10], 'alpha_neuron': [0], 'kernel_type': ['rbf', 'matern', 'periodic'], 'layer_width': [100, 250, 500, 750, 1000], 'num_inducing': [10, 25, 50, 75, 100]}",COMPLETE,
34,0.12897134919142028,2026-07-30 12:54:52.450696,2026-07-30 12:54:58.724480,6.273784,0.001,0,periodic,500,25,0.001,0,5.596891249995679,periodic,500,25,1,0.12897134919142028,34,"{'alpha_edge': [0, 0.001, 0.1, 1, 10], 'alpha_neuron': [0], 'kernel_type': ['rbf', 'matern', 'periodic'], 'layer_width': [100, 250, 500, 750, 1000], 'num_inducing': [10, 25, 50, 75, 100]}",COMPLETE,
35,0.12222809004478266,2026-07-30 12:54:58.727988,2026-07-30 12:55:07.805757,9.077769,10.0,0,rbf,250,100,10.0,0,8.447254291037098,rbf,250,100,1,0.12222809004478266,35,"{'alpha_edge': [0, 0.001, 0.1, 1, 10], 'alpha_neuron': [0], 'kernel_type': ['rbf', 'matern', 'periodic'], 'layer_width': [100, 250, 500, 750, 1000], 'num_inducing': [10, 25, 50, 75, 100]}",COMPLETE,
36,0.12632285737664498,2026-07-30 12:55:07.813724,2026-07-30 12:55:16.791833,8.978109,0.1,0,rbf,500,50,0.1,0,8.1643548340071,rbf,500,50,1,0.12632285737664498,36,"{'alpha_edge': [0, 0.001, 0.1, 1, 10], 'alpha_neuron': [0], 'kernel_type': ['rbf', 'matern', 'periodic'], 'layer_width': [100, 250, 500, 750, 1000], 'num_inducing': [10, 25, 50, 75, 100]}",COMPLETE,
37,0.13192456181505632,2026-07-30 12:55:16.796168,2026-07-30 12:55:54.417861,37.621693,0.001,0,periodic,750,100,0.001,0,34.32649783301167,periodic,750,100,1,0.13192456181505632,37,"{'alpha_edge': [0, 0.001, 0.1, 1, 10], 'alpha_neuron': [0], 'kernel_type': ['rbf', 'matern', 'periodic'], 'layer_width': [100, 250, 500, 750, 1000], 'num_inducing': [10, 25, 50, 75, 100]}",COMPLETE,
38,0.1275928923229023,2026-07-30 12:55:54.422063,2026-07-30 12:55:57.084014,2.661951,0.0,0,rbf,500,10,0.0,0,2.4932967079803348,rbf,500,10,1,0.1275928923229023,38,"{'alpha_edge': [0, 0.001, 0.1, 1, 10], 'alpha_neuron': [0], 'kernel_type': ['rbf', 'matern', 'periodic'], 'layer_width': [100, 250, 500, 750, 1000], 'num_inducing': [10, 25, 50, 75, 100]}",COMPLETE,
39,0.14246794024925732,2026-07-30 12:55:57.088488,2026-07-30 12:55:58.279005,1.190517,0.0,0,matern,100,25,0.0,0,1.108778333000373,matern,100,25,1,0.14246794024925732,39,"{'alpha_edge': [0, 0.001, 0.1, 1, 10], 'alpha_neuron': [0], 'kernel_type': ['rbf', 'matern', 'periodic'], 'layer_width': [100, 250, 500, 750, 1000], 'num_inducing': [10, 25, 50, 75, 100]}",COMPLETE,
40,0.13657238236714483,2026-07-30 12:55:58.282011,2026-07-30 12:56:44.076309,45.794298,0.0,0,periodic,1000,100,0.0,0,41.428796000021975,periodic,1000,100,1,0.13657238236714483,40,"{'alpha_edge': [0, 0.001, 0.1, 1, 10], 'alpha_neuron': [0], 'kernel_type': ['rbf', 'matern', 'periodic'], 'layer_width': [100, 250, 500, 750, 1000], 'num_inducing': [10, 25, 50, 75, 100]}",COMPLETE,
41,0.12819912595034727,2026-07-30 12:56:44.079539,2026-07-30 12:56:46.428327,2.348788,10.0,0,rbf,250,25,10.0,0,2.1445977080147713,rbf,250,25,1,0.12819912595034727,41,"{'alpha_edge': [0, 0.001, 0.1, 1, 10], 'alpha_neuron': [0], 'kernel_type': ['rbf', 'matern', 'periodic'], 'layer_width': [100, 250, 500, 750, 1000], 'num_inducing': [10, 25, 50, 75, 100]}",COMPLETE,
42,0.1251871290632742,2026-07-30 12:56:46.431585,2026-07-30 12:56:49.046504,2.614919,10.0,0,rbf,500,10,10.0,0,2.450354334025178,rbf,500,10,1,0.1251871290632742,42,"{'alpha_edge': [0, 0.001, 0.1, 1, 10], 'alpha_neuron': [0], 'kernel_type': ['rbf', 'matern', 'periodic'], 'layer_width': [100, 250, 500, 750, 1000], 'num_inducing': [10, 25, 50, 75, 100]}",COMPLETE,
43,0.22114000529372338,2026-07-30 12:56:49.049678,2026-07-30 12:57:35.164030,46.114352,10.0,0,periodic,1000,100,10.0,0,41.688107041991316,periodic,1000,100,1,0.22114000529372338,43,"{'alpha_edge': [0, 0.001, 0.1, 1, 10], 'alpha_neuron': [0], 'kernel_type': ['rbf', 'matern', 'periodic'], 'layer_width': [100, 250, 500, 750, 1000], 'num_inducing': [10, 25, 50, 75, 100]}",COMPLETE,
44,0.13525876511103663,2026-07-30 12:57:35.170428,2026-07-30 12:57:41.289628,6.1192,0.0,0,matern,1000,10,0.0,0,5.687465625000186,matern,1000,10,1,0.13525876511103663,44,"{'alpha_edge': [0, 0.001, 0.1, 1, 10], 'alpha_neuron': [0], 'kernel_type': ['rbf', 'matern', 'periodic'], 'layer_width': [100, 250, 500, 750, 1000], 'num_inducing': [10, 25, 50, 75, 100]}",COMPLETE,
45,0.13346945581011663,2026-07-30 12:57:41.296413,2026-07-30 12:57:45.316493,4.02008,0.0,0,rbf,750,10,0.0,0,3.7425727500231005,rbf,750,10,1,0.13346945581011663,45,"{'alpha_edge': [0, 0.001, 0.1, 1, 10], 'alpha_neuron': [0], 'kernel_type': ['rbf', 'matern', 'periodic'], 'layer_width': [100, 250, 500, 750, 1000], 'num_inducing': [10, 25, 50, 75, 100]}",COMPLETE,
46,0.12988765040908498,2026-07-30 12:57:45.325401,2026-07-30 12:57:53.920818,8.595417,1.0,0,matern,750,25,1.0,0,7.764152499963529,matern,750,25,1,0.12988765040908498,46,"{'alpha_edge': [0, 0.001, 0.1, 1, 10], 'alpha_neuron': [0], 'kernel_type': ['rbf', 'matern', 'periodic'], 'layer_width': [100, 250, 500, 750, 1000], 'num_inducing': [10, 25, 50, 75, 100]}",COMPLETE,
47,0.6992919274416501,2026-07-30 12:57:53.923892,2026-07-30 12:58:06.961667,13.037775,10.0,0,periodic,1000,25,10.0,0,11.756885250040796,periodic,1000,25,1,0.6992919274416501,47,"{'alpha_edge': [0, 0.001, 0.1, 1, 10], 'alpha_neuron': [0], 'kernel_type': ['rbf', 'matern', 'periodic'], 'layer_width': [100, 250, 500, 750, 1000], 'num_inducing': [10, 25, 50, 75, 100]}",COMPLETE,
48,0.13192756194489635,2026-07-30 12:58:06.964715,2026-07-30 12:58:08.374040,1.409325,0.0,0,rbf,250,10,0.0,0,1.3176657499861903,rbf,250,10,1,0.13192756194489635,48,"{'alpha_edge': [0, 0.001, 0.1, 1, 10], 'alpha_neuron': [0], 'kernel_type': ['rbf', 'matern', 'periodic'], 'layer_width': [100, 250, 500, 750, 1000], 'num_inducing': [10, 25, 50, 75, 100]}",COMPLETE,
49,0.13258327132771455,2026-07-30 12:58:08.377287,2026-07-30 12:58:34.734203,26.356916,0.0,0,periodic,750,75,0.0,0,23.56336404097965,periodic,750,75,1,0.13258327132771455,49,"{'alpha_edge': [0, 0.001, 0.1, 1, 10], 'alpha_neuron': [0], 'kernel_type': ['rbf', 'matern', 'periodic'], 'layer_width': [100, 250, 500, 750, 1000], 'num_inducing': [10, 25, 50, 75, 100]}",COMPLETE,
50,0.12706181166385197,2026-07-30 12:58:34.738919,2026-07-30 12:58:36.172218,1.433299,1.0,0,rbf,250,10,1.0,0,1.364040707994718,rbf,250,10,1,0.12706181166385197,50,"{'alpha_edge': [0, 0.001, 0.1, 1, 10], 'alpha_neuron': [0], 'kernel_type': ['rbf', 'matern', 'periodic'], 'layer_width': [100, 250, 500, 750, 1000], 'num_inducing': [10, 25, 50, 75, 100]}",COMPLETE,
51,0.13107991094086943,2026-07-30 12:58:36.175411,2026-07-30 12:58:40.958834,4.783423,0.0,0,rbf,250,50,0.0,0,4.427916249958798,rbf,250,50,1,0.13107991094086943,51,"{'alpha_edge': [0, 0.001, 0.1, 1, 10], 'alpha_neuron': [0], 'kernel_type': ['rbf', 'matern', 'periodic'], 'layer_width': [100, 250, 500, 750, 1000], 'num_inducing': [10, 25, 50, 75, 100]}",COMPLETE,
52,0.12573088166643887,2026-07-30 12:58:40.962122,2026-07-30 12:58:50.067714,9.105592,1.0,0,rbf,500,50,1.0,0,8.380746957962401,rbf,500,50,1,0.12573088166643887,52,"{'alpha_edge': [0, 0.001, 0.1, 1, 10], 'alpha_neuron': [0], 'kernel_type': ['rbf', 'matern', 'periodic'], 'layer_width': [100, 250, 500, 750, 1000], 'num_inducing': [10, 25, 50, 75, 100]}",COMPLETE,
53,0.12345734249722178,2026-07-30 12:58:50.072677,2026-07-30 12:58:53.078985,3.006308,0.1,0,matern,250,25,0.1,0,2.758589042001404,matern,250,25,1,0.12345734249722178,53,"{'alpha_edge': [0, 0.001, 0.1, 1, 10], 'alpha_neuron': [0], 'kernel_type': ['rbf', 'matern', 'periodic'], 'layer_width': [100, 250, 500, 750, 1000], 'num_inducing': [10, 25, 50, 75, 100]}",COMPLETE,
54,0.12918486923967765,2026-07-30 12:58:53.094995,2026-07-30 12:59:05.432671,12.337676,0.0,0,periodic,250,100,0.0,0,11.034183999989182,periodic,250,100,1,0.12918486923967765,54,"{'alpha_edge': [0, 0.001, 0.1, 1, 10], 'alpha_neuron': [0], 'kernel_type': ['rbf', 'matern', 'periodic'], 'layer_width': [100, 250, 500, 750, 1000], 'num_inducing': [10, 25, 50, 75, 100]}",COMPLETE,
55,0.13531269663919257,2026-07-30 12:59:05.435658,2026-07-30 12:59:29.975319,24.539661,1.0,0,matern,1000,50,1.0,0,22.19565995800076,matern,1000,50,1,0.13531269663919257,55,"{'alpha_edge': [0, 0.001, 0.1, 1, 10], 'alpha_neuron': [0], 'kernel_type': ['rbf', 'matern', 'periodic'], 'layer_width': [100, 250, 500, 750, 1000], 'num_inducing': [10, 25, 50, 75, 100]}",COMPLETE,
56,0.13019476009744899,2026-07-30 12:59:29.978982,2026-07-30 12:59:44.734523,14.755541,0.001,0,rbf,750,50,0.001,0,13.643185875029303,rbf,750,50,1,0.13019476009744899,56,"{'alpha_edge': [0, 0.001, 0.1, 1, 10], 'alpha_neuron': [0], 'kernel_type': ['rbf', 'matern', 'periodic'], 'layer_width': [100, 250, 500, 750, 1000], 'num_inducing': [10, 25, 50, 75, 100]}",COMPLETE,
57,0.1578789807098019,2026-07-30 12:59:44.739215,2026-07-30 12:59:52.009429,7.270214,0.0,0,rbf,1000,10,0.0,0,6.268250332970638,rbf,1000,10,1,0.1578789807098019,57,"{'alpha_edge': [0, 0.001, 0.1, 1, 10], 'alpha_neuron': [0], 'kernel_type': ['rbf', 'matern', 'periodic'], 'layer_width': [100, 250, 500, 750, 1000], 'num_inducing': [10, 25, 50, 75, 100]}",COMPLETE,
58,0.1282335969691722,2026-07-30 12:59:52.012845,2026-07-30 12:59:57.064037,5.051192,0.001,0,rbf,750,10,0.001,0,4.406490041001234,rbf,750,10,1,0.1282335969691722,58,"{'alpha_edge': [0, 0.001, 0.1, 1, 10], 'alpha_neuron': [0], 'kernel_type': ['rbf', 'matern', 'periodic'], 'layer_width': [100, 250, 500, 750, 1000], 'num_inducing': [10, 25, 50, 75, 100]}",COMPLETE,
59,0.13472206538422357,2026-07-30 12:59:57.069598,2026-07-30 13:00:07.347016,10.277418,0.001,0,periodic,750,25,0.001,0,9.222114666015841,periodic,750,25,1,0.13472206538422357,59,"{'alpha_edge': [0, 0.001, 0.1, 1, 10], 'alpha_neuron': [0], 'kernel_type': ['rbf', 'matern', 'periodic'], 'layer_width': [100, 250, 500, 750, 1000], 'num_inducing': [10, 25, 50, 75, 100]}",COMPLETE,
60,0.14462483332389445,2026-07-30 13:00:07.350057,2026-07-30 13:00:57.626886,50.276829,0.1,0,periodic,1000,100,0.1,0,45.16138745797798,periodic,1000,100,1,0.14462483332389445,60,"{'alpha_edge': [0, 0.001, 0.1, 1, 10], 'alpha_neuron': [0], 'kernel_type': ['rbf', 'matern', 'periodic'], 'layer_width': [100, 250, 500, 750, 1000], 'num_inducing': [10, 25, 50, 75, 100]}",COMPLETE,
61,0.13945391833920154,2026-07-30 13:00:57.631481,2026-07-30 13:00:58.372290,0.740809,1.0,0,matern,100,10,1.0,0,0.6745570420171134,matern,100,10,1,0.13945391833920154,61,"{'alpha_edge': [0, 0.001, 0.1, 1, 10], 'alpha_neuron': [0], 'kernel_type': ['rbf', 'matern', 'periodic'], 'layer_width': [100, 250, 500, 750, 1000], 'num_inducing': [10, 25, 50, 75, 100]}",COMPLETE,
62,0.1270896552558322,2026-07-30 13:00:58.375946,2026-07-30 13:01:16.455508,18.079562,1.0,0,rbf,500,100,1.0,0,16.737627000024077,rbf,500,100,1,0.1270896552558322,62,"{'alpha_edge': [0, 0.001, 0.1, 1, 10], 'alpha_neuron': [0], 'kernel_type': ['rbf', 'matern', 'periodic'], 'layer_width': [100, 250, 500, 750, 1000], 'num_inducing': [10, 25, 50, 75, 100]}",COMPLETE,
63,0.13647307519707674,2026-07-30 13:01:16.464535,2026-07-30 13:01:48.939026,32.474491,0.1,0,matern,1000,75,0.1,0,29.62706370797241,matern,1000,75,1,0.13647307519707674,63,"{'alpha_edge': [0, 0.001, 0.1, 1, 10], 'alpha_neuron': [0], 'kernel_type': ['rbf', 'matern', 'periodic'], 'layer_width': [100, 250, 500, 750, 1000], 'num_inducing': [10, 25, 50, 75, 100]}",COMPLETE,
64,0.13468442946390316,2026-07-30 13:01:48.943310,2026-07-30 13:01:54.663825,5.720515,1.0,0,rbf,1000,10,1.0,0,5.348156750027556,rbf,1000,10,1,0.13468442946390316,64,"{'alpha_edge': [0, 0.001, 0.1, 1, 10], 'alpha_neuron': [0], 'kernel_type': ['rbf', 'matern', 'periodic'], 'layer_width': [100, 250, 500, 750, 1000], 'num_inducing': [10, 25, 50, 75, 100]}",COMPLETE,
65,0.1278720940220302,2026-07-30 13:01:54.669987,2026-07-30 13:02:18.417727,23.74774,0.0,0,periodic,500,100,0.0,0,21.165284791961312,periodic,500,100,1,0.1278720940220302,65,"{'alpha_edge': [0, 0.001, 0.1, 1, 10], 'alpha_neuron': [0], 'kernel_type': ['rbf', 'matern', 'periodic'], 'layer_width': [100, 250, 500, 750, 1000], 'num_inducing': [10, 25, 50, 75, 100]}",COMPLETE,
66,0.13221025976295972,2026-07-30 13:02:18.422298,2026-07-30 13:02:20.213307,1.791009,0.0,0,periodic,250,10,0.0,0,1.6243019580142573,periodic,250,10,1,0.13221025976295972,66,"{'alpha_edge': [0, 0.001, 0.1, 1, 10], 'alpha_neuron': [0], 'kernel_type': ['rbf', 'matern', 'periodic'], 'layer_width': [100, 250, 500, 750, 1000], 'num_inducing': [10, 25, 50, 75, 100]}",COMPLETE,
67,0.13680387687329215,2026-07-30 13:02:20.218536,2026-07-30 13:02:26.640144,6.421608,1.0,0,matern,1000,10,1.0,0,5.921760416007601,matern,1000,10,1,0.13680387687329215,67,"{'alpha_edge': [0, 0.001, 0.1, 1, 10], 'alpha_neuron': [0], 'kernel_type': ['rbf', 'matern', 'periodic'], 'layer_width': [100, 250, 500, 750, 1000], 'num_inducing': [10, 25, 50, 75, 100]}",COMPLETE,
68,0.16871678434647294,2026-07-30 13:02:26.643557,2026-07-30 13:02:40.096739,13.453182,0.1,0,periodic,1000,25,0.1,0,11.982080125017092,periodic,1000,25,1,0.16871678434647294,68,"{'alpha_edge': [0, 0.001, 0.1, 1, 10], 'alpha_neuron': [0], 'kernel_type': ['rbf', 'matern', 'periodic'], 'layer_width': [100, 250, 500, 750, 1000], 'num_inducing': [10, 25, 50, 75, 100]}",COMPLETE,
69,0.13563576173649863,2026-07-30 13:02:40.101845,2026-07-30 13:02:49.962984,9.861139,1.0,0,rbf,1000,25,1.0,0,8.996312792005483,rbf,1000,25,1,0.13563576173649863,69,"{'alpha_edge': [0, 0.001, 0.1, 1, 10], 'alpha_neuron': [0], 'kernel_type': ['rbf', 'matern', 'periodic'], 'layer_width': [100, 250, 500, 750, 1000], 'num_inducing': [10, 25, 50, 75, 100]}",COMPLETE,
70,0.13285717212947926,2026-07-30 13:02:49.968960,2026-07-30 13:03:15.836496,25.867536,0.1,0,rbf,1000,75,0.1,0,23.872923791001085,rbf,1000,75,1,0.13285717212947926,70,"{'alpha_edge': [0, 0.001, 0.1, 1, 10], 'alpha_neuron': [0], 'kernel_type': ['rbf', 'matern', 'periodic'], 'layer_width': [100, 250, 500, 750, 1000], 'num_inducing': [10, 25, 50, 75, 100]}",COMPLETE,
71,0.1289003442495884,2026-07-30 13:03:15.877008,2026-07-30 13:03:19.106155,3.229147,0.0,0,periodic,250,25,0.0,0,2.8881410000030883,periodic,250,25,1,0.1289003442495884,71,"{'alpha_edge': [0, 0.001, 0.1, 1, 10], 'alpha_neuron': [0], 'kernel_type': ['rbf', 'matern', 'periodic'], 'layer_width': [100, 250, 500, 750, 1000], 'num_inducing': [10, 25, 50, 75, 100]}",COMPLETE,
72,0.13525261057828275,2026-07-30 13:03:19.109366,2026-07-30 13:03:25.804418,6.695052,0.0,0,rbf,250,75,0.0,0,6.210128791979514,rbf,250,75,1,0.13525261057828275,72,"{'alpha_edge': [0, 0.001, 0.1, 1, 10], 'alpha_neuron': [0], 'kernel_type': ['rbf', 'matern', 'periodic'], 'layer_width': [100, 250, 500, 750, 1000], 'num_inducing': [10, 25, 50, 75, 100]}",COMPLETE,
73,0.1259656239317484,2026-07-30 13:03:25.807656,2026-07-30 13:03:27.558265,1.750609,1.0,0,periodic,250,10,1.0,0,1.6147954170010053,periodic,250,10,1,0.1259656239317484,73,"{'alpha_edge': [0, 0.001, 0.1, 1, 10], 'alpha_neuron': [0], 'kernel_type': ['rbf', 'matern', 'periodic'], 'layer_width': [100, 250, 500, 750, 1000], 'num_inducing': [10, 25, 50, 75, 100]}",COMPLETE,
74,0.1658950274149153,2026-07-30 13:03:27.561886,2026-07-30 13:04:14.026536,46.46465,1.0,0,periodic,1000,100,1.0,0,41.93058987503173,periodic,1000,100,1,0.1658950274149153,74,"{'alpha_edge': [0, 0.001, 0.1, 1, 10], 'alpha_neuron': [0], 'kernel_type': ['rbf', 'matern', 'periodic'], 'layer_width': [100, 250, 500, 750, 1000], 'num_inducing': [10, 25, 50, 75, 100]}",COMPLETE,
75,0.1288663461388666,2026-07-30 13:04:14.029791,2026-07-30 13:04:23.126045,9.096254,0.1,0,matern,750,25,0.1,0,8.311538208974525,matern,750,25,1,0.1288663461388666,75,"{'alpha_edge': [0, 0.001, 0.1, 1, 10], 'alpha_neuron': [0], 'kernel_type': ['rbf', 'matern', 'periodic'], 'layer_width': [100, 250, 500, 750, 1000], 'num_inducing': [10, 25, 50, 75, 100]}",COMPLETE,
76,0.13538596130852343,2026-07-30 13:04:23.129799,2026-07-30 13:04:32.321108,9.191309,1.0,0,periodic,250,75,1.0,0,8.147586917039007,periodic,250,75,1,0.13538596130852343,76,"{'alpha_edge': [0, 0.001, 0.1, 1, 10], 'alpha_neuron': [0], 'kernel_type': ['rbf', 'matern', 'periodic'], 'layer_width': [100, 250, 500, 750, 1000], 'num_inducing': [10, 25, 50, 75, 100]}",COMPLETE,
77,0.13860967391925902,2026-07-30 13:04:32.323927,2026-07-30 13:04:45.017684,12.693757,1.0,0,matern,1000,25,1.0,0,11.604512834048364,matern,1000,25,1,0.13860967391925902,77,"{'alpha_edge': [0, 0.001, 0.1, 1, 10], 'alpha_neuron': [0], 'kernel_type': ['rbf', 'matern', 'periodic'], 'layer_width': [100, 250, 500, 750, 1000], 'num_inducing': [10, 25, 50, 75, 100]}",COMPLETE,
78,0.13086203790163492,2026-07-30 13:04:45.021274,2026-07-30 13:05:02.903208,17.881934,0.1,0,periodic,500,75,0.1,0,15.998788791010156,periodic,500,75,1,0.13086203790163492,78,"{'alpha_edge': [0, 0.001, 0.1, 1, 10], 'alpha_neuron': [0], 'kernel_type': ['rbf', 'matern', 'periodic'], 'layer_width': [100, 250, 500, 750, 1000], 'num_inducing': [10, 25, 50, 75, 100]}",COMPLETE,
79,0.13079902557540116,2026-07-30 13:05:02.906660,2026-07-30 13:05:21.129428,18.222768,0.0,0,periodic,500,75,0.0,0,16.180200540984515,periodic,500,75,1,0.13079902557540116,79,"{'alpha_edge': [0, 0.001, 0.1, 1, 10], 'alpha_neuron': [0], 'kernel_type': ['rbf', 'matern', 'periodic'], 'layer_width': [100, 250, 500, 750, 1000], 'num_inducing': [10, 25, 50, 75, 100]}",COMPLETE,
80,0.12869913675219893,2026-07-30 13:05:21.132356,2026-07-30 13:05:33.160884,12.028528,0.001,0,periodic,250,100,0.001,0,10.827954041014891,periodic,250,100,1,0.12869913675219893,80,"{'alpha_edge': [0, 0.001, 0.1, 1, 10], 'alpha_neuron': [0], 'kernel_type': ['rbf', 'matern', 'periodic'], 'layer_width': [100, 250, 500, 750, 1000], 'num_inducing': [10, 25, 50, 75, 100]}",COMPLETE,
81,0.12726761150449156,2026-07-30 13:05:33.163922,2026-07-30 13:05:56.011324,22.847402,1.0,0,matern,500,100,1.0,0,20.855862749973312,matern,500,100,1,0.12726761150449156,81,"{'alpha_edge': [0, 0.001, 0.1, 1, 10], 'alpha_neuron': [0], 'kernel_type': ['rbf', 'matern', 'periodic'], 'layer_width': [100, 250, 500, 750, 1000], 'num_inducing': [10, 25, 50, 75, 100]}",COMPLETE,
82,0.12263994366310997,2026-07-30 13:05:56.014854,2026-07-30 13:05:58.539803,2.524949,0.001,0,rbf,250,25,0.001,0,2.328166291001253,rbf,250,25,1,0.12263994366310997,82,"{'alpha_edge': [0, 0.001, 0.1, 1, 10], 'alpha_neuron': [0], 'kernel_type': ['rbf', 'matern', 'periodic'], 'layer_width': [100, 250, 500, 750, 1000], 'num_inducing': [10, 25, 50, 75, 100]}",COMPLETE,
83,0.13651532135889388,2026-07-30 13:05:58.543775,2026-07-30 13:06:36.173999,37.630224,10.0,0,rbf,1000,100,10.0,0,34.70397429197328,rbf,1000,100,1,0.13651532135889388,83,"{'alpha_edge': [0, 0.001, 0.1, 1, 10], 'alpha_neuron': [0], 'kernel_type': ['rbf', 'matern', 'periodic'], 'layer_width': [100, 250, 500, 750, 1000], 'num_inducing': [10, 25, 50, 75, 100]}",COMPLETE,
84,0.12786423814773992,2026-07-30 13:06:36.177837,2026-07-30 13:06:40.180918,4.003081,0.001,0,matern,250,25,0.001,0,3.6994352089823224,matern,250,25,1,0.12786423814773992,84,"{'alpha_edge': [0, 0.001, 0.1, 1, 10], 'alpha_neuron': [0], 'kernel_type': ['rbf', 'matern', 'periodic'], 'layer_width': [100, 250, 500, 750, 1000], 'num_inducing': [10, 25, 50, 75, 100]}",COMPLETE,
85,0.14348179516610876,2026-07-30 13:06:40.189245,2026-07-30 13:06:44.252251,4.063006,1.0,0,rbf,100,100,1.0,0,3.73932691704249,rbf,100,100,1,0.14348179516610876,85,"{'alpha_edge': [0, 0.001, 0.1, 1, 10], 'alpha_neuron': [0], 'kernel_type': ['rbf', 'matern', 'periodic'], 'layer_width': [100, 250, 500, 750, 1000], 'num_inducing': [10, 25, 50, 75, 100]}",COMPLETE,
86,224.9813529813602,2026-07-30 13:06:44.255782,2026-07-30 13:06:54.894268,10.638486,0.0,0,rbf,1000,25,0.0,0,9.712093124981038,rbf,1000,25,1,224.9813529813602,86,"{'alpha_edge': [0, 0.001, 0.1, 1, 10], 'alpha_neuron': [0], 'kernel_type': ['rbf', 'matern', 'periodic'], 'layer_width': [100, 250, 500, 750, 1000], 'num_inducing': [10, 25, 50, 75, 100]}",COMPLETE,
87,0.14292899812270826,2026-07-30 13:06:54.897466,2026-07-30 13:06:55.436623,0.539157,0.1,0,rbf,100,10,0.1,0,0.503295167000033,rbf,100,10,1,0.14292899812270826,87,"{'alpha_edge': [0, 0.001, 0.1, 1, 10], 'alpha_neuron': [0], 'kernel_type': ['rbf', 'matern', 'periodic'], 'layer_width': [100, 250, 500, 750, 1000], 'num_inducing': [10, 25, 50, 75, 100]}",COMPLETE,
88,0.13419182188312376,2026-07-30 13:06:55.451225,2026-07-30 13:07:01.475013,6.023788,0.1,0,rbf,100,75,0.1,0,5.7332719580153935,rbf,100,75,1,0.13419182188312376,88,"{'alpha_edge': [0, 0.001, 0.1, 1, 10], 'alpha_neuron': [0], 'kernel_type': ['rbf', 'matern', 'periodic'], 'layer_width': [100, 250, 500, 750, 1000], 'num_inducing': [10, 25, 50, 75, 100]}",COMPLETE,
89,0.13548726055394666,2026-07-30 13:07:01.478035,2026-07-30 13:07:51.731494,50.253459,0.0,0,matern,1000,100,0.0,0,46.017093540984206,matern,1000,100,1,0.13548726055394666,89,"{'alpha_edge': [0, 0.001, 0.1, 1, 10], 'alpha_neuron': [0], 'kernel_type': ['rbf', 'matern', 'periodic'], 'layer_width': [100, 250, 500, 750, 1000], 'num_inducing': [10, 25, 50, 75, 100]}",COMPLETE,
90,0.15107470213181523,2026-07-30 13:07:51.736794,2026-07-30 13:07:56.482105,4.745311,10.0,0,matern,100,100,10.0,0,4.2424453329877,matern,100,100,1,0.15107470213181523,90,"{'alpha_edge': [0, 0.001, 0.1, 1, 10], 'alpha_neuron': [0], 'kernel_type': ['rbf', 'matern', 'periodic'], 'layer_width': [100, 250, 500, 750, 1000], 'num_inducing': [10, 25, 50, 75, 100]}",COMPLETE,
91,0.14279304677375926,2026-07-30 13:07:56.485711,2026-07-30 13:08:33.034574,36.548863,10.0,0,periodic,750,100,10.0,0,33.02999125001952,periodic,750,100,1,0.14279304677375926,91,"{'alpha_edge': [0, 0.001, 0.1, 1, 10], 'alpha_neuron': [0], 'kernel_type': ['rbf', 'matern', 'periodic'], 'layer_width': [100, 250, 500, 750, 1000], 'num_inducing': [10, 25, 50, 75, 100]}",COMPLETE,
92,0.1383401597424286,2026-07-30 13:08:33.147140,2026-07-30 13:08:33.854770,0.70763,1.0,0,periodic,100,10,1.0,0,0.6363242919906043,periodic,100,10,1,0.1383401597424286,92,"{'alpha_edge': [0, 0.001, 0.1, 1, 10], 'alpha_neuron': [0], 'kernel_type': ['rbf', 'matern', 'periodic'], 'layer_width': [100, 250, 500, 750, 1000], 'num_inducing': [10, 25, 50, 75, 100]}",COMPLETE,
93,0.13937081661831316,2026-07-30 13:08:33.871980,2026-07-30 13:08:36.410554,2.538574,1.0,0,rbf,100,75,1.0,0,2.29327441600617,rbf,100,75,1,0.13937081661831316,93,"{'alpha_edge': [0, 0.001, 0.1, 1, 10], 'alpha_neuron': [0], 'kernel_type': ['rbf', 'matern', 'periodic'], 'layer_width': [100, 250, 500, 750, 1000], 'num_inducing': [10, 25, 50, 75, 100]}",COMPLETE,
94,0.1743342158059714,2026-07-30 13:08:36.420967,2026-07-30 13:08:42.630286,6.209319,1.0,0,periodic,500,25,1.0,0,5.463684250018559,periodic,500,25,1,0.1743342158059714,94,"{'alpha_edge': [0, 0.001, 0.1, 1, 10], 'alpha_neuron': [0], 'kernel_type': ['rbf', 'matern', 'periodic'], 'layer_width': [100, 250, 500, 750, 1000], 'num_inducing': [10, 25, 50, 75, 100]}",COMPLETE,
95,0.13512219309241189,2026-07-30 13:08:42.635462,2026-07-30 13:09:35.526801,52.891339,10.0,0,matern,1000,100,10.0,0,48.30465379200177,matern,1000,100,1,0.13512219309241189,95,"{'alpha_edge': [0, 0.001, 0.1, 1, 10], 'alpha_neuron': [0], 'kernel_type': ['rbf', 'matern', 'periodic'], 'layer_width': [100, 250, 500, 750, 1000], 'num_inducing': [10, 25, 50, 75, 100]}",COMPLETE,
96,0.13420882279972135,2026-07-30 13:09:35.556392,2026-07-30 13:10:24.012162,48.45577,0.001,0,matern,1000,100,0.001,0,44.054024624987505,matern,1000,100,1,0.13420882279972135,96,"{'alpha_edge': [0, 0.001, 0.1, 1, 10], 'alpha_neuron': [0], 'kernel_type': ['rbf', 'matern', 'periodic'], 'layer_width': [100, 250, 500, 750, 1000], 'num_inducing': [10, 25, 50, 75, 100]}",COMPLETE,
97,0.2874501134462448,2026-07-30 13:10:24.017753,2026-07-30 13:10:44.828983,20.81123,0.0,0,rbf,1000,50,0.0,0,18.99318766698707,rbf,1000,50,1,0.2874501134462448,97,"{'alpha_edge': [0, 0.001, 0.1, 1, 10], 'alpha_neuron': [0], 'kernel_type': ['rbf', 'matern', 'periodic'], 'layer_width': [100, 250, 500, 750, 1000], 'num_inducing': [10, 25, 50, 75, 100]}",COMPLETE,
98,0.23333116186561537,2026-07-30 13:10:44.835000,2026-07-30 13:10:50.742740,5.90774,0.1,0,periodic,750,10,0.1,0,5.393045207951218,periodic,750,10,1,0.23333116186561537,98,"{'alpha_edge': [0, 0.001, 0.1, 1, 10], 'alpha_neuron': [0], 'kernel_type': ['rbf', 'matern', 'periodic'], 'layer_width': [100, 250, 500, 750, 1000], 'num_inducing': [10, 25, 50, 75, 100]}",COMPLETE,
99,0.14306707795783913,2026-07-30 13:10:50.745863,2026-07-30 13:10:51.430701,0.684838,0.001,0,matern,100,10,0.001,0,0.6085492499987595,matern,100,10,1,0.14306707795783913,99,"{'alpha_edge': [0, 0.001, 0.1, 1, 10], 'alpha_neuron': [0], 'kernel_type': ['rbf', 'matern', 'periodic'], 'layer_width': [100, 250, 500, 750, 1000], 'num_inducing': [10, 25, 50, 75, 100]}",COMPLETE,
100,0.1309800933888794,2026-07-30 13:10:51.433591,2026-07-30 13:11:06.011077,14.577486,0.1,0,rbf,750,50,0.1,0,13.502662499959115,rbf,750,50,1,0.1309800933888794,100,"{'alpha_edge': [0, 0.001, 0.1, 1, 10], 'alpha_neuron': [0], 'kernel_type': ['rbf', 'matern', 'periodic'], 'layer_width': [100, 250, 500, 750, 1000], 'num_inducing': [10, 25, 50, 75, 100]}",COMPLETE,
101,0.12921648373125813,2026-07-30 13:11:06.016417,2026-07-30 13:11:24.153340,18.136923,0.001,0,periodic,750,50,0.001,0,16.33425462502055,periodic,750,50,1,0.12921648373125813,101,"{'alpha_edge': [0, 0.001, 0.1, 1, 10], 'alpha_neuron': [0], 'kernel_type': ['rbf', 'matern', 'periodic'], 'layer_width': [100, 250, 500, 750, 1000], 'num_inducing': [10, 25, 50, 75, 100]}",COMPLETE,
102,0.1269737780435951,2026-07-30 13:11:24.158847,2026-07-30 13:11:29.909478,5.750631,0.001,0,periodic,250,50,0.001,0,5.1415149589884095,periodic,250,50,1,0.1269737780435951,102,"{'alpha_edge': [0, 0.001, 0.1, 1, 10], 'alpha_neuron': [0], 'kernel_type': ['rbf', 'matern', 'periodic'], 'layer_width': [100, 250, 500, 750, 1000], 'num_inducing': [10, 25, 50, 75, 100]}",COMPLETE,
103,0.2548693860819541,2026-07-30 13:11:29.912638,2026-07-30 13:11:39.461573,9.548935,0.0,0,periodic,750,25,0.0,0,8.607558207993861,periodic,750,25,1,0.2548693860819541,103,"{'alpha_edge': [0, 0.001, 0.1, 1, 10], 'alpha_neuron': [0], 'kernel_type': ['rbf', 'matern', 'periodic'], 'layer_width': [100, 250, 500, 750, 1000], 'num_inducing': [10, 25, 50, 75, 100]}",COMPLETE,
104,0.13681832542024547,2026-07-30 13:11:39.466916,2026-07-30 13:11:44.714367,5.247451,0.001,0,periodic,750,10,0.001,0,4.720667207962833,periodic,750,10,1,0.13681832542024547,104,"{'alpha_edge': [0, 0.001, 0.1, 1, 10], 'alpha_neuron': [0], 'kernel_type': ['rbf', 'matern', 'periodic'], 'layer_width': [100, 250, 500, 750, 1000], 'num_inducing': [10, 25, 50, 75, 100]}",COMPLETE,
105,0.12676791793266579,2026-07-30 13:11:44.717757,2026-07-30 13:11:53.346742,8.628985,0.0,0,rbf,500,50,0.0,0,7.980794542003423,rbf,500,50,1,0.12676791793266579,105,"{'alpha_edge': [0, 0.001, 0.1, 1, 10], 'alpha_neuron': [0], 'kernel_type': ['rbf', 'matern', 'periodic'], 'layer_width': [100, 250, 500, 750, 1000], 'num_inducing': [10, 25, 50, 75, 100]}",COMPLETE,
106,0.13629973556605143,2026-07-30 13:11:53.352092,2026-07-30 13:11:54.586701,1.234609,0.001,0,matern,100,25,0.001,0,1.1372107499628328,matern,100,25,1,0.13629973556605143,106,"{'alpha_edge': [0, 0.001, 0.1, 1, 10], 'alpha_neuron': [0], 'kernel_type': ['rbf', 'matern', 'periodic'], 'layer_width': [100, 250, 500, 750, 1000], 'num_inducing': [10, 25, 50, 75, 100]}",COMPLETE,
107,0.20428609603949555,2026-07-30 13:11:54.590664,2026-07-30 13:12:01.328317,6.737653,10.0,0,periodic,1000,10,10.0,0,6.116527292004321,periodic,1000,10,1,0.20428609603949555,107,"{'alpha_edge': [0, 0.001, 0.1, 1, 10], 'alpha_neuron': [0], 'kernel_type': ['rbf', 'matern', 'periodic'], 'layer_width': [100, 250, 500, 750, 1000], 'num_inducing': [10, 25, 50, 75, 100]}",COMPLETE,
108,0.15287488313792097,2026-07-30 13:12:01.333567,2026-07-30 13:12:23.837469,22.503902,1.0,0,periodic,500,100,1.0,0,20.126323500007857,periodic,500,100,1,0.15287488313792097,108,"{'alpha_edge': [0, 0.001, 0.1, 1, 10], 'alpha_neuron': [0], 'kernel_type': ['rbf', 'matern', 'periodic'], 'layer_width': [100, 250, 500, 750, 1000], 'num_inducing': [10, 25, 50, 75, 100]}",COMPLETE,
109,0.15335445351069912,2026-07-30 13:12:23.842221,2026-07-30 13:12:26.302136,2.459915,10.0,0,rbf,100,75,10.0,0,2.273797417001333,rbf,100,75,1,0.15335445351069912,109,"{'alpha_edge': [0, 0.001, 0.1, 1, 10], 'alpha_neuron': [0], 'kernel_type': ['rbf', 'matern', 'periodic'], 'layer_width': [100, 250, 500, 750, 1000], 'num_inducing': [10, 25, 50, 75, 100]}",COMPLETE,
110,0.1469284255104735,2026-07-30 13:12:26.306801,2026-07-30 13:12:26.951547,0.644746,10.0,0,matern,100,10,10.0,0,0.5915390840382315,matern,100,10,1,0.1469284255104735,110,"{'alpha_edge': [0, 0.001, 0.1, 1, 10], 'alpha_neuron': [0], 'kernel_type': ['rbf', 'matern', 'periodic'], 'layer_width': [100, 250, 500, 750, 1000], 'num_inducing': [10, 25, 50, 75, 100]}",COMPLETE,
111,0.13294379771677198,2026-07-30 13:12:26.954254,2026-07-30 13:12:39.065505,12.111251,0.0,0,rbf,750,50,0.0,0,11.060242375009693,rbf,750,50,1,0.13294379771677198,111,"{'alpha_edge': [0, 0.001, 0.1, 1, 10], 'alpha_neuron': [0], 'kernel_type': ['rbf', 'matern', 'periodic'], 'layer_width': [100, 250, 500, 750, 1000], 'num_inducing': [10, 25, 50, 75, 100]}",COMPLETE,
112,0.15276827692087266,2026-07-30 13:12:39.068818,2026-07-30 13:12:40.746678,1.67786,10.0,0,rbf,100,50,10.0,0,1.5529204169870354,rbf,100,50,1,0.15276827692087266,112,"{'alpha_edge': [0, 0.001, 0.1, 1, 10], 'alpha_neuron': [0], 'kernel_type': ['rbf', 'matern', 'periodic'], 'layer_width': [100, 250, 500, 750, 1000], 'num_inducing': [10, 25, 50, 75, 100]}",COMPLETE,
113,0.12194562109556864,2026-07-30 13:12:40.751748,2026-07-30 13:12:42.062721,1.310973,0.1,0,rbf,250,10,0.1,0,1.208932541019749,rbf,250,10,1,0.12194562109556864,113,"{'alpha_edge': [0, 0.001, 0.1, 1, 10], 'alpha_neuron': [0], 'kernel_type': ['rbf', 'matern', 'periodic'], 'layer_width': [100, 250, 500, 750, 1000], 'num_inducing': [10, 25, 50, 75, 100]}",COMPLETE,
114,0.12979504650173554,2026-07-30 13:12:42.067573,2026-07-30 13:12:57.941733,15.87416,0.001,0,matern,500,75,0.001,0,14.4015669170185,matern,500,75,1,0.12979504650173554,114,"{'alpha_edge': [0, 0.001, 0.1, 1, 10], 'alpha_neuron': [0], 'kernel_type': ['rbf', 'matern', 'periodic'], 'layer_width': [100, 250, 500, 750, 1000], 'num_inducing': [10, 25, 50, 75, 100]}",COMPLETE,
115,0.12146218583490244,2026-07-30 13:12:57.944953,2026-07-30 13:13:06.997633,9.05268,0.1,0,rbf,250,100,0.1,0,8.411982957972214,rbf,250,100,1,0.12146218583490244,115,"{'alpha_edge': [0, 0.001, 0.1, 1, 10], 'alpha_neuron': [0], 'kernel_type': ['rbf', 'matern', 'periodic'], 'layer_width': [100, 250, 500, 750, 1000], 'num_inducing': [10, 25, 50, 75, 100]}",COMPLETE,0.06545710978436935
116,0.13023752669738975,2026-07-30 13:13:07.001051,2026-07-30 13:13:25.503052,18.502001,10.0,0,rbf,750,75,10.0,0,17.04170666600112,rbf,750,75,1,0.13023752669738975,116,"{'alpha_edge': [0, 0.001, 0.1, 1, 10], 'alpha_neuron': [0], 'kernel_type': ['rbf', 'matern', 'periodic'], 'layer_width': [100, 250, 500, 750, 1000], 'num_inducing': [10, 25, 50, 75, 100]}",COMPLETE,
117,0.12859507919594387,2026-07-30 13:13:25.508416,2026-07-30 13:13:46.452937,20.944521,0.001,0,matern,500,100,0.001,0,19.008750250039157,matern,500,100,1,0.12859507919594387,117,"{'alpha_edge': [0, 0.001, 0.1, 1, 10], 'alpha_neuron': [0], 'kernel_type': ['rbf', 'matern', 'periodic'], 'layer_width': [100, 250, 500, 750, 1000], 'num_inducing': [10, 25, 50, 75, 100]}",COMPLETE,
118,0.14497476709671528,2026-07-30 13:13:46.456221,2026-07-30 13:13:50.827706,4.371485,1.0,0,matern,100,100,1.0,0,3.960336583026219,matern,100,100,1,0.14497476709671528,118,"{'alpha_edge': [0, 0.001, 0.1, 1, 10], 'alpha_neuron': [0], 'kernel_type': ['rbf', 'matern', 'periodic'], 'layer_width': [100, 250, 500, 750, 1000], 'num_inducing': [10, 25, 50, 75, 100]}",COMPLETE,
119,0.13807462868992673,2026-07-30 13:13:50.833288,2026-07-30 13:13:54.290019,3.456731,0.001,0,matern,100,75,0.001,0,3.0540282500442117,matern,100,75,1,0.13807462868992673,119,"{'alpha_edge': [0, 0.001, 0.1, 1, 10], 'alpha_neuron': [0], 'kernel_type': ['rbf', 'matern', 'periodic'], 'layer_width': [100, 250, 500, 750, 1000], 'num_inducing': [10, 25, 50, 75, 100]}",COMPLETE,
120,0.12170493514596274,2026-07-30 13:13:54.294561,2026-07-30 13:14:00.786360,6.491799,0.1,0,rbf,250,75,0.1,0,5.978215790994,rbf,250,75,1,0.12170493514596274,120,"{'alpha_edge': [0, 0.001, 0.1, 1, 10], 'alpha_neuron': [0], 'kernel_type': ['rbf', 'matern', 'periodic'], 'layer_width': [100, 250, 500, 750, 1000], 'num_inducing': [10, 25, 50, 75, 100]}",COMPLETE,
121,0.12795671634850128,2026-07-30 13:14:00.790581,2026-07-30 13:14:09.561471,8.77089,0.1,0,periodic,250,75,0.1,0,7.696152999997139,periodic,250,75,1,0.12795671634850128,121,"{'alpha_edge': [0, 0.001, 0.1, 1, 10], 'alpha_neuron': [0], 'kernel_type': ['rbf', 'matern', 'periodic'], 'layer_width': [100, 250, 500, 750, 1000], 'num_inducing': [10, 25, 50, 75, 100]}",COMPLETE,
122,0.12807799487095908,2026-07-30 13:14:09.564888,2026-07-30 13:14:14.390461,4.825573,10.0,0,rbf,500,25,10.0,0,4.351917499967385,rbf,500,25,1,0.12807799487095908,122,"{'alpha_edge': [0, 0.001, 0.1, 1, 10], 'alpha_neuron': [0], 'kernel_type': ['rbf', 'matern', 'periodic'], 'layer_width': [100, 250, 500, 750, 1000], 'num_inducing': [10, 25, 50, 75, 100]}",COMPLETE,
123,0.14882807495372974,2026-07-30 13:14:14.393427,2026-07-30 13:14:17.680173,3.286746,0.001,0,periodic,500,10,0.001,0,2.9078184160171077,periodic,500,10,1,0.14882807495372974,123,"{'alpha_edge': [0, 0.001, 0.1, 1, 10], 'alpha_neuron': [0], 'kernel_type': ['rbf', 'matern', 'periodic'], 'layer_width': [100, 250, 500, 750, 1000], 'num_inducing': [10, 25, 50, 75, 100]}",COMPLETE,
124,0.1291232937829975,2026-07-30 13:14:17.684981,2026-07-30 13:14:26.016315,8.331334,0.001,0,matern,750,25,0.001,0,7.566496415995061,matern,750,25,1,0.1291232937829975,124,"{'alpha_edge': [0, 0.001, 0.1, 1, 10], 'alpha_neuron': [0], 'kernel_type': ['rbf', 'matern', 'periodic'], 'layer_width': [100, 250, 500, 750, 1000], 'num_inducing': [10, 25, 50, 75, 100]}",COMPLETE,
125,0.13246758921074997,2026-07-30 13:14:26.019435,2026-07-30 13:14:37.672816,11.653381,10.0,0,periodic,500,50,10.0,0,10.452227208006661,periodic,500,50,1,0.13246758921074997,125,"{'alpha_edge': [0, 0.001, 0.1, 1, 10], 'alpha_neuron': [0], 'kernel_type': ['rbf', 'matern', 'periodic'], 'layer_width': [100, 250, 500, 750, 1000], 'num_inducing': [10, 25, 50, 75, 100]}",COMPLETE,
126,0.12332533776321485,2026-07-30 13:14:37.675952,2026-07-30 13:14:42.006363,4.330411,10.0,0,rbf,250,50,10.0,0,3.945439874951262,rbf,250,50,1,0.12332533776321485,126,"{'alpha_edge': [0, 0.001, 0.1, 1, 10], 'alpha_neuron': [0], 'kernel_type': ['rbf', 'matern', 'periodic'], 'layer_width': [100, 250, 500, 750, 1000], 'num_inducing': [10, 25, 50, 75, 100]}",COMPLETE,
127,0.1336520093629315,2026-07-30 13:14:42.009412,2026-07-30 13:14:48.330627,6.321215,0.001,0,matern,1000,10,0.001,0,5.79648304102011,matern,1000,10,1,0.1336520093629315,127,"{'alpha_edge': [0, 0.001, 0.1, 1, 10], 'alpha_neuron': [0], 'kernel_type': ['rbf', 'matern', 'periodic'], 'layer_width': [100, 250, 500, 750, 1000], 'num_inducing': [10, 25, 50, 75, 100]}",COMPLETE,
128,0.1686609914445483,2026-07-30 13:14:48.334674,2026-07-30 13:14:53.663748,5.329074,10.0,0,periodic,750,10,10.0,0,4.7382969169993885,periodic,750,10,1,0.1686609914445483,128,"{'alpha_edge': [0, 0.001, 0.1, 1, 10], 'alpha_neuron': [0], 'kernel_type': ['rbf', 'matern', 'periodic'], 'layer_width': [100, 250, 500, 750, 1000], 'num_inducing': [10, 25, 50, 75, 100]}",COMPLETE,
129,0.12642881563406044,2026-07-30 13:14:53.667402,2026-07-30 13:14:56.189374,2.521972,1.0,0,rbf,500,10,1.0,0,2.3584856250090525,rbf,500,10,1,0.12642881563406044,129,"{'alpha_edge': [0, 0.001, 0.1, 1, 10], 'alpha_neuron': [0], 'kernel_type': ['rbf', 'matern', 'periodic'], 'layer_width': [100, 250, 500, 750, 1000], 'num_inducing': [10, 25, 50, 75, 100]}",COMPLETE,
130,0.12751900931336216,2026-07-30 13:14:56.192138,2026-07-30 13:14:57.426272,1.234134,1.0,0,periodic,100,25,1.0,0,1.0965600830386393,periodic,100,25,1,0.12751900931336216,130,"{'alpha_edge': [0, 0.001, 0.1, 1, 10], 'alpha_neuron': [0], 'kernel_type': ['rbf', 'matern', 'periodic'], 'layer_width': [100, 250, 500, 750, 1000], 'num_inducing': [10, 25, 50, 75, 100]}",COMPLETE,
131,0.12632824555459382,2026-07-30 13:14:57.429135,2026-07-30 13:15:09.647953,12.218818,10.0,0,rbf,500,75,10.0,0,11.282653875008691,rbf,500,75,1,0.12632824555459382,131,"{'alpha_edge': [0, 0.001, 0.1, 1, 10], 'alpha_neuron': [0], 'kernel_type': ['rbf', 'matern', 'periodic'], 'layer_width': [100, 250, 500, 750, 1000], 'num_inducing': [10, 25, 50, 75, 100]}",COMPLETE,
132,0.13512929319220499,2026-07-30 13:15:09.651375,2026-07-30 13:15:11.000916,1.349541,0.001,0,periodic,100,25,0.001,0,1.209730667003896,periodic,100,25,1,0.13512929319220499,132,"{'alpha_edge': [0, 0.001, 0.1, 1, 10], 'alpha_neuron': [0], 'kernel_type': ['rbf', 'matern', 'periodic'], 'layer_width': [100, 250, 500, 750, 1000], 'num_inducing': [10, 25, 50, 75, 100]}",COMPLETE,
133,0.1437875678759572,2026-07-30 13:15:11.004560,2026-07-30 13:15:18.017902,7.013342,0.1,0,periodic,1000,10,0.1,0,6.405865166976582,periodic,1000,10,1,0.1437875678759572,133,"{'alpha_edge': [0, 0.001, 0.1, 1, 10], 'alpha_neuron': [0], 'kernel_type': ['rbf', 'matern', 'periodic'], 'layer_width': [100, 250, 500, 750, 1000], 'num_inducing': [10, 25, 50, 75, 100]}",COMPLETE,
134,0.14429253807065182,2026-07-30 13:15:18.021287,2026-07-30 13:15:43.816240,25.794953,1.0,0,periodic,750,75,1.0,0,22.923489500011783,periodic,750,75,1,0.14429253807065182,134,"{'alpha_edge': [0, 0.001, 0.1, 1, 10], 'alpha_neuron': [0], 'kernel_type': ['rbf', 'matern', 'periodic'], 'layer_width': [100, 250, 500, 750, 1000], 'num_inducing': [10, 25, 50, 75, 100]}",COMPLETE,
135,0.14680191576279636,2026-07-30 13:15:43.819404,2026-07-30 13:15:44.843784,1.02438,10.0,0,rbf,100,25,10.0,0,0.9512463330174796,rbf,100,25,1,0.14680191576279636,135,"{'alpha_edge': [0, 0.001, 0.1, 1, 10], 'alpha_neuron': [0], 'kernel_type': ['rbf', 'matern', 'periodic'], 'layer_width': [100, 250, 500, 750, 1000], 'num_inducing': [10, 25, 50, 75, 100]}",COMPLETE,
136,0.1280597268295062,2026-07-30 13:15:44.848886,2026-07-30 13:15:56.702655,11.853769,0.001,0,periodic,250,75,0.001,0,10.899330666987225,periodic,250,75,1,0.1280597268295062,136,"{'alpha_edge': [0, 0.001, 0.1, 1, 10], 'alpha_neuron': [0], 'kernel_type': ['rbf', 'matern', 'periodic'], 'layer_width': [100, 250, 500, 750, 1000], 'num_inducing': [10, 25, 50, 75, 100]}",COMPLETE,
137,0.12878935062687757,2026-07-30 13:15:56.705933,2026-07-30 13:16:06.663505,9.957572,0.0,0,matern,250,75,0.0,0,9.176766165997833,matern,250,75,1,0.12878935062687757,137,"{'alpha_edge': [0, 0.001, 0.1, 1, 10], 'alpha_neuron': [0], 'kernel_type': ['rbf', 'matern', 'periodic'], 'layer_width': [100, 250, 500, 750, 1000], 'num_inducing': [10, 25, 50, 75, 100]}",COMPLETE,
138,0.1333446314499058,2026-07-30 13:16:06.667141,2026-07-30 13:16:10.650333,3.983192,10.0,0,periodic,100,75,10.0,0,3.572846000024583,periodic,100,75,1,0.1333446314499058,138,"{'alpha_edge': [0, 0.001, 0.1, 1, 10], 'alpha_neuron': [0], 'kernel_type': ['rbf', 'matern', 'periodic'], 'layer_width': [100, 250, 500, 750, 1000], 'num_inducing': [10, 25, 50, 75, 100]}",COMPLETE,
139,0.12656069103643253,2026-07-30 13:16:10.653611,2026-07-30 13:16:22.601280,11.947669,0.0,0,matern,250,100,0.0,0,10.857707166054752,matern,250,100,1,0.12656069103643253,139,"{'alpha_edge': [0, 0.001, 0.1, 1, 10], 'alpha_neuron': [0], 'kernel_type': ['rbf', 'matern', 'periodic'], 'layer_width': [100, 250, 500, 750, 1000], 'num_inducing': [10, 25, 50, 75, 100]}",COMPLETE,
140,0.13008588619578346,2026-07-30 13:16:22.605033,2026-07-30 13:17:08.565389,45.960356,1.0,0,matern,750,100,1.0,0,42.572879374958575,matern,750,100,1,0.13008588619578346,140,"{'alpha_edge': [0, 0.001, 0.1, 1, 10], 'alpha_neuron': [0], 'kernel_type': ['rbf', 'matern', 'periodic'], 'layer_width': [100, 250, 500, 750, 1000], 'num_inducing': [10, 25, 50, 75, 100]}",COMPLETE,
141,0.1381071576669685,2026-07-30 13:17:08.571893,2026-07-30 13:17:33.040876,24.468983,0.001,0,rbf,1000,50,0.001,0,23.2962191249826,rbf,1000,50,1,0.1381071576669685,141,"{'alpha_edge': [0, 0.001, 0.1, 1, 10], 'alpha_neuron': [0], 'kernel_type': ['rbf', 'matern', 'periodic'], 'layer_width': [100, 250, 500, 750, 1000], 'num_inducing': [10, 25, 50, 75, 100]}",COMPLETE,
142,0.1252202304242069,2026-07-30 13:17:33.057736,2026-07-30 13:17:35.533872,2.476136,0.001,0,rbf,500,10,0.001,0,2.2973115839995444,rbf,500,10,1,0.1252202304242069,142,"{'alpha_edge': [0, 0.001, 0.1, 1, 10], 'alpha_neuron': [0], 'kernel_type': ['rbf', 'matern', 'periodic'], 'layer_width': [100, 250, 500, 750, 1000], 'num_inducing': [10, 25, 50, 75, 100]}",COMPLETE,
143,0.14469349687730107,2026-07-30 13:17:35.536855,2026-07-30 13:17:36.026435,0.48958,1.0,0,rbf,100,10,1.0,0,0.43828491697786376,rbf,100,10,1,0.14469349687730107,143,"{'alpha_edge': [0, 0.001, 0.1, 1, 10], 'alpha_neuron': [0], 'kernel_type': ['rbf', 'matern', 'periodic'], 'layer_width': [100, 250, 500, 750, 1000], 'num_inducing': [10, 25, 50, 75, 100]}",COMPLETE,
144,0.1270048906282473,2026-07-30 13:17:36.029659,2026-07-30 13:17:51.106258,15.076599,0.1,0,rbf,500,100,0.1,0,13.896579666994512,rbf,500,100,1,0.1270048906282473,144,"{'alpha_edge': [0, 0.001, 0.1, 1, 10], 'alpha_neuron': [0], 'kernel_type': ['rbf', 'matern', 'periodic'], 'layer_width': [100, 250, 500, 750, 1000], 'num_inducing': [10, 25, 50, 75, 100]}",COMPLETE,
145,0.13277878452462138,2026-07-30 13:17:51.109722,2026-07-30 13:17:56.277034,5.167312,0.1,0,rbf,1000,10,0.1,0,4.710377499985043,rbf,1000,10,1,0.13277878452462138,145,"{'alpha_edge': [0, 0.001, 0.1, 1, 10], 'alpha_neuron': [0], 'kernel_type': ['rbf', 'matern', 'periodic'], 'layer_width': [100, 250, 500, 750, 1000], 'num_inducing': [10, 25, 50, 75, 100]}",COMPLETE,
146,0.1319536014382288,2026-07-30 13:17:56.284304,2026-07-30 13:18:13.047832,16.763528,10.0,0,periodic,750,25,10.0,0,15.930157541995868,periodic,750,25,1,0.1319536014382288,146,"{'alpha_edge': [0, 0.001, 0.1, 1, 10], 'alpha_neuron': [0], 'kernel_type': ['rbf', 'matern', 'periodic'], 'layer_width': [100, 250, 500, 750, 1000], 'num_inducing': [10, 25, 50, 75, 100]}",COMPLETE,
147,0.13745800959070165,2026-07-30 13:18:13.051312,2026-07-30 13:18:23.581446,10.530134,0.1,0,matern,1000,25,0.1,0,9.71005774999503,matern,1000,25,1,0.13745800959070165,147,"{'alpha_edge': [0, 0.001, 0.1, 1, 10], 'alpha_neuron': [0], 'kernel_type': ['rbf', 'matern', 'periodic'], 'layer_width': [100, 250, 500, 750, 1000], 'num_inducing': [10, 25, 50, 75, 100]}",COMPLETE,
148,0.14708366242975415,2026-07-30 13:18:23.584439,2026-07-30 13:18:24.503640,0.919201,0.1,0,matern,100,25,0.1,0,0.8460467500262894,matern,100,25,1,0.14708366242975415,148,"{'alpha_edge': [0, 0.001, 0.1, 1, 10], 'alpha_neuron': [0], 'kernel_type': ['rbf', 'matern', 'periodic'], 'layer_width': [100, 250, 500, 750, 1000], 'num_inducing': [10, 25, 50, 75, 100]}",COMPLETE,
149,0.12862665334036774,2026-07-30 13:18:24.506541,2026-07-30 13:18:30.978013,6.471472,0.001,0,matern,250,75,0.001,0,5.792126166983508,matern,250,75,1,0.12862665334036774,149,"{'alpha_edge': [0, 0.001, 0.1, 1, 10], 'alpha_neuron': [0], 'kernel_type': ['rbf', 'matern', 'periodic'], 'layer_width': [100, 250, 500, 750, 1000], 'num_inducing': [10, 25, 50, 75, 100]}",COMPLETE,
150,0.1353668976016574,2026-07-30 13:18:30.980996,2026-07-30 13:18:40.931416,9.95042,0.0,0,matern,1000,25,0.0,0,9.156199083023239,matern,1000,25,1,0.1353668976016574,150,"{'alpha_edge': [0, 0.001, 0.1, 1, 10], 'alpha_neuron': [0], 'kernel_type': ['rbf', 'matern', 'periodic'], 'layer_width': [100, 250, 500, 750, 1000], 'num_inducing': [10, 25, 50, 75, 100]}",COMPLETE,
151,0.18527877383839197,2026-07-30 13:18:40.934502,2026-07-30 13:19:11.395519,30.461017,1.0,0,periodic,1000,75,1.0,0,27.371270874980837,periodic,1000,75,1,0.18527877383839197,151,"{'alpha_edge': [0, 0.001, 0.1, 1, 10], 'alpha_neuron': [0], 'kernel_type': ['rbf', 'matern', 'periodic'], 'layer_width': [100, 250, 500, 750, 1000], 'num_inducing': [10, 25, 50, 75, 100]}",COMPLETE,
152,0.1301017421705646,2026-07-30 13:19:11.398627,2026-07-30 13:19:30.593706,19.195079,10.0,0,matern,750,75,10.0,0,17.521355666976888,matern,750,75,1,0.1301017421705646,152,"{'alpha_edge': [0, 0.001, 0.1, 1, 10], 'alpha_neuron': [0], 'kernel_type': ['rbf', 'matern', 'periodic'], 'layer_width': [100, 250, 500, 750, 1000], 'num_inducing': [10, 25, 50, 75, 100]}",COMPLETE,
153,0.132239257415512,2026-07-30 13:19:30.596757,2026-07-30 13:19:34.104818,3.508061,0.1,0,matern,750,10,0.1,0,3.245438291982282,matern,750,10,1,0.132239257415512,153,"{'alpha_edge': [0, 0.001, 0.1, 1, 10], 'alpha_neuron': [0], 'kernel_type': ['rbf', 'matern', 'periodic'], 'layer_width': [100, 250, 500, 750, 1000], 'num_inducing': [10, 25, 50, 75, 100]}",COMPLETE,
154,0.14790480740254883,2026-07-30 13:19:34.107739,2026-07-30 13:20:01.914392,27.806653,0.0,0,periodic,1000,75,0.0,0,24.85435858304845,periodic,1000,75,1,0.14790480740254883,154,"{'alpha_edge': [0, 0.001, 0.1, 1, 10], 'alpha_neuron': [0], 'kernel_type': ['rbf', 'matern', 'periodic'], 'layer_width': [100, 250, 500, 750, 1000], 'num_inducing': [10, 25, 50, 75, 100]}",COMPLETE,
155,0.12882712754903294,2026-07-30 13:20:01.918701,2026-07-30 13:20:13.662799,11.744098,0.001,0,periodic,500,50,0.001,0,10.68527333298698,periodic,500,50,1,0.12882712754903294,155,"{'alpha_edge': [0, 0.001, 0.1, 1, 10], 'alpha_neuron': [0], 'kernel_type': ['rbf', 'matern', 'periodic'], 'layer_width': [100, 250, 500, 750, 1000], 'num_inducing': [10, 25, 50, 75, 100]}",COMPLETE,
156,0.12779214763806354,2026-07-30 13:20:13.665643,2026-07-30 13:20:16.610448,2.944805,10.0,0,periodic,250,25,10.0,0,2.5621374170295894,periodic,250,25,1,0.12779214763806354,156,"{'alpha_edge': [0, 0.001, 0.1, 1, 10], 'alpha_neuron': [0], 'kernel_type': ['rbf', 'matern', 'periodic'], 'layer_width': [100, 250, 500, 750, 1000], 'num_inducing': [10, 25, 50, 75, 100]}",COMPLETE,
157,0.13996426437850362,2026-07-30 13:20:16.615918,2026-07-30 13:20:17.309785,0.693867,0.1,0,matern,100,10,0.1,0,0.6421621249755844,matern,100,10,1,0.13996426437850362,157,"{'alpha_edge': [0, 0.001, 0.1, 1, 10], 'alpha_neuron': [0], 'kernel_type': ['rbf', 'matern', 'periodic'], 'layer_width': [100, 250, 500, 750, 1000], 'num_inducing': [10, 25, 50, 75, 100]}",COMPLETE,
158,0.1704679525070123,2026-07-30 13:20:17.312882,2026-07-30 13:20:22.745422,5.43254,10.0,0,matern,750,10,10.0,0,4.972196790971793,matern,750,10,1,0.1704679525070123,158,"{'alpha_edge': [0, 0.001, 0.1, 1, 10], 'alpha_neuron': [0], 'kernel_type': ['rbf', 'matern', 'periodic'], 'layer_width': [100, 250, 500, 750, 1000], 'num_inducing': [10, 25, 50, 75, 100]}",COMPLETE,
159,0.1492739573961405,2026-07-30 13:20:22.752646,2026-07-30 13:20:28.843860,6.091214,0.0,0,matern,100,100,0.0,0,5.608942500024568,matern,100,100,1,0.1492739573961405,159,"{'alpha_edge': [0, 0.001, 0.1, 1, 10], 'alpha_neuron': [0], 'kernel_type': ['rbf', 'matern', 'periodic'], 'layer_width': [100, 250, 500, 750, 1000], 'num_inducing': [10, 25, 50, 75, 100]}",COMPLETE,
160,0.12990872126670236,2026-07-30 13:20:28.853034,2026-07-30 13:20:59.533295,30.680261,1.0,0,matern,750,75,1.0,0,28.97551687504165,matern,750,75,1,0.12990872126670236,160,"{'alpha_edge': [0, 0.001, 0.1, 1, 10], 'alpha_neuron': [0], 'kernel_type': ['rbf', 'matern', 'periodic'], 'layer_width': [100, 250, 500, 750, 1000], 'num_inducing': [10, 25, 50, 75, 100]}",COMPLETE,
161,0.5573578055939425,2026-07-30 13:20:59.537007,2026-07-30 13:21:00.813147,1.27614,0.0,0,periodic,100,25,0.0,0,1.1424123750184663,periodic,100,25,1,0.5573578055939425,161,"{'alpha_edge': [0, 0.001, 0.1, 1, 10], 'alpha_neuron': [0], 'kernel_type': ['rbf', 'matern', 'periodic'], 'layer_width': [100, 250, 500, 750, 1000], 'num_inducing': [10, 25, 50, 75, 100]}",COMPLETE,
162,0.12504444527823597,2026-07-30 13:21:00.816950,2026-07-30 13:21:02.279123,1.462173,10.0,0,rbf,250,10,10.0,0,1.3677535830065608,rbf,250,10,1,0.12504444527823597,162,"{'alpha_edge': [0, 0.001, 0.1, 1, 10], 'alpha_neuron': [0], 'kernel_type': ['rbf', 'matern', 'periodic'], 'layer_width': [100, 250, 500, 750, 1000], 'num_inducing': [10, 25, 50, 75, 100]}",COMPLETE,
163,0.14719214940014852,2026-07-30 13:21:02.286521,2026-07-30 13:21:05.489685,3.203164,10.0,0,matern,100,50,10.0,0,2.966291374992579,matern,100,50,1,0.14719214940014852,163,"{'alpha_edge': [0, 0.001, 0.1, 1, 10], 'alpha_neuron': [0], 'kernel_type': ['rbf', 'matern', 'periodic'], 'layer_width': [100, 250, 500, 750, 1000], 'num_inducing': [10, 25, 50, 75, 100]}",COMPLETE,
164,0.1413326901435054,2026-07-30 13:21:05.492598,2026-07-30 13:21:07.478217,1.985619,0.0,0,matern,100,50,0.0,0,1.8108248750213534,matern,100,50,1,0.1413326901435054,164,"{'alpha_edge': [0, 0.001, 0.1, 1, 10], 'alpha_neuron': [0], 'kernel_type': ['rbf', 'matern', 'periodic'], 'layer_width': [100, 250, 500, 750, 1000], 'num_inducing': [10, 25, 50, 75, 100]}",COMPLETE,
165,0.1300563827452265,2026-07-30 13:21:07.481560,2026-07-30 13:21:13.900320,6.41876,1.0,0,rbf,750,25,1.0,0,5.88517804100411,rbf,750,25,1,0.1300563827452265,165,"{'alpha_edge': [0, 0.001, 0.1, 1, 10], 'alpha_neuron': [0], 'kernel_type': ['rbf', 'matern', 'periodic'], 'layer_width': [100, 250, 500, 750, 1000], 'num_inducing': [10, 25, 50, 75, 100]}",COMPLETE,
166,0.12887823392068093,2026-07-30 13:21:13.903274,2026-07-30 13:21:27.899862,13.996588,1.0,0,matern,500,75,1.0,0,12.888426667021122,matern,500,75,1,0.12887823392068093,166,"{'alpha_edge': [0, 0.001, 0.1, 1, 10], 'alpha_neuron': [0], 'kernel_type': ['rbf', 'matern', 'periodic'], 'layer_width': [100, 250, 500, 750, 1000], 'num_inducing': [10, 25, 50, 75, 100]}",COMPLETE,
167,0.12245762506120936,2026-07-30 13:21:27.902755,2026-07-30 13:21:29.797370,1.894615,0.1,0,rbf,250,25,0.1,0,1.7380707089905627,rbf,250,25,1,0.12245762506120936,167,"{'alpha_edge': [0, 0.001, 0.1, 1, 10], 'alpha_neuron': [0], 'kernel_type': ['rbf', 'matern', 'periodic'], 'layer_width': [100, 250, 500, 750, 1000], 'num_inducing': [10, 25, 50, 75, 100]}",COMPLETE,
168,0.13901011284867806,2026-07-30 13:21:29.800362,2026-07-30 13:21:33.375576,3.575214,0.1,0,matern,100,100,0.1,0,3.255072415980976,matern,100,100,1,0.13901011284867806,168,"{'alpha_edge': [0, 0.001, 0.1, 1, 10], 'alpha_neuron': [0], 'kernel_type': ['rbf', 'matern', 'periodic'], 'layer_width': [100, 250, 500, 750, 1000], 'num_inducing': [10, 25, 50, 75, 100]}",COMPLETE,
169,0.1291450875737556,2026-07-30 13:21:33.378430,2026-07-30 13:21:34.509548,1.131118,10.0,0,periodic,100,25,10.0,0,1.0183561249868944,periodic,100,25,1,0.1291450875737556,169,"{'alpha_edge': [0, 0.001, 0.1, 1, 10], 'alpha_neuron': [0], 'kernel_type': ['rbf', 'matern', 'periodic'], 'layer_width': [100, 250, 500, 750, 1000], 'num_inducing': [10, 25, 50, 75, 100]}",COMPLETE,
170,0.13228727219528189,2026-07-30 13:21:34.513509,2026-07-30 13:21:48.365895,13.852386,0.001,0,periodic,500,75,0.001,0,12.461226832994726,periodic,500,75,1,0.13228727219528189,170,"{'alpha_edge': [0, 0.001, 0.1, 1, 10], 'alpha_neuron': [0], 'kernel_type': ['rbf', 'matern', 'periodic'], 'layer_width': [100, 250, 500, 750, 1000], 'num_inducing': [10, 25, 50, 75, 100]}",COMPLETE,
171,0.12893054906168305,2026-07-30 13:21:48.395200,2026-07-30 13:21:48.957285,0.562085,0.1,0,periodic,100,10,0.1,0,0.5096933750319295,periodic,100,10,1,0.12893054906168305,171,"{'alpha_edge': [0, 0.001, 0.1, 1, 10], 'alpha_neuron': [0], 'kernel_type': ['rbf', 'matern', 'periodic'], 'layer_width': [100, 250, 500, 750, 1000], 'num_inducing': [10, 25, 50, 75, 100]}",COMPLETE,
172,0.12526336493614643,2026-07-30 13:21:48.960204,2026-07-30 13:21:53.658339,4.698135,0.1,0,matern,500,25,0.1,0,4.307953207986429,matern,500,25,1,0.12526336493614643,172,"{'alpha_edge': [0, 0.001, 0.1, 1, 10], 'alpha_neuron': [0], 'kernel_type': ['rbf', 'matern', 'periodic'], 'layer_width': [100, 250, 500, 750, 1000], 'num_inducing': [10, 25, 50, 75, 100]}",COMPLETE,
173,0.13189284716651928,2026-07-30 13:21:53.662090,2026-07-30 13:22:04.745826,11.083736,1.0,0,periodic,250,100,1.0,0,9.769299499981571,periodic,250,100,1,0.13189284716651928,173,"{'alpha_edge': [0, 0.001, 0.1, 1, 10], 'alpha_neuron': [0], 'kernel_type': ['rbf', 'matern', 'periodic'], 'layer_width': [100, 250, 500, 750, 1000], 'num_inducing': [10, 25, 50, 75, 100]}",COMPLETE,
174,0.12718115687211615,2026-07-30 13:22:04.751132,2026-07-30 13:22:08.220770,3.469638,1.0,0,matern,500,10,1.0,0,3.2900493330089375,matern,500,10,1,0.12718115687211615,174,"{'alpha_edge': [0, 0.001, 0.1, 1, 10], 'alpha_neuron': [0], 'kernel_type': ['rbf', 'matern', 'periodic'], 'layer_width': [100, 250, 500, 750, 1000], 'num_inducing': [10, 25, 50, 75, 100]}",COMPLETE,
175,0.12909597654152674,2026-07-30 13:22:08.223877,2026-07-30 13:22:11.300386,3.076509,0.0,0,matern,500,10,0.0,0,2.9084410420036875,matern,500,10,1,0.12909597654152674,175,"{'alpha_edge': [0, 0.001, 0.1, 1, 10], 'alpha_neuron': [0], 'kernel_type': ['rbf', 'matern', 'periodic'], 'layer_width': [100, 250, 500, 750, 1000], 'num_inducing': [10, 25, 50, 75, 100]}",COMPLETE,
176,0.12989988545927741,2026-07-30 13:22:11.303262,2026-07-30 13:22:16.629510,5.326248,1.0,0,rbf,750,10,1.0,0,4.984727625036612,rbf,750,10,1,0.12989988545927741,176,"{'alpha_edge': [0, 0.001, 0.1, 1, 10], 'alpha_neuron': [0], 'kernel_type': ['rbf', 'matern', 'periodic'], 'layer_width': [100, 250, 500, 750, 1000], 'num_inducing': [10, 25, 50, 75, 100]}",COMPLETE,
177,0.1256549150471959,2026-07-30 13:22:16.632541,2026-07-30 13:22:29.493395,12.860854,1.0,0,rbf,500,75,1.0,0,11.929707415984012,rbf,500,75,1,0.1256549150471959,177,"{'alpha_edge': [0, 0.001, 0.1, 1, 10], 'alpha_neuron': [0], 'kernel_type': ['rbf', 'matern', 'periodic'], 'layer_width': [100, 250, 500, 750, 1000], 'num_inducing': [10, 25, 50, 75, 100]}",COMPLETE,
178,0.12686049769820743,2026-07-30 13:22:29.496272,2026-07-30 13:22:51.517710,22.021438,10.0,0,matern,500,100,10.0,0,20.262212041998282,matern,500,100,1,0.12686049769820743,178,"{'alpha_edge': [0, 0.001, 0.1, 1, 10], 'alpha_neuron': [0], 'kernel_type': ['rbf', 'matern', 'periodic'], 'layer_width': [100, 250, 500, 750, 1000], 'num_inducing': [10, 25, 50, 75, 100]}",COMPLETE,
179,0.22639421129979892,2026-07-30 13:22:51.520892,2026-07-30 13:23:13.993996,22.473104,10.0,0,periodic,500,75,10.0,0,20.243516125017777,periodic,500,75,1,0.22639421129979892,179,"{'alpha_edge': [0, 0.001, 0.1, 1, 10], 'alpha_neuron': [0], 'kernel_type': ['rbf', 'matern', 'periodic'], 'layer_width': [100, 250, 500, 750, 1000], 'num_inducing': [10, 25, 50, 75, 100]}",COMPLETE,
180,0.13210301586325562,2026-07-30 13:23:14.000016,2026-07-30 13:23:51.511833,37.511817,0.0,0,matern,750,100,0.0,0,34.07403116597561,matern,750,100,1,0.13210301586325562,180,"{'alpha_edge': [0, 0.001, 0.1, 1, 10], 'alpha_neuron': [0], 'kernel_type': ['rbf', 'matern', 'periodic'], 'layer_width': [100, 250, 500, 750, 1000], 'num_inducing': [10, 25, 50, 75, 100]}",COMPLETE,
181,0.13653353079785313,2026-07-30 13:23:51.515794,2026-07-30 13:24:17.526035,26.010241,0.1,0,periodic,750,75,0.1,0,23.631448708008975,periodic,750,75,1,0.13653353079785313,181,"{'alpha_edge': [0, 0.001, 0.1, 1, 10], 'alpha_neuron': [0], 'kernel_type': ['rbf', 'matern', 'periodic'], 'layer_width': [100, 250, 500, 750, 1000], 'num_inducing': [10, 25, 50, 75, 100]}",COMPLETE,
182,0.13140685059278398,2026-07-30 13:24:17.530239,2026-07-30 13:24:21.435172,3.904933,0.001,0,periodic,100,100,0.001,0,3.523519624955952,periodic,100,100,1,0.13140685059278398,182,"{'alpha_edge': [0, 0.001, 0.1, 1, 10], 'alpha_neuron': [0], 'kernel_type': ['rbf', 'matern', 'periodic'], 'layer_width': [100, 250, 500, 750, 1000], 'num_inducing': [10, 25, 50, 75, 100]}",COMPLETE,
183,0.12876917404834476,2026-07-30 13:24:21.438684,2026-07-30 13:24:36.156481,14.717797,0.001,0,rbf,750,75,0.001,0,13.609126541006844,rbf,750,75,1,0.12876917404834476,183,"{'alpha_edge': [0, 0.001, 0.1, 1, 10], 'alpha_neuron': [0], 'kernel_type': ['rbf', 'matern', 'periodic'], 'layer_width': [100, 250, 500, 750, 1000], 'num_inducing': [10, 25, 50, 75, 100]}",COMPLETE,
184,0.12745514065255487,2026-07-30 13:24:36.159642,2026-07-30 13:24:40.448473,4.288831,0.001,0,matern,500,25,0.001,0,3.9337807500269264,matern,500,25,1,0.12745514065255487,184,"{'alpha_edge': [0, 0.001, 0.1, 1, 10], 'alpha_neuron': [0], 'kernel_type': ['rbf', 'matern', 'periodic'], 'layer_width': [100, 250, 500, 750, 1000], 'num_inducing': [10, 25, 50, 75, 100]}",COMPLETE,
185,0.13398372271670447,2026-07-30 13:24:40.451407,2026-07-30 13:24:46.312170,5.860763,0.1,0,rbf,750,25,0.1,0,5.354048500012141,rbf,750,25,1,0.13398372271670447,185,"{'alpha_edge': [0, 0.001, 0.1, 1, 10], 'alpha_neuron': [0], 'kernel_type': ['rbf', 'matern', 'periodic'], 'layer_width': [100, 250, 500, 750, 1000], 'num_inducing': [10, 25, 50, 75, 100]}",COMPLETE,
186,0.12421978291545119,2026-07-30 13:24:46.315194,2026-07-30 13:24:55.567702,9.252508,1.0,0,matern,250,100,1.0,0,8.415193250053562,matern,250,100,1,0.12421978291545119,186,"{'alpha_edge': [0, 0.001, 0.1, 1, 10], 'alpha_neuron': [0], 'kernel_type': ['rbf', 'matern', 'periodic'], 'layer_width': [100, 250, 500, 750, 1000], 'num_inducing': [10, 25, 50, 75, 100]}",COMPLETE,
187,0.12816335132231713,2026-07-30 13:24:55.570895,2026-07-30 13:24:56.758916,1.188021,1.0,0,matern,250,10,1.0,0,1.0974208330153488,matern,250,10,1,0.12816335132231713,187,"{'alpha_edge': [0, 0.001, 0.1, 1, 10], 'alpha_neuron': [0], 'kernel_type': ['rbf', 'matern', 'periodic'], 'layer_width': [100, 250, 500, 750, 1000], 'num_inducing': [10, 25, 50, 75, 100]}",COMPLETE,
188,0.1275474950826353,2026-07-30 13:24:56.762104,2026-07-30 13:25:03.945874,7.18377,1.0,0,rbf,250,100,1.0,0,6.60186212498229,rbf,250,100,1,0.1275474950826353,188,"{'alpha_edge': [0, 0.001, 0.1, 1, 10], 'alpha_neuron': [0], 'kernel_type': ['rbf', 'matern', 'periodic'], 'layer_width': [100, 250, 500, 750, 1000], 'num_inducing': [10, 25, 50, 75, 100]}",COMPLETE,
189,0.4030569946434804,2026-07-30 13:25:03.958912,2026-07-30 13:25:19.283429,15.324517,0.0,0,rbf,750,75,0.0,0,14.21885583398398,rbf,750,75,1,0.4030569946434804,189,"{'alpha_edge': [0, 0.001, 0.1, 1, 10], 'alpha_neuron': [0], 'kernel_type': ['rbf', 'matern', 'periodic'], 'layer_width': [100, 250, 500, 750, 1000], 'num_inducing': [10, 25, 50, 75, 100]}",COMPLETE,
190,0.12309647044805214,2026-07-30 13:25:19.286527,2026-07-30 13:25:28.285387,8.99886,10.0,0,matern,250,100,10.0,0,8.265097374969628,matern,250,100,1,0.12309647044805214,190,"{'alpha_edge': [0, 0.001, 0.1, 1, 10], 'alpha_neuron': [0], 'kernel_type': ['rbf', 'matern', 'periodic'], 'layer_width': [100, 250, 500, 750, 1000], 'num_inducing': [10, 25, 50, 75, 100]}",COMPLETE,
191,0.13353776436754655,2026-07-30 13:25:28.288388,2026-07-30 13:25:31.120772,2.832384,0.001,0,rbf,100,100,0.001,0,2.634041666984558,rbf,100,100,1,0.13353776436754655,191,"{'alpha_edge': [0, 0.001, 0.1, 1, 10], 'alpha_neuron': [0], 'kernel_type': ['rbf', 'matern', 'periodic'], 'layer_width': [100, 250, 500, 750, 1000], 'num_inducing': [10, 25, 50, 75, 100]}",COMPLETE,
192,0.12798551002750805,2026-07-30 13:25:31.123775,2026-07-30 13:25:40.251825,9.12805,0.1,0,periodic,500,50,0.1,0,8.218977459007874,periodic,500,50,1,0.12798551002750805,192,"{'alpha_edge': [0, 0.001, 0.1, 1, 10], 'alpha_neuron': [0], 'kernel_type': ['rbf', 'matern', 'periodic'], 'layer_width': [100, 250, 500, 750, 1000], 'num_inducing': [10, 25, 50, 75, 100]}",COMPLETE,
193,0.1319053968925985,2026-07-30 13:25:40.254773,2026-07-30 13:25:58.400521,18.145748,0.1,0,periodic,500,100,0.1,0,16.327743624977302,periodic,500,100,1,0.1319053968925985,193,"{'alpha_edge': [0, 0.001, 0.1, 1, 10], 'alpha_neuron': [0], 'kernel_type': ['rbf', 'matern', 'periodic'], 'layer_width': [100, 250, 500, 750, 1000], 'num_inducing': [10, 25, 50, 75, 100]}",COMPLETE,
194,0.24562496757650792,2026-07-30 13:25:58.403526,2026-07-30 13:26:08.665911,10.262385,0.0,0,periodic,1000,25,0.0,0,9.255671540973708,periodic,1000,25,1,0.24562496757650792,194,"{'alpha_edge': [0, 0.001, 0.1, 1, 10], 'alpha_neuron': [0], 'kernel_type': ['rbf', 'matern', 'periodic'], 'layer_width': [100, 250, 500, 750, 1000], 'num_inducing': [10, 25, 50, 75, 100]}",COMPLETE,
195,0.1255476403723924,2026-07-30 13:26:08.669540,2026-07-30 13:26:12.393899,3.724359,1.0,0,rbf,500,25,1.0,0,3.3178070000139996,rbf,500,25,1,0.1255476403723924,195,"{'alpha_edge': [0, 0.001, 0.1, 1, 10], 'alpha_neuron': [0], 'kernel_type': ['rbf', 'matern', 'periodic'], 'layer_width': [100, 250, 500, 750, 1000], 'num_inducing': [10, 25, 50, 75, 100]}",COMPLETE,
196,0.1773114273955799,2026-07-30 13:26:12.396862,2026-07-30 13:26:19.556699,7.159837,10.0,0,periodic,250,75,10.0,0,6.479073208000045,periodic,250,75,1,0.1773114273955799,196,"{'alpha_edge': [0, 0.001, 0.1, 1, 10], 'alpha_neuron': [0], 'kernel_type': ['rbf', 'matern', 'periodic'], 'layer_width': [100, 250, 500, 750, 1000], 'num_inducing': [10, 25, 50, 75, 100]}",COMPLETE,
197,0.22348837197952381,2026-07-30 13:26:19.559623,2026-07-30 13:26:22.348686,2.789063,10.0,0,periodic,500,10,10.0,0,2.5567704580025747,periodic,500,10,1,0.22348837197952381,197,"{'alpha_edge': [0, 0.001, 0.1, 1, 10], 'alpha_neuron': [0], 'kernel_type': ['rbf', 'matern', 'periodic'], 'layer_width': [100, 250, 500, 750, 1000], 'num_inducing': [10, 25, 50, 75, 100]}",COMPLETE,
198,0.1474547266900644,2026-07-30 13:26:22.352783,2026-07-30 13:26:24.824199,2.471416,0.1,0,periodic,250,25,0.1,0,2.147629874991253,periodic,250,25,1,0.1474547266900644,198,"{'alpha_edge': [0, 0.001, 0.1, 1, 10], 'alpha_neuron': [0], 'kernel_type': ['rbf', 'matern', 'periodic'], 'layer_width': [100, 250, 500, 750, 1000], 'num_inducing': [10, 25, 50, 75, 100]}",COMPLETE,
199,0.12782617627285484,2026-07-30 13:26:24.827996,2026-07-30 13:26:26.672489,1.844493,0.1,0,rbf,500,10,0.1,0,1.7136562920059077,rbf,500,10,1,0.12782617627285484,199,"{'alpha_edge': [0, 0.001, 0.1, 1, 10], 'alpha_neuron': [0], 'kernel_type': ['rbf', 'matern', 'periodic'], 'layer_width': [100, 250, 500, 750, 1000], 'num_inducing': [10, 25, 50, 75, 100]}",COMPLETE,
200,0.13150095593620756,2026-07-30 13:26:26.675451,2026-07-30 13:26:30.455127,3.779676,0.001,0,matern,100,100,0.001,0,3.4768071249709465,matern,100,100,1,0.13150095593620756,200,"{'alpha_edge': [0, 0.001, 0.1, 1, 10], 'alpha_neuron': [0], 'kernel_type': ['rbf', 'matern', 'periodic'], 'layer_width': [100, 250, 500, 750, 1000], 'num_inducing': [10, 25, 50, 75, 100]}",COMPLETE,
201,0.1275153398004461,2026-07-30 13:26:30.458384,2026-07-30 13:26:34.304976,3.846592,0.1,0,rbf,500,25,0.1,0,3.5337469590012915,rbf,500,25,1,0.1275153398004461,201,"{'alpha_edge': [0, 0.001, 0.1, 1, 10], 'alpha_neuron': [0], 'kernel_type': ['rbf', 'matern', 'periodic'], 'layer_width': [100, 250, 500, 750, 1000], 'num_inducing': [10, 25, 50, 75, 100]}",COMPLETE,
202,0.12325048592031877,2026-07-30 13:26:34.307817,2026-07-30 13:26:39.281531,4.973714,0.001,0,rbf,250,75,0.001,0,4.609296915994491,rbf,250,75,1,0.12325048592031877,202,"{'alpha_edge': [0, 0.001, 0.1, 1, 10], 'alpha_neuron': [0], 'kernel_type': ['rbf', 'matern', 'periodic'], 'layer_width': [100, 250, 500, 750, 1000], 'num_inducing': [10, 25, 50, 75, 100]}",COMPLETE,
203,0.12578146777701832,2026-07-30 13:26:39.284521,2026-07-30 13:27:02.361744,23.077223,0.1,0,matern,500,100,0.1,0,21.22723166702781,matern,500,100,1,0.12578146777701832,203,"{'alpha_edge': [0, 0.001, 0.1, 1, 10], 'alpha_neuron': [0], 'kernel_type': ['rbf', 'matern', 'periodic'], 'layer_width': [100, 250, 500, 750, 1000], 'num_inducing': [10, 25, 50, 75, 100]}",COMPLETE,
204,0.14140391051897397,2026-07-30 13:27:02.365290,2026-07-30 13:27:29.572439,27.207149,10.0,0,periodic,1000,50,10.0,0,24.831870792026166,periodic,1000,50,1,0.14140391051897397,204,"{'alpha_edge': [0, 0.001, 0.1, 1, 10], 'alpha_neuron': [0], 'kernel_type': ['rbf', 'matern', 'periodic'], 'layer_width': [100, 250, 500, 750, 1000], 'num_inducing': [10, 25, 50, 75, 100]}",COMPLETE,
205,0.12837390365614057,2026-07-30 13:27:29.576998,2026-07-30 13:27:50.222434,20.645436,0.001,0,matern,750,75,0.001,0,18.99745933403028,matern,750,75,1,0.12837390365614057,205,"{'alpha_edge': [0, 0.001, 0.1, 1, 10], 'alpha_neuron': [0], 'kernel_type': ['rbf', 'matern', 'periodic'], 'layer_width': [100, 250, 500, 750, 1000], 'num_inducing': [10, 25, 50, 75, 100]}",COMPLETE,
206,0.13643468688371738,2026-07-30 13:27:50.225412,2026-07-30 13:28:07.451884,17.226472,0.1,0,periodic,750,50,0.1,0,14.879447333980352,periodic,750,50,1,0.13643468688371738,206,"{'alpha_edge': [0, 0.001, 0.1, 1, 10], 'alpha_neuron': [0], 'kernel_type': ['rbf', 'matern', 'periodic'], 'layer_width': [100, 250, 500, 750, 1000], 'num_inducing': [10, 25, 50, 75, 100]}",COMPLETE,
207,0.13652365322215393,2026-07-30 13:28:07.456433,2026-07-30 13:28:25.348199,17.891766,1.0,0,rbf,1000,50,1.0,0,16.645653250045143,rbf,1000,50,1,0.13652365322215393,207,"{'alpha_edge': [0, 0.001, 0.1, 1, 10], 'alpha_neuron': [0], 'kernel_type': ['rbf', 'matern', 'periodic'], 'layer_width': [100, 250, 500, 750, 1000], 'num_inducing': [10, 25, 50, 75, 100]}",COMPLETE,
208,0.13557559096218108,2026-07-30 13:28:25.371285,2026-07-30 13:28:26.207040,0.835755,10.0,0,periodic,100,10,10.0,0,0.7664458340150304,periodic,100,10,1,0.13557559096218108,208,"{'alpha_edge': [0, 0.001, 0.1, 1, 10], 'alpha_neuron': [0], 'kernel_type': ['rbf', 'matern', 'periodic'], 'layer_width': [100, 250, 500, 750, 1000], 'num_inducing': [10, 25, 50, 75, 100]}",COMPLETE,
209,0.12710228089981251,2026-07-30 13:28:26.210092,2026-07-30 13:28:29.134386,2.924294,0.001,0,matern,500,10,0.001,0,2.721135332947597,matern,500,10,1,0.12710228089981251,209,"{'alpha_edge': [0, 0.001, 0.1, 1, 10], 'alpha_neuron': [0], 'kernel_type': ['rbf', 'matern', 'periodic'], 'layer_width': [100, 250, 500, 750, 1000], 'num_inducing': [10, 25, 50, 75, 100]}",COMPLETE,
210,0.14045362366198033,2026-07-30 13:28:29.139089,2026-07-30 13:29:12.208259,43.06917,0.001,0,periodic,1000,100,0.001,0,38.876302291988395,periodic,1000,100,1,0.14045362366198033,210,"{'alpha_edge': [0, 0.001, 0.1, 1, 10], 'alpha_neuron': [0], 'kernel_type': ['rbf', 'matern', 'periodic'], 'layer_width': [100, 250, 500, 750, 1000], 'num_inducing': [10, 25, 50, 75, 100]}",COMPLETE,
211,0.12187514728741858,2026-07-30 13:29:12.211312,2026-07-30 13:29:16.414230,4.202918,0.1,0,rbf,250,50,0.1,0,3.8321170829585753,rbf,250,50,1,0.12187514728741858,211,"{'alpha_edge': [0, 0.001, 0.1, 1, 10], 'alpha_neuron': [0], 'kernel_type': ['rbf', 'matern', 'periodic'], 'layer_width': [100, 250, 500, 750, 1000], 'num_inducing': [10, 25, 50, 75, 100]}",COMPLETE,
212,0.138982055748372,2026-07-30 13:29:16.418288,2026-07-30 13:29:18.266609,1.848321,0.1,0,rbf,100,50,0.1,0,1.7367937499657273,rbf,100,50,1,0.138982055748372,212,"{'alpha_edge': [0, 0.001, 0.1, 1, 10], 'alpha_neuron': [0], 'kernel_type': ['rbf', 'matern', 'periodic'], 'layer_width': [100, 250, 500, 750, 1000], 'num_inducing': [10, 25, 50, 75, 100]}",COMPLETE,
213,24.922510080775655,2026-07-30 13:29:18.269617,2026-07-30 13:29:25.868574,7.598957,0.0,0,rbf,750,25,0.0,0,6.915323458029889,rbf,750,25,1,24.922510080775655,213,"{'alpha_edge': [0, 0.001, 0.1, 1, 10], 'alpha_neuron': [0], 'kernel_type': ['rbf', 'matern', 'periodic'], 'layer_width': [100, 250, 500, 750, 1000], 'num_inducing': [10, 25, 50, 75, 100]}",COMPLETE,
214,0.1342614006320127,2026-07-30 13:29:25.873511,2026-07-30 13:29:47.389770,21.516259,1.0,0,rbf,1000,75,1.0,0,19.99966133304406,rbf,1000,75,1,0.1342614006320127,214,"{'alpha_edge': [0, 0.001, 0.1, 1, 10], 'alpha_neuron': [0], 'kernel_type': ['rbf', 'matern', 'periodic'], 'layer_width': [100, 250, 500, 750, 1000], 'num_inducing': [10, 25, 50, 75, 100]}",COMPLETE,
215,0.14337588313952657,2026-07-30 13:29:47.397274,2026-07-30 13:29:47.816036,0.418762,0.001,0,rbf,100,10,0.001,0,0.38485691702226177,rbf,100,10,1,0.14337588313952657,215,"{'alpha_edge': [0, 0.001, 0.1, 1, 10], 'alpha_neuron': [0], 'kernel_type': ['rbf', 'matern', 'periodic'], 'layer_width': [100, 250, 500, 750, 1000], 'num_inducing': [10, 25, 50, 75, 100]}",COMPLETE,
216,0.1279922550202547,2026-07-30 13:29:47.819553,2026-07-30 13:29:58.237598,10.418045,0.001,0,matern,250,100,0.001,0,9.535731584008317,matern,250,100,1,0.1279922550202547,216,"{'alpha_edge': [0, 0.001, 0.1, 1, 10], 'alpha_neuron': [0], 'kernel_type': ['rbf', 'matern', 'periodic'], 'layer_width': [100, 250, 500, 750, 1000], 'num_inducing': [10, 25, 50, 75, 100]}",COMPLETE,
217,0.1503282033693191,2026-07-30 13:29:58.240713,2026-07-30 13:30:01.771254,3.530541,10.0,0,rbf,100,100,10.0,0,3.286367083026562,rbf,100,100,1,0.1503282033693191,217,"{'alpha_edge': [0, 0.001, 0.1, 1, 10], 'alpha_neuron': [0], 'kernel_type': ['rbf', 'matern', 'periodic'], 'layer_width': [100, 250, 500, 750, 1000], 'num_inducing': [10, 25, 50, 75, 100]}",COMPLETE,
218,0.13635641740053162,2026-07-30 13:30:01.774046,2026-07-30 13:30:03.355371,1.581325,0.1,0,periodic,250,10,0.1,0,1.4217175000230782,periodic,250,10,1,0.13635641740053162,218,"{'alpha_edge': [0, 0.001, 0.1, 1, 10], 'alpha_neuron': [0], 'kernel_type': ['rbf', 'matern', 'periodic'], 'layer_width': [100, 250, 500, 750, 1000], 'num_inducing': [10, 25, 50, 75, 100]}",COMPLETE,
219,0.12792803750761964,2026-07-30 13:30:03.358647,2026-07-30 13:30:09.984770,6.626123,1.0,0,matern,500,25,1.0,0,5.9734298750408925,matern,500,25,1,0.12792803750761964,219,"{'alpha_edge': [0, 0.001, 0.1, 1, 10], 'alpha_neuron': [0], 'kernel_type': ['rbf', 'matern', 'periodic'], 'layer_width': [100, 250, 500, 750, 1000], 'num_inducing': [10, 25, 50, 75, 100]}",COMPLETE,
220,0.12623223698557248,2026-07-30 13:30:09.987907,2026-07-30 13:30:30.541815,20.553908,0.001,0,periodic,500,100,0.001,0,18.769083500024863,periodic,500,100,1,0.12623223698557248,220,"{'alpha_edge': [0, 0.001, 0.1, 1, 10], 'alpha_neuron': [0], 'kernel_type': ['rbf', 'matern', 'periodic'], 'layer_width': [100, 250, 500, 750, 1000], 'num_inducing': [10, 25, 50, 75, 100]}",COMPLETE,
221,0.16178895732438284,2026-07-30 13:30:30.544583,2026-07-30 13:30:50.850494,20.305911,10.0,0,periodic,750,75,10.0,0,18.302455583005212,periodic,750,75,1,0.16178895732438284,221,"{'alpha_edge': [0, 0.001, 0.1, 1, 10], 'alpha_neuron': [0], 'kernel_type': ['rbf', 'matern', 'periodic'], 'layer_width': [100, 250, 500, 750, 1000], 'num_inducing': [10, 25, 50, 75, 100]}",COMPLETE,
222,0.14210744412648582,2026-07-30 13:30:50.853284,2026-07-30 13:30:53.457977,2.604693,0.0,0,rbf,100,100,0.0,0,2.4054712500073947,rbf,100,100,1,0.14210744412648582,222,"{'alpha_edge': [0, 0.001, 0.1, 1, 10], 'alpha_neuron': [0], 'kernel_type': ['rbf', 'matern', 'periodic'], 'layer_width': [100, 250, 500, 750, 1000], 'num_inducing': [10, 25, 50, 75, 100]}",COMPLETE,
223,0.13314453621011577,2026-07-30 13:30:53.460834,2026-07-30 13:31:01.013832,7.552998,0.001,0,rbf,1000,25,0.001,0,6.925900709000416,rbf,1000,25,1,0.13314453621011577,223,"{'alpha_edge': [0, 0.001, 0.1, 1, 10], 'alpha_neuron': [0], 'kernel_type': ['rbf', 'matern', 'periodic'], 'layer_width': [100, 250, 500, 750, 1000], 'num_inducing': [10, 25, 50, 75, 100]}",COMPLETE,
224,0.12534246542956884,2026-07-30 13:31:01.016789,2026-07-30 13:31:18.161411,17.144622,0.0,0,rbf,500,100,0.0,0,15.704633000015747,rbf,500,100,1,0.12534246542956884,224,"{'alpha_edge': [0, 0.001, 0.1, 1, 10], 'alpha_neuron': [0], 'kernel_type': ['rbf', 'matern', 'periodic'], 'layer_width': [100, 250, 500, 750, 1000], 'num_inducing': [10, 25, 50, 75, 100]}",COMPLETE,
225,0.13092852139033806,2026-07-30 13:31:18.171689,2026-07-30 13:31:24.755311,6.583622,0.0,0,periodic,500,25,0.0,0,5.96222058305284,periodic,500,25,1,0.13092852139033806,225,"{'alpha_edge': [0, 0.001, 0.1, 1, 10], 'alpha_neuron': [0], 'kernel_type': ['rbf', 'matern', 'periodic'], 'layer_width': [100, 250, 500, 750, 1000], 'num_inducing': [10, 25, 50, 75, 100]}",COMPLETE,
226,0.13549633445436027,2026-07-30 13:31:24.762829,2026-07-30 13:31:40.642991,15.880162,0.0,0,periodic,750,50,0.0,0,14.429508458008058,periodic,750,50,1,0.13549633445436027,226,"{'alpha_edge': [0, 0.001, 0.1, 1, 10], 'alpha_neuron': [0], 'kernel_type': ['rbf', 'matern', 'periodic'], 'layer_width': [100, 250, 500, 750, 1000], 'num_inducing': [10, 25, 50, 75, 100]}",COMPLETE,
227,0.18900067759855846,2026-07-30 13:31:40.662911,2026-07-30 13:31:59.102367,18.439456,1.0,0,periodic,1000,50,1.0,0,16.54056729201693,periodic,1000,50,1,0.18900067759855846,227,"{'alpha_edge': [0, 0.001, 0.1, 1, 10], 'alpha_neuron': [0], 'kernel_type': ['rbf', 'matern', 'periodic'], 'layer_width': [100, 250, 500, 750, 1000], 'num_inducing': [10, 25, 50, 75, 100]}",COMPLETE,
228,0.13209565348199623,2026-07-30 13:31:59.105335,2026-07-30 13:32:25.017604,25.912269,0.1,0,matern,750,100,0.1,0,23.70252462499775,matern,750,100,1,0.13209565348199623,228,"{'alpha_edge': [0, 0.001, 0.1, 1, 10], 'alpha_neuron': [0], 'kernel_type': ['rbf', 'matern', 'periodic'], 'layer_width': [100, 250, 500, 750, 1000], 'num_inducing': [10, 25, 50, 75, 100]}",COMPLETE,
229,0.13320875505707075,2026-07-30 13:32:25.020540,2026-07-30 13:32:27.831178,2.810638,0.1,0,rbf,100,100,0.1,0,2.6138815419981256,rbf,100,100,1,0.13320875505707075,229,"{'alpha_edge': [0, 0.001, 0.1, 1, 10], 'alpha_neuron': [0], 'kernel_type': ['rbf', 'matern', 'periodic'], 'layer_width': [100, 250, 500, 750, 1000], 'num_inducing': [10, 25, 50, 75, 100]}",COMPLETE,
230,0.12222718010550017,2026-07-30 13:32:27.834254,2026-07-30 13:32:32.774904,4.94065,1.0,0,rbf,250,75,1.0,0,4.559812624996994,rbf,250,75,1,0.12222718010550017,230,"{'alpha_edge': [0, 0.001, 0.1, 1, 10], 'alpha_neuron': [0], 'kernel_type': ['rbf', 'matern', 'periodic'], 'layer_width': [100, 250, 500, 750, 1000], 'num_inducing': [10, 25, 50, 75, 100]}",COMPLETE,
231,0.13613706387335522,2026-07-30 13:32:32.777827,2026-07-30 13:32:42.084904,9.307077,1.0,0,periodic,500,50,1.0,0,8.376637166016735,periodic,500,50,1,0.13613706387335522,231,"{'alpha_edge': [0, 0.001, 0.1, 1, 10], 'alpha_neuron': [0], 'kernel_type': ['rbf', 'matern', 'periodic'], 'layer_width': [100, 250, 500, 750, 1000], 'num_inducing': [10, 25, 50, 75, 100]}",COMPLETE,
232,0.1344393706847963,2026-07-30 13:32:42.087798,2026-07-30 13:32:43.896699,1.808901,1.0,0,matern,100,50,1.0,0,1.599260332994163,matern,100,50,1,0.1344393706847963,232,"{'alpha_edge': [0, 0.001, 0.1, 1, 10], 'alpha_neuron': [0], 'kernel_type': ['rbf', 'matern', 'periodic'], 'layer_width': [100, 250, 500, 750, 1000], 'num_inducing': [10, 25, 50, 75, 100]}",COMPLETE,
233,0.135877876442346,2026-07-30 13:32:43.899970,2026-07-30 13:33:18.773847,34.873877,10.0,0,matern,1000,75,10.0,0,32.691777125000954,matern,1000,75,1,0.135877876442346,233,"{'alpha_edge': [0, 0.001, 0.1, 1, 10], 'alpha_neuron': [0], 'kernel_type': ['rbf', 'matern', 'periodic'], 'layer_width': [100, 250, 500, 750, 1000], 'num_inducing': [10, 25, 50, 75, 100]}",COMPLETE,
234,0.13024690880522957,2026-07-30 13:33:18.777958,2026-07-30 13:33:22.407285,3.629327,0.0,0,matern,750,10,0.0,0,3.383396332967095,matern,750,10,1,0.13024690880522957,234,"{'alpha_edge': [0, 0.001, 0.1, 1, 10], 'alpha_neuron': [0], 'kernel_type': ['rbf', 'matern', 'periodic'], 'layer_width': [100, 250, 500, 750, 1000], 'num_inducing': [10, 25, 50, 75, 100]}",COMPLETE,
235,0.12730842066781178,2026-07-30 13:33:22.412711,2026-07-30 13:33:30.739552,8.326841,0.001,0,matern,500,50,0.001,0,7.4301986250211485,matern,500,50,1,0.12730842066781178,235,"{'alpha_edge': [0, 0.001, 0.1, 1, 10], 'alpha_neuron': [0], 'kernel_type': ['rbf', 'matern', 'periodic'], 'layer_width': [100, 250, 500, 750, 1000], 'num_inducing': [10, 25, 50, 75, 100]}",COMPLETE,
236,0.1277435773844979,2026-07-30 13:33:30.742596,2026-07-30 13:33:40.814161,10.071565,0.0,0,rbf,500,75,0.0,0,9.365753375052009,rbf,500,75,1,0.1277435773844979,236,"{'alpha_edge': [0, 0.001, 0.1, 1, 10], 'alpha_neuron': [0], 'kernel_type': ['rbf', 'matern', 'periodic'], 'layer_width': [100, 250, 500, 750, 1000], 'num_inducing': [10, 25, 50, 75, 100]}",COMPLETE,
237,0.1271755297391825,2026-07-30 13:33:40.817083,2026-07-30 13:33:45.091461,4.274378,0.001,0,matern,250,50,0.001,0,3.888117791037075,matern,250,50,1,0.1271755297391825,237,"{'alpha_edge': [0, 0.001, 0.1, 1, 10], 'alpha_neuron': [0], 'kernel_type': ['rbf', 'matern', 'periodic'], 'layer_width': [100, 250, 500, 750, 1000], 'num_inducing': [10, 25, 50, 75, 100]}",COMPLETE,
238,0.13630993635294394,2026-07-30 13:33:45.094327,2026-07-30 13:33:45.894237,0.79991,1.0,0,rbf,100,25,1.0,0,0.711680541979149,rbf,100,25,1,0.13630993635294394,238,"{'alpha_edge': [0, 0.001, 0.1, 1, 10], 'alpha_neuron': [0], 'kernel_type': ['rbf', 'matern', 'periodic'], 'layer_width': [100, 250, 500, 750, 1000], 'num_inducing': [10, 25, 50, 75, 100]}",COMPLETE,
239,0.12919497729608506,2026-07-30 13:33:45.897259,2026-07-30 13:33:58.462280,12.565021,10.0,0,matern,750,50,10.0,0,11.431458540959284,matern,750,50,1,0.12919497729608506,239,"{'alpha_edge': [0, 0.001, 0.1, 1, 10], 'alpha_neuron': [0], 'kernel_type': ['rbf', 'matern', 'periodic'], 'layer_width': [100, 250, 500, 750, 1000], 'num_inducing': [10, 25, 50, 75, 100]}",COMPLETE,
240,0.14204649565671915,2026-07-30 13:33:58.465410,2026-07-30 13:34:00.349808,1.884398,0.0,0,rbf,100,75,0.0,0,1.726710082963109,rbf,100,75,1,0.14204649565671915,240,"{'alpha_edge': [0, 0.001, 0.1, 1, 10], 'alpha_neuron': [0], 'kernel_type': ['rbf', 'matern', 'periodic'], 'layer_width': [100, 250, 500, 750, 1000], 'num_inducing': [10, 25, 50, 75, 100]}",COMPLETE,
241,0.1498444887584561,2026-07-30 13:34:00.352793,2026-07-30 13:34:01.884295,1.531502,0.0,0,rbf,100,50,0.0,0,1.4143119170330465,rbf,100,50,1,0.1498444887584561,241,"{'alpha_edge': [0, 0.001, 0.1, 1, 10], 'alpha_neuron': [0], 'kernel_type': ['rbf', 'matern', 'periodic'], 'layer_width': [100, 250, 500, 750, 1000], 'num_inducing': [10, 25, 50, 75, 100]}",COMPLETE,
242,0.12779166397211175,2026-07-30 13:34:01.887189,2026-07-30 13:34:02.457663,0.570474,0.001,0,periodic,100,10,0.001,0,0.5293552919756621,periodic,100,10,1,0.12779166397211175,242,"{'alpha_edge': [0, 0.001, 0.1, 1, 10], 'alpha_neuron': [0], 'kernel_type': ['rbf', 'matern', 'periodic'], 'layer_width': [100, 250, 500, 750, 1000], 'num_inducing': [10, 25, 50, 75, 100]}",COMPLETE,
243,0.1996862733411087,2026-07-30 13:34:02.460557,2026-07-30 13:34:30.872400,28.411843,0.0,0,rbf,1000,100,0.0,0,26.49210612504976,rbf,1000,100,1,0.1996862733411087,243,"{'alpha_edge': [0, 0.001, 0.1, 1, 10], 'alpha_neuron': [0], 'kernel_type': ['rbf', 'matern', 'periodic'], 'layer_width': [100, 250, 500, 750, 1000], 'num_inducing': [10, 25, 50, 75, 100]}",COMPLETE,
244,0.12837212204303286,2026-07-30 13:34:30.876122,2026-07-30 13:34:32.051441,1.175319,0.0,0,matern,250,10,0.0,0,1.0849847499630414,matern,250,10,1,0.12837212204303286,244,"{'alpha_edge': [0, 0.001, 0.1, 1, 10], 'alpha_neuron': [0], 'kernel_type': ['rbf', 'matern', 'periodic'], 'layer_width': [100, 250, 500, 750, 1000], 'num_inducing': [10, 25, 50, 75, 100]}",COMPLETE,
245,0.1334853854191023,2026-07-30 13:34:32.054479,2026-07-30 13:34:33.537540,1.483061,0.001,0,rbf,100,50,0.001,0,1.3669644580222666,rbf,100,50,1,0.1334853854191023,245,"{'alpha_edge': [0, 0.001, 0.1, 1, 10], 'alpha_neuron': [0], 'kernel_type': ['rbf', 'matern', 'periodic'], 'layer_width': [100, 250, 500, 750, 1000], 'num_inducing': [10, 25, 50, 75, 100]}",COMPLETE,
246,0.12165698886157997,2026-07-30 13:34:33.540495,2026-07-30 13:34:37.166854,3.626359,1.0,0,rbf,250,50,1.0,0,3.353157666977495,rbf,250,50,1,0.12165698886157997,246,"{'alpha_edge': [0, 0.001, 0.1, 1, 10], 'alpha_neuron': [0], 'kernel_type': ['rbf', 'matern', 'periodic'], 'layer_width': [100, 250, 500, 750, 1000], 'num_inducing': [10, 25, 50, 75, 100]}",COMPLETE,
247,0.12658207123625934,2026-07-30 13:34:37.170076,2026-07-30 13:34:50.274186,13.10411,0.1,0,matern,500,75,0.1,0,11.695651083020493,matern,500,75,1,0.12658207123625934,247,"{'alpha_edge': [0, 0.001, 0.1, 1, 10], 'alpha_neuron': [0], 'kernel_type': ['rbf', 'matern', 'periodic'], 'layer_width': [100, 250, 500, 750, 1000], 'num_inducing': [10, 25, 50, 75, 100]}",COMPLETE,
248,0.1263098779045157,2026-07-30 13:34:50.277742,2026-07-30 13:35:04.662108,14.384366,0.1,0,matern,250,100,0.1,0,13.557756667025387,matern,250,100,1,0.1263098779045157,248,"{'alpha_edge': [0, 0.001, 0.1, 1, 10], 'alpha_neuron': [0], 'kernel_type': ['rbf', 'matern', 'periodic'], 'layer_width': [100, 250, 500, 750, 1000], 'num_inducing': [10, 25, 50, 75, 100]}",COMPLETE,
249,0.13460715611967272,2026-07-30 13:35:04.665155,2026-07-30 13:35:18.671480,14.006325,10.0,0,matern,1000,25,10.0,0,12.355702125001699,matern,1000,25,1,0.13460715611967272,249,"{'alpha_edge': [0, 0.001, 0.1, 1, 10], 'alpha_neuron': [0], 'kernel_type': ['rbf', 'matern', 'periodic'], 'layer_width': [100, 250, 500, 750, 1000], 'num_inducing': [10, 25, 50, 75, 100]}",COMPLETE,
250,0.1306425221647148,2026-07-30 13:35:18.675462,2026-07-30 13:35:22.614371,3.938909,1.0,0,periodic,250,25,1.0,0,3.328875874984078,periodic,250,25,1,0.1306425221647148,250,"{'alpha_edge': [0, 0.001, 0.1, 1, 10], 'alpha_neuron': [0], 'kernel_type': ['rbf', 'matern', 'periodic'], 'layer_width': [100, 250, 500, 750, 1000], 'num_inducing': [10, 25, 50, 75, 100]}",COMPLETE,
251,0.13602897499963942,2026-07-30 13:35:22.679580,2026-07-30 13:35:29.018343,6.338763,10.0,0,periodic,100,100,10.0,0,5.789927333011292,periodic,100,100,1,0.13602897499963942,251,"{'alpha_edge': [0, 0.001, 0.1, 1, 10], 'alpha_neuron': [0], 'kernel_type': ['rbf', 'matern', 'periodic'], 'layer_width': [100, 250, 500, 750, 1000], 'num_inducing': [10, 25, 50, 75, 100]}",COMPLETE,
252,0.13129008719109383,2026-07-30 13:35:29.022387,2026-07-30 13:35:53.856359,24.833972,0.0,0,rbf,750,100,0.0,0,23.411066707980353,rbf,750,100,1,0.13129008719109383,252,"{'alpha_edge': [0, 0.001, 0.1, 1, 10], 'alpha_neuron': [0], 'kernel_type': ['rbf', 'matern', 'periodic'], 'layer_width': [100, 250, 500, 750, 1000], 'num_inducing': [10, 25, 50, 75, 100]}",COMPLETE,
253,0.13037898714596763,2026-07-30 13:35:53.859469,2026-07-30 13:36:16.929886,23.070417,10.0,0,rbf,750,100,10.0,0,21.41314704105025,rbf,750,100,1,0.13037898714596763,253,"{'alpha_edge': [0, 0.001, 0.1, 1, 10], 'alpha_neuron': [0], 'kernel_type': ['rbf', 'matern', 'periodic'], 'layer_width': [100, 250, 500, 750, 1000], 'num_inducing': [10, 25, 50, 75, 100]}",COMPLETE,
254,0.14182592420038154,2026-07-30 13:36:16.940674,2026-07-30 13:36:24.930740,7.990066,10.0,0,rbf,1000,25,10.0,0,7.41105716698803,rbf,1000,25,1,0.14182592420038154,254,"{'alpha_edge': [0, 0.001, 0.1, 1, 10], 'alpha_neuron': [0], 'kernel_type': ['rbf', 'matern', 'periodic'], 'layer_width': [100, 250, 500, 750, 1000], 'num_inducing': [10, 25, 50, 75, 100]}",COMPLETE,
255,0.12719952629750933,2026-07-30 13:36:24.933787,2026-07-30 13:36:31.078309,6.144522,0.1,0,matern,250,50,0.1,0,5.5861586250248365,matern,250,50,1,0.12719952629750933,255,"{'alpha_edge': [0, 0.001, 0.1, 1, 10], 'alpha_neuron': [0], 'kernel_type': ['rbf', 'matern', 'periodic'], 'layer_width': [100, 250, 500, 750, 1000], 'num_inducing': [10, 25, 50, 75, 100]}",COMPLETE,
256,0.12752475569681904,2026-07-30 13:36:31.082141,2026-07-30 13:36:33.637340,2.555199,10.0,0,matern,250,25,10.0,0,2.262731208000332,matern,250,25,1,0.12752475569681904,256,"{'alpha_edge': [0, 0.001, 0.1, 1, 10], 'alpha_neuron': [0], 'kernel_type': ['rbf', 'matern', 'periodic'], 'layer_width': [100, 250, 500, 750, 1000], 'num_inducing': [10, 25, 50, 75, 100]}",COMPLETE,
257,0.13499435695634834,2026-07-30 13:36:33.640836,2026-07-30 13:36:34.774884,1.134048,0.001,0,rbf,250,10,0.001,0,1.026351375039667,rbf,250,10,1,0.13499435695634834,257,"{'alpha_edge': [0, 0.001, 0.1, 1, 10], 'alpha_neuron': [0], 'kernel_type': ['rbf', 'matern', 'periodic'], 'layer_width': [100, 250, 500, 750, 1000], 'num_inducing': [10, 25, 50, 75, 100]}",COMPLETE,
258,0.12399886724954118,2026-07-30 13:36:34.777796,2026-07-30 13:36:43.211287,8.433491,1.0,0,matern,250,75,1.0,0,7.553987416962627,matern,250,75,1,0.12399886724954118,258,"{'alpha_edge': [0, 0.001, 0.1, 1, 10], 'alpha_neuron': [0], 'kernel_type': ['rbf', 'matern', 'periodic'], 'layer_width': [100, 250, 500, 750, 1000], 'num_inducing': [10, 25, 50, 75, 100]}",COMPLETE,
259,0.12700857253395745,2026-07-30 13:36:43.214667,2026-07-30 13:36:47.249488,4.034821,0.0,0,rbf,500,25,0.0,0,3.59380691597471,rbf,500,25,1,0.12700857253395745,259,"{'alpha_edge': [0, 0.001, 0.1, 1, 10], 'alpha_neuron': [0], 'kernel_type': ['rbf', 'matern', 'periodic'], 'layer_width': [100, 250, 500, 750, 1000], 'num_inducing': [10, 25, 50, 75, 100]}",COMPLETE,
260,0.14304659873641876,2026-07-30 13:36:47.257523,2026-07-30 13:36:50.149341,2.891818,1.0,0,periodic,100,75,1.0,0,2.609810750000179,periodic,100,75,1,0.14304659873641876,260,"{'alpha_edge': [0, 0.001, 0.1, 1, 10], 'alpha_neuron': [0], 'kernel_type': ['rbf', 'matern', 'periodic'], 'layer_width': [100, 250, 500, 750, 1000], 'num_inducing': [10, 25, 50, 75, 100]}",COMPLETE,
261,0.12694497610731245,2026-07-30 13:36:50.152562,2026-07-30 13:36:53.737308,3.584746,0.001,0,rbf,500,25,0.001,0,3.2516649170429446,rbf,500,25,1,0.12694497610731245,261,"{'alpha_edge': [0, 0.001, 0.1, 1, 10], 'alpha_neuron': [0], 'kernel_type': ['rbf', 'matern', 'periodic'], 'layer_width': [100, 250, 500, 750, 1000], 'num_inducing': [10, 25, 50, 75, 100]}",COMPLETE,
262,0.1262625204693454,2026-07-30 13:36:53.741107,2026-07-30 13:36:57.894651,4.153544,0.0,0,matern,500,25,0.0,0,3.726835250039585,matern,500,25,1,0.1262625204693454,262,"{'alpha_edge': [0, 0.001, 0.1, 1, 10], 'alpha_neuron': [0], 'kernel_type': ['rbf', 'matern', 'periodic'], 'layer_width': [100, 250, 500, 750, 1000], 'num_inducing': [10, 25, 50, 75, 100]}",COMPLETE,
263,0.12600870489014904,2026-07-30 13:36:57.897806,2026-07-30 13:37:02.531088,4.633282,10.0,0,periodic,250,50,10.0,0,4.147502625011839,periodic,250,50,1,0.12600870489014904,263,"{'alpha_edge': [0, 0.001, 0.1, 1, 10], 'alpha_neuron': [0], 'kernel_type': ['rbf', 'matern', 'periodic'], 'layer_width': [100, 250, 500, 750, 1000], 'num_inducing': [10, 25, 50, 75, 100]}",COMPLETE,
264,0.133143056414801,2026-07-30 13:37:02.534050,2026-07-30 13:37:09.856326,7.322276,0.0,0,periodic,250,75,0.0,0,6.582023833005223,periodic,250,75,1,0.133143056414801,264,"{'alpha_edge': [0, 0.001, 0.1, 1, 10], 'alpha_neuron': [0], 'kernel_type': ['rbf', 'matern', 'periodic'], 'layer_width': [100, 250, 500, 750, 1000], 'num_inducing': [10, 25, 50, 75, 100]}",COMPLETE,
265,0.13023234898538769,2026-07-30 13:37:09.859360,2026-07-30 13:37:16.778444,6.919084,0.0,0,matern,750,25,0.0,0,6.281026291952003,matern,750,25,1,0.13023234898538769,265,"{'alpha_edge': [0, 0.001, 0.1, 1, 10], 'alpha_neuron': [0], 'kernel_type': ['rbf', 'matern', 'periodic'], 'layer_width': [100, 250, 500, 750, 1000], 'num_inducing': [10, 25, 50, 75, 100]}",COMPLETE,
266,0.14710128308477796,2026-07-30 13:37:16.781495,2026-07-30 13:37:17.274533,0.493038,0.0,0,periodic,100,10,0.0,0,0.44176266697468236,periodic,100,10,1,0.14710128308477796,266,"{'alpha_edge': [0, 0.001, 0.1, 1, 10], 'alpha_neuron': [0], 'kernel_type': ['rbf', 'matern', 'periodic'], 'layer_width': [100, 250, 500, 750, 1000], 'num_inducing': [10, 25, 50, 75, 100]}",COMPLETE,
267,0.13282378256451477,2026-07-30 13:37:17.277432,2026-07-30 13:37:26.150077,8.872645,0.1,0,periodic,250,100,0.1,0,8.001571499975398,periodic,250,100,1,0.13282378256451477,267,"{'alpha_edge': [0, 0.001, 0.1, 1, 10], 'alpha_neuron': [0], 'kernel_type': ['rbf', 'matern', 'periodic'], 'layer_width': [100, 250, 500, 750, 1000], 'num_inducing': [10, 25, 50, 75, 100]}",COMPLETE,
268,0.17829794771689886,2026-07-30 13:37:26.153058,2026-07-30 13:37:31.661796,5.508738,1.0,0,periodic,1000,10,1.0,0,4.9803419999661855,periodic,1000,10,1,0.17829794771689886,268,"{'alpha_edge': [0, 0.001, 0.1, 1, 10], 'alpha_neuron': [0], 'kernel_type': ['rbf', 'matern', 'periodic'], 'layer_width': [100, 250, 500, 750, 1000], 'num_inducing': [10, 25, 50, 75, 100]}",COMPLETE,
269,0.13425002270971131,2026-07-30 13:37:31.665005,2026-07-30 13:38:03.266577,31.601572,1.0,0,periodic,750,100,1.0,0,28.040411999973003,periodic,750,100,1,0.13425002270971131,269,"{'alpha_edge': [0, 0.001, 0.1, 1, 10], 'alpha_neuron': [0], 'kernel_type': ['rbf', 'matern', 'periodic'], 'layer_width': [100, 250, 500, 750, 1000], 'num_inducing': [10, 25, 50, 75, 100]}",COMPLETE,
270,0.12193733776848188,2026-07-30 13:38:03.269720,2026-07-30 13:38:10.265227,6.995507,10.0,0,rbf,250,75,10.0,0,6.400599582993891,rbf,250,75,1,0.12193733776848188,270,"{'alpha_edge': [0, 0.001, 0.1, 1, 10], 'alpha_neuron': [0], 'kernel_type': ['rbf', 'matern', 'periodic'], 'layer_width': [100, 250, 500, 750, 1000], 'num_inducing': [10, 25, 50, 75, 100]}",COMPLETE,
271,0.1357322509383161,2026-07-30 13:38:10.268143,2026-07-30 13:38:44.761861,34.493718,0.001,0,matern,1000,75,0.001,0,31.655681625008583,matern,1000,75,1,0.1357322509383161,271,"{'alpha_edge': [0, 0.001, 0.1, 1, 10], 'alpha_neuron': [0], 'kernel_type': ['rbf', 'matern', 'periodic'], 'layer_width': [100, 250, 500, 750, 1000], 'num_inducing': [10, 25, 50, 75, 100]}",COMPLETE,
272,0.16299802851777992,2026-07-30 13:38:44.766947,2026-07-30 13:39:05.940216,21.173269,0.1,0,periodic,1000,50,0.1,0,19.154733709001448,periodic,1000,50,1,0.16299802851777992,272,"{'alpha_edge': [0, 0.001, 0.1, 1, 10], 'alpha_neuron': [0], 'kernel_type': ['rbf', 'matern', 'periodic'], 'layer_width': [100, 250, 500, 750, 1000], 'num_inducing': [10, 25, 50, 75, 100]}",COMPLETE,
273,0.12770171011694084,2026-07-30 13:39:05.942914,2026-07-30 13:39:16.111056,10.168142,0.0,0,periodic,500,50,0.0,0,8.997994624951389,periodic,500,50,1,0.12770171011694084,273,"{'alpha_edge': [0, 0.001, 0.1, 1, 10], 'alpha_neuron': [0], 'kernel_type': ['rbf', 'matern', 'periodic'], 'layer_width': [100, 250, 500, 750, 1000], 'num_inducing': [10, 25, 50, 75, 100]}",COMPLETE,
274,0.12751831004747,2026-07-30 13:39:16.116284,2026-07-30 13:39:21.300248,5.183964,1.0,0,periodic,250,50,1.0,0,4.7039270420209505,periodic,250,50,1,0.12751831004747,274,"{'alpha_edge': [0, 0.001, 0.1, 1, 10], 'alpha_neuron': [0], 'kernel_type': ['rbf', 'matern', 'periodic'], 'layer_width': [100, 250, 500, 750, 1000], 'num_inducing': [10, 25, 50, 75, 100]}",COMPLETE,
275,0.1267895303706915,2026-07-30 13:39:21.303382,2026-07-30 13:39:23.155734,1.852352,0.001,0,periodic,250,10,0.001,0,1.6577120829606429,periodic,250,10,1,0.1267895303706915,275,"{'alpha_edge': [0, 0.001, 0.1, 1, 10], 'alpha_neuron': [0], 'kernel_type': ['rbf', 'matern', 'periodic'], 'layer_width': [100, 250, 500, 750, 1000], 'num_inducing': [10, 25, 50, 75, 100]}",COMPLETE,
276,0.12504676235569984,2026-07-30 13:39:23.161970,2026-07-30 13:39:35.404477,12.242507,0.1,0,matern,500,50,0.1,0,11.242849583970383,matern,500,50,1,0.12504676235569984,276,"{'alpha_edge': [0, 0.001, 0.1, 1, 10], 'alpha_neuron': [0], 'kernel_type': ['rbf', 'matern', 'periodic'], 'layer_width': [100, 250, 500, 750, 1000], 'num_inducing': [10, 25, 50, 75, 100]}",COMPLETE,
277,0.1761683180535783,2026-07-30 13:39:35.409766,2026-07-30 13:40:02.989787,27.580021,0.0,0,rbf,1000,75,0.0,0,25.31541608303087,rbf,1000,75,1,0.1761683180535783,277,"{'alpha_edge': [0, 0.001, 0.1, 1, 10], 'alpha_neuron': [0], 'kernel_type': ['rbf', 'matern', 'periodic'], 'layer_width': [100, 250, 500, 750, 1000], 'num_inducing': [10, 25, 50, 75, 100]}",COMPLETE,
278,0.1302116502700472,2026-07-30 13:40:03.086448,2026-07-30 13:40:26.304374,23.217926,0.0,0,matern,750,75,0.0,0,21.44672783301212,matern,750,75,1,0.1302116502700472,278,"{'alpha_edge': [0, 0.001, 0.1, 1, 10], 'alpha_neuron': [0], 'kernel_type': ['rbf', 'matern', 'periodic'], 'layer_width': [100, 250, 500, 750, 1000], 'num_inducing': [10, 25, 50, 75, 100]}",COMPLETE,
279,0.143017222152131,2026-07-30 13:40:26.308729,2026-07-30 13:40:26.772726,0.463997,0.0,0,rbf,100,10,0.0,0,0.42409345804480836,rbf,100,10,1,0.143017222152131,279,"{'alpha_edge': [0, 0.001, 0.1, 1, 10], 'alpha_neuron': [0], 'kernel_type': ['rbf', 'matern', 'periodic'], 'layer_width': [100, 250, 500, 750, 1000], 'num_inducing': [10, 25, 50, 75, 100]}",COMPLETE,
280,0.1329224127836019,2026-07-30 13:40:26.776083,2026-07-30 13:40:28.190100,1.414017,0.1,0,periodic,100,25,0.1,0,1.2612448330037296,periodic,100,25,1,0.1329224127836019,280,"{'alpha_edge': [0, 0.001, 0.1, 1, 10], 'alpha_neuron': [0], 'kernel_type': ['rbf', 'matern', 'periodic'], 'layer_width': [100, 250, 500, 750, 1000], 'num_inducing': [10, 25, 50, 75, 100]}",COMPLETE,
281,0.13029299239440797,2026-07-30 13:40:28.193844,2026-07-30 13:40:33.664752,5.470908,10.0,0,rbf,750,10,10.0,0,5.049835209036246,rbf,750,10,1,0.13029299239440797,281,"{'alpha_edge': [0, 0.001, 0.1, 1, 10], 'alpha_neuron': [0], 'kernel_type': ['rbf', 'matern', 'periodic'], 'layer_width': [100, 250, 500, 750, 1000], 'num_inducing': [10, 25, 50, 75, 100]}",COMPLETE,
282,0.13537511707747119,2026-07-30 13:40:33.693531,2026-07-30 13:40:57.583316,23.889785,0.001,0,rbf,1000,75,0.001,0,22.387434540956747,rbf,1000,75,1,0.13537511707747119,282,"{'alpha_edge': [0, 0.001, 0.1, 1, 10], 'alpha_neuron': [0], 'kernel_type': ['rbf', 'matern', 'periodic'], 'layer_width': [100, 250, 500, 750, 1000], 'num_inducing': [10, 25, 50, 75, 100]}",COMPLETE,
283,0.14472070249484326,2026-07-30 13:40:57.587331,2026-07-30 13:41:00.353373,2.766042,0.1,0,matern,100,75,0.1,0,2.4513135839952156,matern,100,75,1,0.14472070249484326,283,"{'alpha_edge': [0, 0.001, 0.1, 1, 10], 'alpha_neuron': [0], 'kernel_type': ['rbf', 'matern', 'periodic'], 'layer_width': [100, 250, 500, 750, 1000], 'num_inducing': [10, 25, 50, 75, 100]}",COMPLETE,
284,0.13794089229216583,2026-07-30 13:41:00.358003,2026-07-30 13:41:02.928378,2.570375,1.0,0,matern,250,25,1.0,0,2.3430102500133216,matern,250,25,1,0.13794089229216583,284,"{'alpha_edge': [0, 0.001, 0.1, 1, 10], 'alpha_neuron': [0], 'kernel_type': ['rbf', 'matern', 'periodic'], 'layer_width': [100, 250, 500, 750, 1000], 'num_inducing': [10, 25, 50, 75, 100]}",COMPLETE,
285,0.12961026980101956,2026-07-30 13:41:02.931491,2026-07-30 13:41:23.640858,20.709367,0.001,0,rbf,750,100,0.001,0,19.18905700003961,rbf,750,100,1,0.12961026980101956,285,"{'alpha_edge': [0, 0.001, 0.1, 1, 10], 'alpha_neuron': [0], 'kernel_type': ['rbf', 'matern', 'periodic'], 'layer_width': [100, 250, 500, 750, 1000], 'num_inducing': [10, 25, 50, 75, 100]}",COMPLETE,
286,0.13042985084268127,2026-07-30 13:41:23.643807,2026-07-30 13:41:53.197909,29.554102,10.0,0,matern,750,100,10.0,0,27.138998625043314,matern,750,100,1,0.13042985084268127,286,"{'alpha_edge': [0, 0.001, 0.1, 1, 10], 'alpha_neuron': [0], 'kernel_type': ['rbf', 'matern', 'periodic'], 'layer_width': [100, 250, 500, 750, 1000], 'num_inducing': [10, 25, 50, 75, 100]}",COMPLETE,
287,0.13446238548065048,2026-07-30 13:41:53.202957,2026-07-30 13:41:57.796134,4.593177,0.001,0,rbf,1000,10,0.001,0,4.304381042020395,rbf,1000,10,1,0.13446238548065048,287,"{'alpha_edge': [0, 0.001, 0.1, 1, 10], 'alpha_neuron': [0], 'kernel_type': ['rbf', 'matern', 'periodic'], 'layer_width': [100, 250, 500, 750, 1000], 'num_inducing': [10, 25, 50, 75, 100]}",COMPLETE,
288,0.13724182176082642,2026-07-30 13:41:57.799293,2026-07-30 13:41:58.727711,0.928418,10.0,0,matern,100,25,10.0,0,0.8434558329754509,matern,100,25,1,0.13724182176082642,288,"{'alpha_edge': [0, 0.001, 0.1, 1, 10], 'alpha_neuron': [0], 'kernel_type': ['rbf', 'matern', 'periodic'], 'layer_width': [100, 250, 500, 750, 1000], 'num_inducing': [10, 25, 50, 75, 100]}",COMPLETE,
289,0.12815386876759494,2026-07-30 13:41:58.730717,2026-07-30 13:42:19.199034,20.468317,0.1,0,rbf,750,100,0.1,0,18.958076041017193,rbf,750,100,1,0.12815386876759494,289,"{'alpha_edge': [0, 0.001, 0.1, 1, 10], 'alpha_neuron': [0], 'kernel_type': ['rbf', 'matern', 'periodic'], 'layer_width': [100, 250, 500, 750, 1000], 'num_inducing': [10, 25, 50, 75, 100]}",COMPLETE,
290,0.13292812848473493,2026-07-30 13:42:19.204125,2026-07-30 13:42:47.485490,28.281365,0.0,0,periodic,750,100,0.0,0,25.642294040997513,periodic,750,100,1,0.13292812848473493,290,"{'alpha_edge': [0, 0.001, 0.1, 1, 10], 'alpha_neuron': [0], 'kernel_type': ['rbf', 'matern', 'periodic'], 'layer_width': [100, 250, 500, 750, 1000], 'num_inducing': [10, 25, 50, 75, 100]}",COMPLETE,
291,0.1348070847860133,2026-07-30 13:42:47.488662,2026-07-30 13:43:14.036314,26.547652,0.0,0,matern,1000,75,0.0,0,24.08777641702909,matern,1000,75,1,0.1348070847860133,291,"{'alpha_edge': [0, 0.001, 0.1, 1, 10], 'alpha_neuron': [0], 'kernel_type': ['rbf', 'matern', 'periodic'], 'layer_width': [100, 250, 500, 750, 1000], 'num_inducing': [10, 25, 50, 75, 100]}",COMPLETE,
292,0.1305630393265376,2026-07-30 13:43:14.039320,2026-07-30 13:43:18.751106,4.711786,0.1,0,periodic,250,50,0.1,0,4.2459462090046145,periodic,250,50,1,0.1305630393265376,292,"{'alpha_edge': [0, 0.001, 0.1, 1, 10], 'alpha_neuron': [0], 'kernel_type': ['rbf', 'matern', 'periodic'], 'layer_width': [100, 250, 500, 750, 1000], 'num_inducing': [10, 25, 50, 75, 100]}",COMPLETE,
293,0.12538716226487961,2026-07-30 13:43:18.754171,2026-07-30 13:43:22.795817,4.041646,1.0,0,periodic,100,100,1.0,0,3.609872290981002,periodic,100,100,1,0.12538716226487961,293,"{'alpha_edge': [0, 0.001, 0.1, 1, 10], 'alpha_neuron': [0], 'kernel_type': ['rbf', 'matern', 'periodic'], 'layer_width': [100, 250, 500, 750, 1000], 'num_inducing': [10, 25, 50, 75, 100]}",COMPLETE,
294,0.14365943162779057,2026-07-30 13:43:22.801791,2026-07-30 13:43:24.633927,1.832136,1.0,0,rbf,100,50,1.0,0,1.2846777910017408,rbf,100,50,1,0.14365943162779057,294,"{'alpha_edge': [0, 0.001, 0.1, 1, 10], 'alpha_neuron': [0], 'kernel_type': ['rbf', 'matern', 'periodic'], 'layer_width': [100, 250, 500, 750, 1000], 'num_inducing': [10, 25, 50, 75, 100]}",COMPLETE,
295,0.13753787864180492,2026-07-30 13:43:24.642124,2026-07-30 13:43:54.869481,30.227357,0.001,0,periodic,1000,75,0.001,0,27.30500120803481,periodic,1000,75,1,0.13753787864180492,295,"{'alpha_edge': [0, 0.001, 0.1, 1, 10], 'alpha_neuron': [0], 'kernel_type': ['rbf', 'matern', 'periodic'], 'layer_width': [100, 250, 500, 750, 1000], 'num_inducing': [10, 25, 50, 75, 100]}",COMPLETE,
296,0.13287378630810667,2026-07-30 13:43:54.872537,2026-07-30 13:44:17.273825,22.401288,0.001,0,periodic,750,75,0.001,0,20.221406500029843,periodic,750,75,1,0.13287378630810667,296,"{'alpha_edge': [0, 0.001, 0.1, 1, 10], 'alpha_neuron': [0], 'kernel_type': ['rbf', 'matern', 'periodic'], 'layer_width': [100, 250, 500, 750, 1000], 'num_inducing': [10, 25, 50, 75, 100]}",COMPLETE,
297,0.12450888857857624,2026-07-30 13:44:17.276832,2026-07-30 13:44:18.471052,1.19422,0.1,0,matern,250,10,0.1,0,1.0991352919954807,matern,250,10,1,0.12450888857857624,297,"{'alpha_edge': [0, 0.001, 0.1, 1, 10], 'alpha_neuron': [0], 'kernel_type': ['rbf', 'matern', 'periodic'], 'layer_width': [100, 250, 500, 750, 1000], 'num_inducing': [10, 25, 50, 75, 100]}",COMPLETE,
298,0.1292511623096591,2026-07-30 13:44:18.473907,2026-07-30 13:44:21.062910,2.589003,0.001,0,periodic,250,25,0.001,0,2.3500326669891365,periodic,250,25,1,0.1292511623096591,298,"{'alpha_edge': [0, 0.001, 0.1, 1, 10], 'alpha_neuron': [0], 'kernel_type': ['rbf', 'matern', 'periodic'], 'layer_width': [100, 250, 500, 750, 1000], 'num_inducing': [10, 25, 50, 75, 100]}",COMPLETE,
299,0.12382387371591584,2026-07-30 13:44:21.066712,2026-07-30 13:44:25.739986,4.673274,10.0,0,matern,250,50,10.0,0,4.273405665997416,matern,250,50,1,0.12382387371591584,299,"{'alpha_edge': [0, 0.001, 0.1, 1, 10], 'alpha_neuron': [0], 'kernel_type': ['rbf', 'matern', 'periodic'], 'layer_width': [100, 250, 500, 750, 1000], 'num_inducing': [10, 25, 50, 75, 100]}",COMPLETE,
300,0.3452433223635477,2026-07-30 13:44:25.742825,2026-07-30 13:44:55.218250,29.475425,10.0,0,periodic,1000,75,10.0,0,26.653703707968816,periodic,1000,75,1,0.3452433223635477,300,"{'alpha_edge': [0, 0.001, 0.1, 1, 10], 'alpha_neuron': [0], 'kernel_type': ['rbf', 'matern', 'periodic'], 'layer_width': [100, 250, 500, 750, 1000], 'num_inducing': [10, 25, 50, 75, 100]}",COMPLETE,
301,0.1270972570047576,2026-07-30 13:44:55.221399,2026-07-30 13:45:04.785256,9.563857,1.0,0,matern,500,50,1.0,0,8.680747082980815,matern,500,50,1,0.1270972570047576,301,"{'alpha_edge': [0, 0.001, 0.1, 1, 10], 'alpha_neuron': [0], 'kernel_type': ['rbf', 'matern', 'periodic'], 'layer_width': [100, 250, 500, 750, 1000], 'num_inducing': [10, 25, 50, 75, 100]}",COMPLETE,
302,0.1303781753012077,2026-07-30 13:45:04.788166,2026-07-30 13:45:07.753485,2.965319,0.1,0,periodic,100,75,0.1,0,2.630958041991107,periodic,100,75,1,0.1303781753012077,302,"{'alpha_edge': [0, 0.001, 0.1, 1, 10], 'alpha_neuron': [0], 'kernel_type': ['rbf', 'matern', 'periodic'], 'layer_width': [100, 250, 500, 750, 1000], 'num_inducing': [10, 25, 50, 75, 100]}",COMPLETE,
303,0.12321332519751911,2026-07-30 13:45:07.756579,2026-07-30 13:45:15.588068,7.831489,0.001,0,rbf,250,100,0.001,0,7.078895875019953,rbf,250,100,1,0.12321332519751911,303,"{'alpha_edge': [0, 0.001, 0.1, 1, 10], 'alpha_neuron': [0], 'kernel_type': ['rbf', 'matern', 'periodic'], 'layer_width': [100, 250, 500, 750, 1000], 'num_inducing': [10, 25, 50, 75, 100]}",COMPLETE,
304,0.13530467505138633,2026-07-30 13:45:15.591126,2026-07-30 13:45:25.393069,9.801943,0.001,0,matern,1000,25,0.001,0,9.028440375055652,matern,1000,25,1,0.13530467505138633,304,"{'alpha_edge': [0, 0.001, 0.1, 1, 10], 'alpha_neuron': [0], 'kernel_type': ['rbf', 'matern', 'periodic'], 'layer_width': [100, 250, 500, 750, 1000], 'num_inducing': [10, 25, 50, 75, 100]}",COMPLETE,
305,0.14589420895612343,2026-07-30 13:45:25.396105,2026-07-30 13:45:30.520979,5.124874,10.0,0,rbf,1000,10,10.0,0,4.546557458001189,rbf,1000,10,1,0.14589420895612343,305,"{'alpha_edge': [0, 0.001, 0.1, 1, 10], 'alpha_neuron': [0], 'kernel_type': ['rbf', 'matern', 'periodic'], 'layer_width': [100, 250, 500, 750, 1000], 'num_inducing': [10, 25, 50, 75, 100]}",COMPLETE,
306,0.13066659066682823,2026-07-30 13:45:30.524097,2026-07-30 13:45:37.692015,7.167918,10.0,0,matern,750,25,10.0,0,6.601464667008258,matern,750,25,1,0.13066659066682823,306,"{'alpha_edge': [0, 0.001, 0.1, 1, 10], 'alpha_neuron': [0], 'kernel_type': ['rbf', 'matern', 'periodic'], 'layer_width': [100, 250, 500, 750, 1000], 'num_inducing': [10, 25, 50, 75, 100]}",COMPLETE,
307,0.12719573684260013,2026-07-30 13:45:37.694945,2026-07-30 13:45:44.267315,6.57237,0.001,0,rbf,750,25,0.001,0,6.053368417022284,rbf,750,25,1,0.12719573684260013,307,"{'alpha_edge': [0, 0.001, 0.1, 1, 10], 'alpha_neuron': [0], 'kernel_type': ['rbf', 'matern', 'periodic'], 'layer_width': [100, 250, 500, 750, 1000], 'num_inducing': [10, 25, 50, 75, 100]}",COMPLETE,
308,0.12638530145382199,2026-07-30 13:45:44.271457,2026-07-30 13:45:47.920644,3.649187,0.001,0,rbf,250,50,0.001,0,3.408742790983524,rbf,250,50,1,0.12638530145382199,308,"{'alpha_edge': [0, 0.001, 0.1, 1, 10], 'alpha_neuron': [0], 'kernel_type': ['rbf', 'matern', 'periodic'], 'layer_width': [100, 250, 500, 750, 1000], 'num_inducing': [10, 25, 50, 75, 100]}",COMPLETE,
309,0.13073914778953732,2026-07-30 13:45:47.924644,2026-07-30 13:46:01.919674,13.99503,1.0,0,matern,750,50,1.0,0,12.748916000011377,matern,750,50,1,0.13073914778953732,309,"{'alpha_edge': [0, 0.001, 0.1, 1, 10], 'alpha_neuron': [0], 'kernel_type': ['rbf', 'matern', 'periodic'], 'layer_width': [100, 250, 500, 750, 1000], 'num_inducing': [10, 25, 50, 75, 100]}",COMPLETE,
310,0.1314693103840255,2026-07-30 13:46:01.922751,2026-07-30 13:46:31.094954,29.172203,0.001,0,matern,750,100,0.001,0,26.687682166986633,matern,750,100,1,0.1314693103840255,310,"{'alpha_edge': [0, 0.001, 0.1, 1, 10], 'alpha_neuron': [0], 'kernel_type': ['rbf', 'matern', 'periodic'], 'layer_width': [100, 250, 500, 750, 1000], 'num_inducing': [10, 25, 50, 75, 100]}",COMPLETE,
311,0.15451322857473807,2026-07-30 13:46:31.103041,2026-07-30 13:46:39.732085,8.629044,1.0,0,periodic,750,25,1.0,0,7.59805700002471,periodic,750,25,1,0.15451322857473807,311,"{'alpha_edge': [0, 0.001, 0.1, 1, 10], 'alpha_neuron': [0], 'kernel_type': ['rbf', 'matern', 'periodic'], 'layer_width': [100, 250, 500, 750, 1000], 'num_inducing': [10, 25, 50, 75, 100]}",COMPLETE,
312,0.1273464201614557,2026-07-30 13:46:39.736454,2026-07-30 13:46:45.048093,5.311639,0.0,0,periodic,250,50,0.0,0,4.801647791988216,periodic,250,50,1,0.1273464201614557,312,"{'alpha_edge': [0, 0.001, 0.1, 1, 10], 'alpha_neuron': [0], 'kernel_type': ['rbf', 'matern', 'periodic'], 'layer_width': [100, 250, 500, 750, 1000], 'num_inducing': [10, 25, 50, 75, 100]}",COMPLETE,
313,0.1247527222182879,2026-07-30 13:46:45.051163,2026-07-30 13:46:49.890415,4.839252,1.0,0,matern,250,50,1.0,0,4.398819542024285,matern,250,50,1,0.1247527222182879,313,"{'alpha_edge': [0, 0.001, 0.1, 1, 10], 'alpha_neuron': [0], 'kernel_type': ['rbf', 'matern', 'periodic'], 'layer_width': [100, 250, 500, 750, 1000], 'num_inducing': [10, 25, 50, 75, 100]}",COMPLETE,
314,0.128027254608215,2026-07-30 13:46:49.893422,2026-07-30 13:46:51.276076,1.382654,10.0,0,matern,250,10,10.0,0,1.2656097500002943,matern,250,10,1,0.128027254608215,314,"{'alpha_edge': [0, 0.001, 0.1, 1, 10], 'alpha_neuron': [0], 'kernel_type': ['rbf', 'matern', 'periodic'], 'layer_width': [100, 250, 500, 750, 1000], 'num_inducing': [10, 25, 50, 75, 100]}",COMPLETE,
315,0.1321204662154158,2026-07-30 13:46:51.279752,2026-07-30 13:47:05.301295,14.021543,0.0,0,matern,750,50,0.0,0,12.82854070799658,matern,750,50,1,0.1321204662154158,315,"{'alpha_edge': [0, 0.001, 0.1, 1, 10], 'alpha_neuron': [0], 'kernel_type': ['rbf', 'matern', 'periodic'], 'layer_width': [100, 250, 500, 750, 1000], 'num_inducing': [10, 25, 50, 75, 100]}",COMPLETE,
316,0.1237829566523901,2026-07-30 13:47:05.304274,2026-07-30 13:47:06.514572,1.210298,0.001,0,matern,250,10,0.001,0,1.1018700000131503,matern,250,10,1,0.1237829566523901,316,"{'alpha_edge': [0, 0.001, 0.1, 1, 10], 'alpha_neuron': [0], 'kernel_type': ['rbf', 'matern', 'periodic'], 'layer_width': [100, 250, 500, 750, 1000], 'num_inducing': [10, 25, 50, 75, 100]}",COMPLETE,
317,0.1346916901467973,2026-07-30 13:47:06.521100,2026-07-30 13:47:39.321080,32.79998,1.0,0,matern,1000,75,1.0,0,29.94974845898105,matern,1000,75,1,0.1346916901467973,317,"{'alpha_edge': [0, 0.001, 0.1, 1, 10], 'alpha_neuron': [0], 'kernel_type': ['rbf', 'matern', 'periodic'], 'layer_width': [100, 250, 500, 750, 1000], 'num_inducing': [10, 25, 50, 75, 100]}",COMPLETE,
318,0.14906062860729066,2026-07-30 13:47:39.324787,2026-07-30 13:47:42.998413,3.673626,10.0,0,matern,100,75,10.0,0,3.224836667010095,matern,100,75,1,0.14906062860729066,318,"{'alpha_edge': [0, 0.001, 0.1, 1, 10], 'alpha_neuron': [0], 'kernel_type': ['rbf', 'matern', 'periodic'], 'layer_width': [100, 250, 500, 750, 1000], 'num_inducing': [10, 25, 50, 75, 100]}",COMPLETE,
319,0.12776886725126935,2026-07-30 13:47:43.002509,2026-07-30 13:47:58.566845,15.564336,0.0,0,matern,500,75,0.0,0,14.137830334017053,matern,500,75,1,0.12776886725126935,319,"{'alpha_edge': [0, 0.001, 0.1, 1, 10], 'alpha_neuron': [0], 'kernel_type': ['rbf', 'matern', 'periodic'], 'layer_width': [100, 250, 500, 750, 1000], 'num_inducing': [10, 25, 50, 75, 100]}",COMPLETE,
320,0.1483544213778627,2026-07-30 13:47:58.569625,2026-07-30 13:48:01.684353,3.114728,0.0,0,periodic,100,75,0.0,0,2.8103070000070147,periodic,100,75,1,0.1483544213778627,320,"{'alpha_edge': [0, 0.001, 0.1, 1, 10], 'alpha_neuron': [0], 'kernel_type': ['rbf', 'matern', 'periodic'], 'layer_width': [100, 250, 500, 750, 1000], 'num_inducing': [10, 25, 50, 75, 100]}",COMPLETE,
321,0.1363135430069364,2026-07-30 13:48:01.687284,2026-07-30 13:48:17.629588,15.942304,10.0,0,rbf,1000,50,10.0,0,14.741748416039627,rbf,1000,50,1,0.1363135430069364,321,"{'alpha_edge': [0, 0.001, 0.1, 1, 10], 'alpha_neuron': [0], 'kernel_type': ['rbf', 'matern', 'periodic'], 'layer_width': [100, 250, 500, 750, 1000], 'num_inducing': [10, 25, 50, 75, 100]}",COMPLETE,
322,0.12887481437493978,2026-07-30 13:48:17.634347,2026-07-30 13:48:20.779332,3.144985,0.001,0,periodic,100,75,0.001,0,2.8334326250478625,periodic,100,75,1,0.12887481437493978,322,"{'alpha_edge': [0, 0.001, 0.1, 1, 10], 'alpha_neuron': [0], 'kernel_type': ['rbf', 'matern', 'periodic'], 'layer_width': [100, 250, 500, 750, 1000], 'num_inducing': [10, 25, 50, 75, 100]}",COMPLETE,
323,0.1545605295185611,2026-07-30 13:48:20.784141,2026-07-30 13:48:25.748157,4.964016,1.0,0,periodic,750,10,1.0,0,4.441965083009563,periodic,750,10,1,0.1545605295185611,323,"{'alpha_edge': [0, 0.001, 0.1, 1, 10], 'alpha_neuron': [0], 'kernel_type': ['rbf', 'matern', 'periodic'], 'layer_width': [100, 250, 500, 750, 1000], 'num_inducing': [10, 25, 50, 75, 100]}",COMPLETE,
324,0.14765405045343166,2026-07-30 13:48:25.751119,2026-07-30 13:48:28.880831,3.129712,0.0,0,matern,100,75,0.0,0,2.831202332978137,matern,100,75,1,0.14765405045343166,324,"{'alpha_edge': [0, 0.001, 0.1, 1, 10], 'alpha_neuron': [0], 'kernel_type': ['rbf', 'matern', 'periodic'], 'layer_width': [100, 250, 500, 750, 1000], 'num_inducing': [10, 25, 50, 75, 100]}",COMPLETE,
325,0.12276861523070014,2026-07-30 13:48:28.885065,2026-07-30 13:48:36.669192,7.784127,0.1,0,matern,250,75,0.1,0,7.0778440840076655,matern,250,75,1,0.12276861523070014,325,"{'alpha_edge': [0, 0.001, 0.1, 1, 10], 'alpha_neuron': [0], 'kernel_type': ['rbf', 'matern', 'periodic'], 'layer_width': [100, 250, 500, 750, 1000], 'num_inducing': [10, 25, 50, 75, 100]}",COMPLETE,
326,0.12716722725180993,2026-07-30 13:48:36.671986,2026-07-30 13:48:49.323760,12.651774,0.1,0,rbf,500,75,0.1,0,11.777156082971487,rbf,500,75,1,0.12716722725180993,326,"{'alpha_edge': [0, 0.001, 0.1, 1, 10], 'alpha_neuron': [0], 'kernel_type': ['rbf', 'matern', 'periodic'], 'layer_width': [100, 250, 500, 750, 1000], 'num_inducing': [10, 25, 50, 75, 100]}",COMPLETE,
327,0.13463150448261146,2026-07-30 13:48:49.326718,2026-07-30 13:48:50.192795,0.866077,0.1,0,rbf,100,25,0.1,0,0.7629182090167888,rbf,100,25,1,0.13463150448261146,327,"{'alpha_edge': [0, 0.001, 0.1, 1, 10], 'alpha_neuron': [0], 'kernel_type': ['rbf', 'matern', 'periodic'], 'layer_width': [100, 250, 500, 750, 1000], 'num_inducing': [10, 25, 50, 75, 100]}",COMPLETE,
328,0.1309348618213841,2026-07-30 13:48:50.195892,2026-07-30 13:49:14.757044,24.561152,1.0,0,rbf,750,100,1.0,0,22.672079625015613,rbf,750,100,1,0.1309348618213841,328,"{'alpha_edge': [0, 0.001, 0.1, 1, 10], 'alpha_neuron': [0], 'kernel_type': ['rbf', 'matern', 'periodic'], 'layer_width': [100, 250, 500, 750, 1000], 'num_inducing': [10, 25, 50, 75, 100]}",COMPLETE,
329,0.1318546471590623,2026-07-30 13:49:14.760275,2026-07-30 13:49:16.845301,2.085026,0.1,0,periodic,100,50,0.1,0,1.7841336670098826,periodic,100,50,1,0.1318546471590623,329,"{'alpha_edge': [0, 0.001, 0.1, 1, 10], 'alpha_neuron': [0], 'kernel_type': ['rbf', 'matern', 'periodic'], 'layer_width': [100, 250, 500, 750, 1000], 'num_inducing': [10, 25, 50, 75, 100]}",COMPLETE,
330,0.126437719425554,2026-07-30 13:49:16.849950,2026-07-30 13:49:19.545110,2.69516,0.0,0,matern,250,25,0.0,0,2.4611211660085246,matern,250,25,1,0.126437719425554,330,"{'alpha_edge': [0, 0.001, 0.1, 1, 10], 'alpha_neuron': [0], 'kernel_type': ['rbf', 'matern', 'periodic'], 'layer_width': [100, 250, 500, 750, 1000], 'num_inducing': [10, 25, 50, 75, 100]}",COMPLETE,
331,0.12579714269005846,2026-07-30 13:49:19.550798,2026-07-30 13:49:24.462622,4.911824,0.0,0,matern,250,50,0.0,0,4.409672999987379,matern,250,50,1,0.12579714269005846,331,"{'alpha_edge': [0, 0.001, 0.1, 1, 10], 'alpha_neuron': [0], 'kernel_type': ['rbf', 'matern', 'periodic'], 'layer_width': [100, 250, 500, 750, 1000], 'num_inducing': [10, 25, 50, 75, 100]}",COMPLETE,
332,0.13925499581442938,2026-07-30 13:49:24.467504,2026-07-30 13:49:26.680903,2.213399,0.001,0,periodic,100,50,0.001,0,1.9931709580123425,periodic,100,50,1,0.13925499581442938,332,"{'alpha_edge': [0, 0.001, 0.1, 1, 10], 'alpha_neuron': [0], 'kernel_type': ['rbf', 'matern', 'periodic'], 'layer_width': [100, 250, 500, 750, 1000], 'num_inducing': [10, 25, 50, 75, 100]}",COMPLETE,
333,0.12630624564699067,2026-07-30 13:49:26.689095,2026-07-30 13:49:29.299138,2.610043,0.1,0,matern,500,10,0.1,0,2.3899207500508055,matern,500,10,1,0.12630624564699067,333,"{'alpha_edge': [0, 0.001, 0.1, 1, 10], 'alpha_neuron': [0], 'kernel_type': ['rbf', 'matern', 'periodic'], 'layer_width': [100, 250, 500, 750, 1000], 'num_inducing': [10, 25, 50, 75, 100]}",COMPLETE,
334,0.13696194981403484,2026-07-30 13:49:29.302834,2026-07-30 13:49:50.444345,21.141511,10.0,0,matern,1000,50,10.0,0,19.02959158300655,matern,1000,50,1,0.13696194981403484,334,"{'alpha_edge': [0, 0.001, 0.1, 1, 10], 'alpha_neuron': [0], 'kernel_type': ['rbf', 'matern', 'periodic'], 'layer_width': [100, 250, 500, 750, 1000], 'num_inducing': [10, 25, 50, 75, 100]}",COMPLETE,
335,0.12791765669536398,2026-07-30 13:49:50.447474,2026-07-30 13:50:06.869593,16.422119,1.0,0,periodic,500,75,1.0,0,14.848019665980246,periodic,500,75,1,0.12791765669536398,335,"{'alpha_edge': [0, 0.001, 0.1, 1, 10], 'alpha_neuron': [0], 'kernel_type': ['rbf', 'matern', 'periodic'], 'layer_width': [100, 250, 500, 750, 1000], 'num_inducing': [10, 25, 50, 75, 100]}",COMPLETE,
336,0.13067422825047342,2026-07-30 13:50:06.872604,2026-07-30 13:50:09.029719,2.157115,10.0,0,periodic,100,50,10.0,0,1.8667604170041159,periodic,100,50,1,0.13067422825047342,336,"{'alpha_edge': [0, 0.001, 0.1, 1, 10], 'alpha_neuron': [0], 'kernel_type': ['rbf', 'matern', 'periodic'], 'layer_width': [100, 250, 500, 750, 1000], 'num_inducing': [10, 25, 50, 75, 100]}",COMPLETE,
337,0.134151040928005,2026-07-30 13:50:09.034380,2026-07-30 13:50:31.491545,22.457165,0.001,0,periodic,1000,50,0.001,0,19.87399212497985,periodic,1000,50,1,0.134151040928005,337,"{'alpha_edge': [0, 0.001, 0.1, 1, 10], 'alpha_neuron': [0], 'kernel_type': ['rbf', 'matern', 'periodic'], 'layer_width': [100, 250, 500, 750, 1000], 'num_inducing': [10, 25, 50, 75, 100]}",COMPLETE,
338,0.1410310132528321,2026-07-30 13:50:31.494541,2026-07-30 13:50:34.900648,3.406107,1.0,0,periodic,500,10,1.0,0,3.0909616249846295,periodic,500,10,1,0.1410310132528321,338,"{'alpha_edge': [0, 0.001, 0.1, 1, 10], 'alpha_neuron': [0], 'kernel_type': ['rbf', 'matern', 'periodic'], 'layer_width': [100, 250, 500, 750, 1000], 'num_inducing': [10, 25, 50, 75, 100]}",COMPLETE,
339,0.13768669975485576,2026-07-30 13:50:34.903510,2026-07-30 13:50:40.851202,5.947692,10.0,0,matern,1000,10,10.0,0,5.486318458977621,matern,1000,10,1,0.13768669975485576,339,"{'alpha_edge': [0, 0.001, 0.1, 1, 10], 'alpha_neuron': [0], 'kernel_type': ['rbf', 'matern', 'periodic'], 'layer_width': [100, 250, 500, 750, 1000], 'num_inducing': [10, 25, 50, 75, 100]}",COMPLETE,
340,0.14583344704942186,2026-07-30 13:50:40.854418,2026-07-30 13:50:42.842146,1.987728,0.1,0,matern,100,50,0.1,0,1.821130666998215,matern,100,50,1,0.14583344704942186,340,"{'alpha_edge': [0, 0.001, 0.1, 1, 10], 'alpha_neuron': [0], 'kernel_type': ['rbf', 'matern', 'periodic'], 'layer_width': [100, 250, 500, 750, 1000], 'num_inducing': [10, 25, 50, 75, 100]}",COMPLETE,
341,0.1370756421438207,2026-07-30 13:50:42.845082,2026-07-30 13:51:14.612526,31.767444,0.001,0,rbf,1000,100,0.001,0,29.59232062502997,rbf,1000,100,1,0.1370756421438207,341,"{'alpha_edge': [0, 0.001, 0.1, 1, 10], 'alpha_neuron': [0], 'kernel_type': ['rbf', 'matern', 'periodic'], 'layer_width': [100, 250, 500, 750, 1000], 'num_inducing': [10, 25, 50, 75, 100]}",COMPLETE,
342,0.12700048021316218,2026-07-30 13:51:14.617618,2026-07-30 13:51:29.268279,14.650661,10.0,0,matern,500,75,10.0,0,13.50747508299537,matern,500,75,1,0.12700048021316218,342,"{'alpha_edge': [0, 0.001, 0.1, 1, 10], 'alpha_neuron': [0], 'kernel_type': ['rbf', 'matern', 'periodic'], 'layer_width': [100, 250, 500, 750, 1000], 'num_inducing': [10, 25, 50, 75, 100]}",COMPLETE,
343,0.12928028341956713,2026-07-30 13:51:29.271451,2026-07-30 13:51:31.820120,2.548669,10.0,0,matern,500,10,10.0,0,2.3450756250531413,matern,500,10,1,0.12928028341956713,343,"{'alpha_edge': [0, 0.001, 0.1, 1, 10], 'alpha_neuron': [0], 'kernel_type': ['rbf', 'matern', 'periodic'], 'layer_width': [100, 250, 500, 750, 1000], 'num_inducing': [10, 25, 50, 75, 100]}",COMPLETE,
344,0.13598831568718267,2026-07-30 13:51:31.823820,2026-07-30 13:51:52.102976,20.279156,0.1,0,matern,1000,50,0.1,0,18.46304624999175,matern,1000,50,1,0.13598831568718267,344,"{'alpha_edge': [0, 0.001, 0.1, 1, 10], 'alpha_neuron': [0], 'kernel_type': ['rbf', 'matern', 'periodic'], 'layer_width': [100, 250, 500, 750, 1000], 'num_inducing': [10, 25, 50, 75, 100]}",COMPLETE,
345,0.13212239114120114,2026-07-30 13:51:52.108910,2026-07-30 13:52:10.752000,18.64309,1.0,0,rbf,750,75,1.0,0,17.086901874979958,rbf,750,75,1,0.13212239114120114,345,"{'alpha_edge': [0, 0.001, 0.1, 1, 10], 'alpha_neuron': [0], 'kernel_type': ['rbf', 'matern', 'periodic'], 'layer_width': [100, 250, 500, 750, 1000], 'num_inducing': [10, 25, 50, 75, 100]}",COMPLETE,
346,0.13045099455898623,2026-07-30 13:52:10.758564,2026-07-30 13:52:15.585524,4.82696,0.001,0,matern,750,10,0.001,0,4.377313832985237,matern,750,10,1,0.13045099455898623,346,"{'alpha_edge': [0, 0.001, 0.1, 1, 10], 'alpha_neuron': [0], 'kernel_type': ['rbf', 'matern', 'periodic'], 'layer_width': [100, 250, 500, 750, 1000], 'num_inducing': [10, 25, 50, 75, 100]}",COMPLETE,
347,0.1301135542414044,2026-07-30 13:52:15.588228,2026-07-30 13:52:20.067574,4.479346,1.0,0,matern,750,10,1.0,0,4.126879125018604,matern,750,10,1,0.1301135542414044,347,"{'alpha_edge': [0, 0.001, 0.1, 1, 10], 'alpha_neuron': [0], 'kernel_type': ['rbf', 'matern', 'periodic'], 'layer_width': [100, 250, 500, 750, 1000], 'num_inducing': [10, 25, 50, 75, 100]}",COMPLETE,
348,0.21556619409921368,2026-07-30 13:52:20.070865,2026-07-30 13:52:41.313702,21.242837,0.0,0,periodic,1000,50,0.0,0,19.10316724999575,periodic,1000,50,1,0.21556619409921368,348,"{'alpha_edge': [0, 0.001, 0.1, 1, 10], 'alpha_neuron': [0], 'kernel_type': ['rbf', 'matern', 'periodic'], 'layer_width': [100, 250, 500, 750, 1000], 'num_inducing': [10, 25, 50, 75, 100]}",COMPLETE,
349,0.12376560721370701,2026-07-30 13:52:41.318387,2026-07-30 13:52:48.967124,7.648737,10.0,0,matern,250,75,10.0,0,7.010574957996141,matern,250,75,1,0.12376560721370701,349,"{'alpha_edge': [0, 0.001, 0.1, 1, 10], 'alpha_neuron': [0], 'kernel_type': ['rbf', 'matern', 'periodic'], 'layer_width': [100, 250, 500, 750, 1000], 'num_inducing': [10, 25, 50, 75, 100]}",COMPLETE,
350,0.13360055275216107,2026-07-30 13:52:48.971171,2026-07-30 13:52:49.555814,0.584643,0.0,0,matern,100,10,0.0,0,0.5341738749993965,matern,100,10,1,0.13360055275216107,350,"{'alpha_edge': [0, 0.001, 0.1, 1, 10], 'alpha_neuron': [0], 'kernel_type': ['rbf', 'matern', 'periodic'], 'layer_width': [100, 250, 500, 750, 1000], 'num_inducing': [10, 25, 50, 75, 100]}",COMPLETE,
351,0.13022314868882015,2026-07-30 13:52:49.558892,2026-07-30 13:52:53.409611,3.850719,0.1,0,rbf,750,10,0.1,0,3.4419452500296757,rbf,750,10,1,0.13022314868882015,351,"{'alpha_edge': [0, 0.001, 0.1, 1, 10], 'alpha_neuron': [0], 'kernel_type': ['rbf', 'matern', 'periodic'], 'layer_width': [100, 250, 500, 750, 1000], 'num_inducing': [10, 25, 50, 75, 100]}",COMPLETE,
352,0.12715018883400847,2026-07-30 13:52:53.412567,2026-07-30 13:53:03.356024,9.943457,10.0,0,matern,500,50,10.0,0,9.007564041996375,matern,500,50,1,0.12715018883400847,352,"{'alpha_edge': [0, 0.001, 0.1, 1, 10], 'alpha_neuron': [0], 'kernel_type': ['rbf', 'matern', 'periodic'], 'layer_width': [100, 250, 500, 750, 1000], 'num_inducing': [10, 25, 50, 75, 100]}",COMPLETE,
353,0.35844250764252,2026-07-30 13:53:03.359444,2026-07-30 13:53:18.873898,15.514454,10.0,0,periodic,750,50,10.0,0,13.837445290992036,periodic,750,50,1,0.35844250764252,353,"{'alpha_edge': [0, 0.001, 0.1, 1, 10], 'alpha_neuron': [0], 'kernel_type': ['rbf', 'matern', 'periodic'], 'layer_width': [100, 250, 500, 750, 1000], 'num_inducing': [10, 25, 50, 75, 100]}",COMPLETE,
354,0.13326623666595686,2026-07-30 13:53:18.889277,2026-07-30 13:53:49.314476,30.425199,0.1,0,rbf,1000,100,0.1,0,28.255016167007852,rbf,1000,100,1,0.13326623666595686,354,"{'alpha_edge': [0, 0.001, 0.1, 1, 10], 'alpha_neuron': [0], 'kernel_type': ['rbf', 'matern', 'periodic'], 'layer_width': [100, 250, 500, 750, 1000], 'num_inducing': [10, 25, 50, 75, 100]}",COMPLETE,
355,0.3887486399140941,2026-07-30 13:53:49.319770,2026-07-30 13:53:54.916970,5.5972,10.0,0,periodic,500,25,10.0,0,4.9814124159747735,periodic,500,25,1,0.3887486399140941,355,"{'alpha_edge': [0, 0.001, 0.1, 1, 10], 'alpha_neuron': [0], 'kernel_type': ['rbf', 'matern', 'periodic'], 'layer_width': [100, 250, 500, 750, 1000], 'num_inducing': [10, 25, 50, 75, 100]}",COMPLETE,
356,0.12944063133180334,2026-07-30 13:53:54.920004,2026-07-30 13:54:14.456478,19.536474,0.0,0,matern,500,100,0.0,0,18.028738000022713,matern,500,100,1,0.12944063133180334,356,"{'alpha_edge': [0, 0.001, 0.1, 1, 10], 'alpha_neuron': [0], 'kernel_type': ['rbf', 'matern', 'periodic'], 'layer_width': [100, 250, 500, 750, 1000], 'num_inducing': [10, 25, 50, 75, 100]}",COMPLETE,
357,0.12946104748261733,2026-07-30 13:54:14.459547,2026-07-30 13:54:37.039051,22.579504,0.1,0,matern,750,75,0.1,0,20.564268707996234,matern,750,75,1,0.12946104748261733,357,"{'alpha_edge': [0, 0.001, 0.1, 1, 10], 'alpha_neuron': [0], 'kernel_type': ['rbf', 'matern', 'periodic'], 'layer_width': [100, 250, 500, 750, 1000], 'num_inducing': [10, 25, 50, 75, 100]}",COMPLETE,
358,0.12549503438112877,2026-07-30 13:54:37.043363,2026-07-30 13:54:52.961106,15.917743,10.0,0,rbf,500,100,10.0,0,14.757991207996383,rbf,500,100,1,0.12549503438112877,358,"{'alpha_edge': [0, 0.001, 0.1, 1, 10], 'alpha_neuron': [0], 'kernel_type': ['rbf', 'matern', 'periodic'], 'layer_width': [100, 250, 500, 750, 1000], 'num_inducing': [10, 25, 50, 75, 100]}",COMPLETE,
359,0.12378354164821265,2026-07-30 13:54:52.964096,2026-07-30 13:55:04.387208,11.423112,0.001,0,rbf,500,75,0.001,0,10.618217125011142,rbf,500,75,1,0.12378354164821265,359,"{'alpha_edge': [0, 0.001, 0.1, 1, 10], 'alpha_neuron': [0], 'kernel_type': ['rbf', 'matern', 'periodic'], 'layer_width': [100, 250, 500, 750, 1000], 'num_inducing': [10, 25, 50, 75, 100]}",COMPLETE,
360,0.13692049893280941,2026-07-30 13:55:04.392786,2026-07-30 13:55:11.026490,6.633704,0.0,0,periodic,1000,10,0.0,0,5.939188042015303,periodic,1000,10,1,0.13692049893280941,360,"{'alpha_edge': [0, 0.001, 0.1, 1, 10], 'alpha_neuron': [0], 'kernel_type': ['rbf', 'matern', 'periodic'], 'layer_width': [100, 250, 500, 750, 1000], 'num_inducing': [10, 25, 50, 75, 100]}",COMPLETE,
361,0.12561602453994425,2026-07-30 13:55:11.029507,2026-07-30 13:55:18.655920,7.626413,0.001,0,rbf,500,50,0.001,0,7.0903934160014614,rbf,500,50,1,0.12561602453994425,361,"{'alpha_edge': [0, 0.001, 0.1, 1, 10], 'alpha_neuron': [0], 'kernel_type': ['rbf', 'matern', 'periodic'], 'layer_width': [100, 250, 500, 750, 1000], 'num_inducing': [10, 25, 50, 75, 100]}",COMPLETE,
362,0.15090826985310646,2026-07-30 13:55:18.658962,2026-07-30 13:55:34.379800,15.720838,1.0,0,periodic,750,50,1.0,0,13.870113959012087,periodic,750,50,1,0.15090826985310646,362,"{'alpha_edge': [0, 0.001, 0.1, 1, 10], 'alpha_neuron': [0], 'kernel_type': ['rbf', 'matern', 'periodic'], 'layer_width': [100, 250, 500, 750, 1000], 'num_inducing': [10, 25, 50, 75, 100]}",COMPLETE,
363,0.12945384027374582,2026-07-30 13:55:34.385234,2026-07-30 13:55:47.026021,12.640787,1.0,0,rbf,750,50,1.0,0,11.669398958038073,rbf,750,50,1,0.12945384027374582,363,"{'alpha_edge': [0, 0.001, 0.1, 1, 10], 'alpha_neuron': [0], 'kernel_type': ['rbf', 'matern', 'periodic'], 'layer_width': [100, 250, 500, 750, 1000], 'num_inducing': [10, 25, 50, 75, 100]}",COMPLETE,
364,0.13093900134841605,2026-07-30 13:55:47.029212,2026-07-30 13:55:49.508132,2.47892,1.0,0,periodic,100,50,1.0,0,2.2390370000503026,periodic,100,50,1,0.13093900134841605,364,"{'alpha_edge': [0, 0.001, 0.1, 1, 10], 'alpha_neuron': [0], 'kernel_type': ['rbf', 'matern', 'periodic'], 'layer_width': [100, 250, 500, 750, 1000], 'num_inducing': [10, 25, 50, 75, 100]}",COMPLETE,
365,0.1338563038284293,2026-07-30 13:55:49.510957,2026-07-30 13:55:55.703817,6.19286,0.1,0,periodic,500,25,0.1,0,5.5167038749787025,periodic,500,25,1,0.1338563038284293,365,"{'alpha_edge': [0, 0.001, 0.1, 1, 10], 'alpha_neuron': [0], 'kernel_type': ['rbf', 'matern', 'periodic'], 'layer_width': [100, 250, 500, 750, 1000], 'num_inducing': [10, 25, 50, 75, 100]}",COMPLETE,
366,0.1302234552328738,2026-07-30 13:55:55.708569,2026-07-30 13:56:03.745035,8.036466,0.0,0,rbf,250,100,0.0,0,7.523906040994916,rbf,250,100,1,0.1302234552328738,366,"{'alpha_edge': [0, 0.001, 0.1, 1, 10], 'alpha_neuron': [0], 'kernel_type': ['rbf', 'matern', 'periodic'], 'layer_width': [100, 250, 500, 750, 1000], 'num_inducing': [10, 25, 50, 75, 100]}",COMPLETE,
367,0.12661846130145735,2026-07-30 13:56:03.748105,2026-07-30 13:56:14.651921,10.903816,10.0,0,periodic,250,100,10.0,0,9.87192949996097,periodic,250,100,1,0.12661846130145735,367,"{'alpha_edge': [0, 0.001, 0.1, 1, 10], 'alpha_neuron': [0], 'kernel_type': ['rbf', 'matern', 'periodic'], 'layer_width': [100, 250, 500, 750, 1000], 'num_inducing': [10, 25, 50, 75, 100]}",COMPLETE,
368,0.1392913698230337,2026-07-30 13:56:14.654801,2026-07-30 13:56:21.280330,6.625529,0.1,0,matern,1000,10,0.1,0,6.122084999980871,matern,1000,10,1,0.1392913698230337,368,"{'alpha_edge': [0, 0.001, 0.1, 1, 10], 'alpha_neuron': [0], 'kernel_type': ['rbf', 'matern', 'periodic'], 'layer_width': [100, 250, 500, 750, 1000], 'num_inducing': [10, 25, 50, 75, 100]}",COMPLETE,
369,0.1362193990412715,2026-07-30 13:56:21.283762,2026-07-30 13:56:22.731018,1.447256,1.0,0,matern,100,25,1.0,0,1.2549829590134323,matern,100,25,1,0.1362193990412715,369,"{'alpha_edge': [0, 0.001, 0.1, 1, 10], 'alpha_neuron': [0], 'kernel_type': ['rbf', 'matern', 'periodic'], 'layer_width': [100, 250, 500, 750, 1000], 'num_inducing': [10, 25, 50, 75, 100]}",COMPLETE,
370,0.13823288243761367,2026-07-30 13:56:22.753123,2026-07-30 13:56:55.753598,33.000475,10.0,0,rbf,1000,75,10.0,0,31.045790375035722,rbf,1000,75,1,0.13823288243761367,370,"{'alpha_edge': [0, 0.001, 0.1, 1, 10], 'alpha_neuron': [0], 'kernel_type': ['rbf', 'matern', 'periodic'], 'layer_width': [100, 250, 500, 750, 1000], 'num_inducing': [10, 25, 50, 75, 100]}",COMPLETE,
371,0.13020251981956746,2026-07-30 13:56:55.756455,2026-07-30 13:57:14.680913,18.924458,0.1,0,matern,750,50,0.1,0,16.579394083993975,matern,750,50,1,0.13020251981956746,371,"{'alpha_edge': [0, 0.001, 0.1, 1, 10], 'alpha_neuron': [0], 'kernel_type': ['rbf', 'matern', 'periodic'], 'layer_width': [100, 250, 500, 750, 1000], 'num_inducing': [10, 25, 50, 75, 100]}",COMPLETE,
372,0.12986098574342494,2026-07-30 13:57:14.710989,2026-07-30 13:57:33.729718,19.018729,0.001,0,matern,750,50,0.001,0,17.441045458021108,matern,750,50,1,0.12986098574342494,372,"{'alpha_edge': [0, 0.001, 0.1, 1, 10], 'alpha_neuron': [0], 'kernel_type': ['rbf', 'matern', 'periodic'], 'layer_width': [100, 250, 500, 750, 1000], 'num_inducing': [10, 25, 50, 75, 100]}",COMPLETE,
373,0.13758032023248207,2026-07-30 13:57:33.733350,2026-07-30 13:57:59.957394,26.224044,0.0,0,matern,1000,50,0.0,0,24.292911374999676,matern,1000,50,1,0.13758032023248207,373,"{'alpha_edge': [0, 0.001, 0.1, 1, 10], 'alpha_neuron': [0], 'kernel_type': ['rbf', 'matern', 'periodic'], 'layer_width': [100, 250, 500, 750, 1000], 'num_inducing': [10, 25, 50, 75, 100]}",COMPLETE,
374,0.1354449355591686,2026-07-30 13:57:59.963148,2026-07-30 13:58:19.185746,19.222598,0.1,0,rbf,1000,50,0.1,0,17.7827642079792,rbf,1000,50,1,0.1354449355591686,374,"{'alpha_edge': [0, 0.001, 0.1, 1, 10], 'alpha_neuron': [0], 'kernel_type': ['rbf', 'matern', 'periodic'], 'layer_width': [100, 250, 500, 750, 1000], 'num_inducing': [10, 25, 50, 75, 100]}",COMPLETE,
