number,value,datetime_start,datetime_complete,duration,params_alpha_edge,params_alpha_neuron,params_kernel_type,params_layer_width,params_num_inducing,user_attrs_alpha_edge,user_attrs_alpha_neuron,fit_duration_sec,kernel_type,user_attrs_layer_width,user_attrs_num_inducing,sigma_scale,val_rmse,system_attrs_grid_id,system_attrs_search_space,state,test_rmse
0,0.0022907176180723887,2026-07-30 14:35:34.753204,2026-07-30 14:35:57.884143,23.130939,0.001,0,matern,1000,50,0.001,0,21.474838000023738,matern,1000,50,1,0.0022907176180723887,0,"{'alpha_edge': [0, 0.001, 0.1, 1, 10], 'alpha_neuron': [0], 'kernel_type': ['rbf', 'matern', 'periodic'], 'layer_width': [100, 250, 500, 750, 1000], 'num_inducing': [10, 25, 50, 75, 100]}",COMPLETE,
1,0.03264353912682815,2026-07-30 14:35:57.887219,2026-07-30 14:36:09.652416,11.765197,1.0,0,periodic,1000,25,1.0,0,10.54071179201128,periodic,1000,25,1,0.03264353912682815,1,"{'alpha_edge': [0, 0.001, 0.1, 1, 10], 'alpha_neuron': [0], 'kernel_type': ['rbf', 'matern', 'periodic'], 'layer_width': [100, 250, 500, 750, 1000], 'num_inducing': [10, 25, 50, 75, 100]}",COMPLETE,
2,0.00438785488204024,2026-07-30 14:36:09.675763,2026-07-30 14:36:17.566027,7.890264,10.0,0,rbf,500,50,10.0,0,7.3134525420027785,rbf,500,50,1,0.00438785488204024,2,"{'alpha_edge': [0, 0.001, 0.1, 1, 10], 'alpha_neuron': [0], 'kernel_type': ['rbf', 'matern', 'periodic'], 'layer_width': [100, 250, 500, 750, 1000], 'num_inducing': [10, 25, 50, 75, 100]}",COMPLETE,
3,0.02550224567548537,2026-07-30 14:36:17.569076,2026-07-30 14:36:20.525608,2.956532,0.1,0,periodic,500,10,0.1,0,2.6982909590005875,periodic,500,10,1,0.02550224567548537,3,"{'alpha_edge': [0, 0.001, 0.1, 1, 10], 'alpha_neuron': [0], 'kernel_type': ['rbf', 'matern', 'periodic'], 'layer_width': [100, 250, 500, 750, 1000], 'num_inducing': [10, 25, 50, 75, 100]}",COMPLETE,
4,0.051768018478897476,2026-07-30 14:36:20.528845,2026-07-30 14:36:24.445015,3.91617,0.1,0,periodic,100,100,0.1,0,3.497401707980316,periodic,100,100,1,0.051768018478897476,4,"{'alpha_edge': [0, 0.001, 0.1, 1, 10], 'alpha_neuron': [0], 'kernel_type': ['rbf', 'matern', 'periodic'], 'layer_width': [100, 250, 500, 750, 1000], 'num_inducing': [10, 25, 50, 75, 100]}",COMPLETE,
5,0.06426702917001106,2026-07-30 14:36:24.448058,2026-07-30 14:36:26.392673,1.944615,0.001,0,matern,100,50,0.001,0,1.795403708005324,matern,100,50,1,0.06426702917001106,5,"{'alpha_edge': [0, 0.001, 0.1, 1, 10], 'alpha_neuron': [0], 'kernel_type': ['rbf', 'matern', 'periodic'], 'layer_width': [100, 250, 500, 750, 1000], 'num_inducing': [10, 25, 50, 75, 100]}",COMPLETE,
6,0.008080142943140686,2026-07-30 14:36:26.395782,2026-07-30 14:36:58.949485,32.553703,1.0,0,rbf,1000,100,1.0,0,30.29948758298997,rbf,1000,100,1,0.008080142943140686,6,"{'alpha_edge': [0, 0.001, 0.1, 1, 10], 'alpha_neuron': [0], 'kernel_type': ['rbf', 'matern', 'periodic'], 'layer_width': [100, 250, 500, 750, 1000], 'num_inducing': [10, 25, 50, 75, 100]}",COMPLETE,
7,0.017091787628803385,2026-07-30 14:36:58.952859,2026-07-30 14:37:05.074843,6.121984,0.001,0,periodic,1000,10,0.001,0,5.6099518749979325,periodic,1000,10,1,0.017091787628803385,7,"{'alpha_edge': [0, 0.001, 0.1, 1, 10], 'alpha_neuron': [0], 'kernel_type': ['rbf', 'matern', 'periodic'], 'layer_width': [100, 250, 500, 750, 1000], 'num_inducing': [10, 25, 50, 75, 100]}",COMPLETE,
8,0.049483695477476504,2026-07-30 14:37:05.078056,2026-07-30 14:37:06.012964,0.934908,0.001,0,rbf,100,25,0.001,0,0.8407351250061765,rbf,100,25,1,0.049483695477476504,8,"{'alpha_edge': [0, 0.001, 0.1, 1, 10], 'alpha_neuron': [0], 'kernel_type': ['rbf', 'matern', 'periodic'], 'layer_width': [100, 250, 500, 750, 1000], 'num_inducing': [10, 25, 50, 75, 100]}",COMPLETE,
9,0.0885363500452815,2026-07-30 14:37:06.016228,2026-07-30 14:37:08.092770,2.076542,0.0,0,periodic,100,50,0.0,0,1.861526041990146,periodic,100,50,1,0.0885363500452815,9,"{'alpha_edge': [0, 0.001, 0.1, 1, 10], 'alpha_neuron': [0], 'kernel_type': ['rbf', 'matern', 'periodic'], 'layer_width': [100, 250, 500, 750, 1000], 'num_inducing': [10, 25, 50, 75, 100]}",COMPLETE,
10,0.08780112495012662,2026-07-30 14:37:08.096558,2026-07-30 14:37:08.464075,0.367517,10.0,0,rbf,100,10,10.0,0,0.33180350001202896,rbf,100,10,1,0.08780112495012662,10,"{'alpha_edge': [0, 0.001, 0.1, 1, 10], 'alpha_neuron': [0], 'kernel_type': ['rbf', 'matern', 'periodic'], 'layer_width': [100, 250, 500, 750, 1000], 'num_inducing': [10, 25, 50, 75, 100]}",COMPLETE,
11,0.002148867461210853,2026-07-30 14:37:08.466970,2026-07-30 14:37:17.283178,8.816208,0.1,0,rbf,1000,25,0.1,0,8.132891583023593,rbf,1000,25,1,0.002148867461210853,11,"{'alpha_edge': [0, 0.001, 0.1, 1, 10], 'alpha_neuron': [0], 'kernel_type': ['rbf', 'matern', 'periodic'], 'layer_width': [100, 250, 500, 750, 1000], 'num_inducing': [10, 25, 50, 75, 100]}",COMPLETE,
12,0.8244639925109957,2026-07-30 14:37:17.293949,2026-07-30 14:37:20.209517,2.915568,0.0,0,periodic,500,10,0.0,0,2.6685208750423044,periodic,500,10,1,0.8244639925109957,12,"{'alpha_edge': [0, 0.001, 0.1, 1, 10], 'alpha_neuron': [0], 'kernel_type': ['rbf', 'matern', 'periodic'], 'layer_width': [100, 250, 500, 750, 1000], 'num_inducing': [10, 25, 50, 75, 100]}",COMPLETE,
13,0.002100374443736303,2026-07-30 14:37:20.212608,2026-07-30 14:37:31.277650,11.065042,10.0,0,rbf,750,50,10.0,0,10.202190874959342,rbf,750,50,1,0.002100374443736303,13,"{'alpha_edge': [0, 0.001, 0.1, 1, 10], 'alpha_neuron': [0], 'kernel_type': ['rbf', 'matern', 'periodic'], 'layer_width': [100, 250, 500, 750, 1000], 'num_inducing': [10, 25, 50, 75, 100]}",COMPLETE,
14,0.11730242758749135,2026-07-30 14:37:31.282675,2026-07-30 14:37:32.891399,1.608724,10.0,0,periodic,250,10,10.0,0,1.4591320420149714,periodic,250,10,1,0.11730242758749135,14,"{'alpha_edge': [0, 0.001, 0.1, 1, 10], 'alpha_neuron': [0], 'kernel_type': ['rbf', 'matern', 'periodic'], 'layer_width': [100, 250, 500, 750, 1000], 'num_inducing': [10, 25, 50, 75, 100]}",COMPLETE,
15,0.020321326284604025,2026-07-30 14:37:32.894424,2026-07-30 14:37:41.147602,8.253178,0.1,0,periodic,750,25,0.1,0,7.410516459029168,periodic,750,25,1,0.020321326284604025,15,"{'alpha_edge': [0, 0.001, 0.1, 1, 10], 'alpha_neuron': [0], 'kernel_type': ['rbf', 'matern', 'periodic'], 'layer_width': [100, 250, 500, 750, 1000], 'num_inducing': [10, 25, 50, 75, 100]}",COMPLETE,
16,0.07744913891901808,2026-07-30 14:37:41.150853,2026-07-30 14:37:45.497547,4.346694,0.0,0,periodic,100,100,0.0,0,3.9664751249947585,periodic,100,100,1,0.07744913891901808,16,"{'alpha_edge': [0, 0.001, 0.1, 1, 10], 'alpha_neuron': [0], 'kernel_type': ['rbf', 'matern', 'periodic'], 'layer_width': [100, 250, 500, 750, 1000], 'num_inducing': [10, 25, 50, 75, 100]}",COMPLETE,
17,0.0027886536149350012,2026-07-30 14:37:45.500404,2026-07-30 14:38:02.385043,16.884639,0.1,0,rbf,750,75,0.1,0,15.597280457965098,rbf,750,75,1,0.0027886536149350012,17,"{'alpha_edge': [0, 0.001, 0.1, 1, 10], 'alpha_neuron': [0], 'kernel_type': ['rbf', 'matern', 'periodic'], 'layer_width': [100, 250, 500, 750, 1000], 'num_inducing': [10, 25, 50, 75, 100]}",COMPLETE,
18,0.008013819012802651,2026-07-30 14:38:02.394703,2026-07-30 14:38:07.603346,5.208643,10.0,0,matern,500,25,10.0,0,4.815507667022757,matern,500,25,1,0.008013819012802651,18,"{'alpha_edge': [0, 0.001, 0.1, 1, 10], 'alpha_neuron': [0], 'kernel_type': ['rbf', 'matern', 'periodic'], 'layer_width': [100, 250, 500, 750, 1000], 'num_inducing': [10, 25, 50, 75, 100]}",COMPLETE,
19,0.0028482838512134227,2026-07-30 14:38:07.608789,2026-07-30 14:38:14.139469,6.53068,10.0,0,rbf,750,25,10.0,0,5.9605600840295665,rbf,750,25,1,0.0028482838512134227,19,"{'alpha_edge': [0, 0.001, 0.1, 1, 10], 'alpha_neuron': [0], 'kernel_type': ['rbf', 'matern', 'periodic'], 'layer_width': [100, 250, 500, 750, 1000], 'num_inducing': [10, 25, 50, 75, 100]}",COMPLETE,
20,0.016142665803775026,2026-07-30 14:38:14.143639,2026-07-30 14:38:25.198769,11.05513,0.001,0,periodic,1000,25,0.001,0,10.077121458016336,periodic,1000,25,1,0.016142665803775026,20,"{'alpha_edge': [0, 0.001, 0.1, 1, 10], 'alpha_neuron': [0], 'kernel_type': ['rbf', 'matern', 'periodic'], 'layer_width': [100, 250, 500, 750, 1000], 'num_inducing': [10, 25, 50, 75, 100]}",COMPLETE,
21,0.015684522398569177,2026-07-30 14:38:25.201848,2026-07-30 14:38:34.776522,9.574674,0.0,0,matern,500,50,0.0,0,8.806148290983401,matern,500,50,1,0.015684522398569177,21,"{'alpha_edge': [0, 0.001, 0.1, 1, 10], 'alpha_neuron': [0], 'kernel_type': ['rbf', 'matern', 'periodic'], 'layer_width': [100, 250, 500, 750, 1000], 'num_inducing': [10, 25, 50, 75, 100]}",COMPLETE,
22,0.027697664589591484,2026-07-30 14:38:34.779713,2026-07-30 14:38:37.010778,2.231065,1.0,0,rbf,250,25,1.0,0,2.070690167020075,rbf,250,25,1,0.027697664589591484,22,"{'alpha_edge': [0, 0.001, 0.1, 1, 10], 'alpha_neuron': [0], 'kernel_type': ['rbf', 'matern', 'periodic'], 'layer_width': [100, 250, 500, 750, 1000], 'num_inducing': [10, 25, 50, 75, 100]}",COMPLETE,
23,0.002110801336119043,2026-07-30 14:38:37.013762,2026-07-30 14:39:18.731371,41.717609,0.1,0,matern,1000,100,0.1,0,38.64708945801249,matern,1000,100,1,0.002110801336119043,23,"{'alpha_edge': [0, 0.001, 0.1, 1, 10], 'alpha_neuron': [0], 'kernel_type': ['rbf', 'matern', 'periodic'], 'layer_width': [100, 250, 500, 750, 1000], 'num_inducing': [10, 25, 50, 75, 100]}",COMPLETE,
24,0.0019541304001517673,2026-07-30 14:39:18.734536,2026-07-30 14:39:58.971328,40.236792,1.0,0,matern,1000,100,1.0,0,37.13485454197507,matern,1000,100,1,0.0019541304001517673,24,"{'alpha_edge': [0, 0.001, 0.1, 1, 10], 'alpha_neuron': [0], 'kernel_type': ['rbf', 'matern', 'periodic'], 'layer_width': [100, 250, 500, 750, 1000], 'num_inducing': [10, 25, 50, 75, 100]}",COMPLETE,
25,0.05873982362954885,2026-07-30 14:39:58.974797,2026-07-30 14:40:01.077757,2.10296,0.001,0,rbf,100,75,0.001,0,1.904293209023308,rbf,100,75,1,0.05873982362954885,25,"{'alpha_edge': [0, 0.001, 0.1, 1, 10], 'alpha_neuron': [0], 'kernel_type': ['rbf', 'matern', 'periodic'], 'layer_width': [100, 250, 500, 750, 1000], 'num_inducing': [10, 25, 50, 75, 100]}",COMPLETE,
26,0.018661876852581173,2026-07-30 14:40:01.080432,2026-07-30 14:40:33.976480,32.896048,0.1,0,periodic,750,100,0.1,0,30.018902333977167,periodic,750,100,1,0.018661876852581173,26,"{'alpha_edge': [0, 0.001, 0.1, 1, 10], 'alpha_neuron': [0], 'kernel_type': ['rbf', 'matern', 'periodic'], 'layer_width': [100, 250, 500, 750, 1000], 'num_inducing': [10, 25, 50, 75, 100]}",COMPLETE,
27,0.06309051856928007,2026-07-30 14:40:33.979648,2026-07-30 14:40:36.760305,2.780657,1.0,0,matern,100,75,1.0,0,2.559123000013642,matern,100,75,1,0.06309051856928007,27,"{'alpha_edge': [0, 0.001, 0.1, 1, 10], 'alpha_neuron': [0], 'kernel_type': ['rbf', 'matern', 'periodic'], 'layer_width': [100, 250, 500, 750, 1000], 'num_inducing': [10, 25, 50, 75, 100]}",COMPLETE,
28,0.03653234155399503,2026-07-30 14:40:36.822028,2026-07-30 14:40:38.996220,2.174192,0.0,0,rbf,250,25,0.0,0,1.9903194169746712,rbf,250,25,1,0.03653234155399503,28,"{'alpha_edge': [0, 0.001, 0.1, 1, 10], 'alpha_neuron': [0], 'kernel_type': ['rbf', 'matern', 'periodic'], 'layer_width': [100, 250, 500, 750, 1000], 'num_inducing': [10, 25, 50, 75, 100]}",COMPLETE,
29,0.07072077805490203,2026-07-30 14:40:39.032711,2026-07-30 14:40:39.872481,0.83977,0.0,0,rbf,100,25,0.0,0,0.763010166992899,rbf,100,25,1,0.07072077805490203,29,"{'alpha_edge': [0, 0.001, 0.1, 1, 10], 'alpha_neuron': [0], 'kernel_type': ['rbf', 'matern', 'periodic'], 'layer_width': [100, 250, 500, 750, 1000], 'num_inducing': [10, 25, 50, 75, 100]}",COMPLETE,
30,0.040182119267358346,2026-07-30 14:40:39.876462,2026-07-30 14:41:03.776958,23.900496,10.0,0,periodic,500,100,10.0,0,21.748714624962304,periodic,500,100,1,0.040182119267358346,30,"{'alpha_edge': [0, 0.001, 0.1, 1, 10], 'alpha_neuron': [0], 'kernel_type': ['rbf', 'matern', 'periodic'], 'layer_width': [100, 250, 500, 750, 1000], 'num_inducing': [10, 25, 50, 75, 100]}",COMPLETE,
31,0.005904199706156603,2026-07-30 14:41:03.783130,2026-07-30 14:41:20.446193,16.663063,0.001,0,rbf,500,100,0.001,0,15.717713916965295,rbf,500,100,1,0.005904199706156603,31,"{'alpha_edge': [0, 0.001, 0.1, 1, 10], 'alpha_neuron': [0], 'kernel_type': ['rbf', 'matern', 'periodic'], 'layer_width': [100, 250, 500, 750, 1000], 'num_inducing': [10, 25, 50, 75, 100]}",COMPLETE,
32,0.020142523483463674,2026-07-30 14:41:20.449481,2026-07-30 14:41:25.201420,4.751939,0.0,0,periodic,750,10,0.0,0,4.253320208983496,periodic,750,10,1,0.020142523483463674,32,"{'alpha_edge': [0, 0.001, 0.1, 1, 10], 'alpha_neuron': [0], 'kernel_type': ['rbf', 'matern', 'periodic'], 'layer_width': [100, 250, 500, 750, 1000], 'num_inducing': [10, 25, 50, 75, 100]}",COMPLETE,
33,0.016831113146557445,2026-07-30 14:41:25.204464,2026-07-30 14:41:56.789279,31.584815,0.1,0,periodic,1000,75,0.1,0,28.669742750003934,periodic,1000,75,1,0.016831113146557445,33,"{'alpha_edge': [0, 0.001, 0.1, 1, 10], 'alpha_neuron': [0], 'kernel_type': ['rbf', 'matern', 'periodic'], 'layer_width': [100, 250, 500, 750, 1000], 'num_inducing': [10, 25, 50, 75, 100]}",COMPLETE,
34,0.022443714062964373,2026-07-30 14:41:56.793486,2026-07-30 14:42:01.962986,5.1695,0.001,0,periodic,500,25,0.001,0,4.510691458999645,periodic,500,25,1,0.022443714062964373,34,"{'alpha_edge': [0, 0.001, 0.1, 1, 10], 'alpha_neuron': [0], 'kernel_type': ['rbf', 'matern', 'periodic'], 'layer_width': [100, 250, 500, 750, 1000], 'num_inducing': [10, 25, 50, 75, 100]}",COMPLETE,
35,0.024138961469594253,2026-07-30 14:42:01.967417,2026-07-30 14:42:09.520825,7.553408,10.0,0,rbf,250,100,10.0,0,6.992974583001342,rbf,250,100,1,0.024138961469594253,35,"{'alpha_edge': [0, 0.001, 0.1, 1, 10], 'alpha_neuron': [0], 'kernel_type': ['rbf', 'matern', 'periodic'], 'layer_width': [100, 250, 500, 750, 1000], 'num_inducing': [10, 25, 50, 75, 100]}",COMPLETE,
36,0.004500265497597486,2026-07-30 14:42:09.526153,2026-07-30 14:42:17.131633,7.60548,0.1,0,rbf,500,50,0.1,0,7.069221207988448,rbf,500,50,1,0.004500265497597486,36,"{'alpha_edge': [0, 0.001, 0.1, 1, 10], 'alpha_neuron': [0], 'kernel_type': ['rbf', 'matern', 'periodic'], 'layer_width': [100, 250, 500, 750, 1000], 'num_inducing': [10, 25, 50, 75, 100]}",COMPLETE,
37,0.019941661662961425,2026-07-30 14:42:17.134896,2026-07-30 14:42:48.988347,31.853451,0.001,0,periodic,750,100,0.001,0,28.945657125033904,periodic,750,100,1,0.019941661662961425,37,"{'alpha_edge': [0, 0.001, 0.1, 1, 10], 'alpha_neuron': [0], 'kernel_type': ['rbf', 'matern', 'periodic'], 'layer_width': [100, 250, 500, 750, 1000], 'num_inducing': [10, 25, 50, 75, 100]}",COMPLETE,
38,0.01831266036403734,2026-07-30 14:42:48.993736,2026-07-30 14:42:51.114200,2.120464,0.0,0,rbf,500,10,0.0,0,1.9659055839874782,rbf,500,10,1,0.01831266036403734,38,"{'alpha_edge': [0, 0.001, 0.1, 1, 10], 'alpha_neuron': [0], 'kernel_type': ['rbf', 'matern', 'periodic'], 'layer_width': [100, 250, 500, 750, 1000], 'num_inducing': [10, 25, 50, 75, 100]}",COMPLETE,
39,0.07215362647937451,2026-07-30 14:42:51.117281,2026-07-30 14:42:52.027280,0.909999,0.0,0,matern,100,25,0.0,0,0.8279727080371231,matern,100,25,1,0.07215362647937451,39,"{'alpha_edge': [0, 0.001, 0.1, 1, 10], 'alpha_neuron': [0], 'kernel_type': ['rbf', 'matern', 'periodic'], 'layer_width': [100, 250, 500, 750, 1000], 'num_inducing': [10, 25, 50, 75, 100]}",COMPLETE,
40,0.06253619242670083,2026-07-30 14:42:52.030418,2026-07-30 14:43:32.222145,40.191727,0.0,0,periodic,1000,100,0.0,0,36.62789583299309,periodic,1000,100,1,0.06253619242670083,40,"{'alpha_edge': [0, 0.001, 0.1, 1, 10], 'alpha_neuron': [0], 'kernel_type': ['rbf', 'matern', 'periodic'], 'layer_width': [100, 250, 500, 750, 1000], 'num_inducing': [10, 25, 50, 75, 100]}",COMPLETE,
41,0.0274338972796563,2026-07-30 14:43:32.225262,2026-07-30 14:43:34.332820,2.107558,10.0,0,rbf,250,25,10.0,0,1.959488374995999,rbf,250,25,1,0.0274338972796563,41,"{'alpha_edge': [0, 0.001, 0.1, 1, 10], 'alpha_neuron': [0], 'kernel_type': ['rbf', 'matern', 'periodic'], 'layer_width': [100, 250, 500, 750, 1000], 'num_inducing': [10, 25, 50, 75, 100]}",COMPLETE,
42,0.005717065663979531,2026-07-30 14:43:34.336137,2026-07-30 14:43:36.720838,2.384701,10.0,0,rbf,500,10,10.0,0,2.2362743329722434,rbf,500,10,1,0.005717065663979531,42,"{'alpha_edge': [0, 0.001, 0.1, 1, 10], 'alpha_neuron': [0], 'kernel_type': ['rbf', 'matern', 'periodic'], 'layer_width': [100, 250, 500, 750, 1000], 'num_inducing': [10, 25, 50, 75, 100]}",COMPLETE,
43,0.039498034781627944,2026-07-30 14:43:36.724033,2026-07-30 14:44:16.760553,40.03652,10.0,0,periodic,1000,100,10.0,0,36.21882537496276,periodic,1000,100,1,0.039498034781627944,43,"{'alpha_edge': [0, 0.001, 0.1, 1, 10], 'alpha_neuron': [0], 'kernel_type': ['rbf', 'matern', 'periodic'], 'layer_width': [100, 250, 500, 750, 1000], 'num_inducing': [10, 25, 50, 75, 100]}",COMPLETE,
44,0.0023392552833284104,2026-07-30 14:44:16.763823,2026-07-30 14:44:22.099516,5.335693,0.0,0,matern,1000,10,0.0,0,4.9005204170243815,matern,1000,10,1,0.0023392552833284104,44,"{'alpha_edge': [0, 0.001, 0.1, 1, 10], 'alpha_neuron': [0], 'kernel_type': ['rbf', 'matern', 'periodic'], 'layer_width': [100, 250, 500, 750, 1000], 'num_inducing': [10, 25, 50, 75, 100]}",COMPLETE,
45,0.020777461036698256,2026-07-30 14:44:22.102576,2026-07-30 14:44:25.426226,3.32365,0.0,0,rbf,750,10,0.0,0,3.1083281659521163,rbf,750,10,1,0.020777461036698256,45,"{'alpha_edge': [0, 0.001, 0.1, 1, 10], 'alpha_neuron': [0], 'kernel_type': ['rbf', 'matern', 'periodic'], 'layer_width': [100, 250, 500, 750, 1000], 'num_inducing': [10, 25, 50, 75, 100]}",COMPLETE,
46,0.005136820226425764,2026-07-30 14:44:25.432197,2026-07-30 14:44:32.391332,6.959135,1.0,0,matern,750,25,1.0,0,6.315796750015579,matern,750,25,1,0.005136820226425764,46,"{'alpha_edge': [0, 0.001, 0.1, 1, 10], 'alpha_neuron': [0], 'kernel_type': ['rbf', 'matern', 'periodic'], 'layer_width': [100, 250, 500, 750, 1000], 'num_inducing': [10, 25, 50, 75, 100]}",COMPLETE,
47,0.020130607617566982,2026-07-30 14:44:32.395991,2026-07-30 14:44:43.645879,11.249888,10.0,0,periodic,1000,25,10.0,0,10.054388000047766,periodic,1000,25,1,0.020130607617566982,47,"{'alpha_edge': [0, 0.001, 0.1, 1, 10], 'alpha_neuron': [0], 'kernel_type': ['rbf', 'matern', 'periodic'], 'layer_width': [100, 250, 500, 750, 1000], 'num_inducing': [10, 25, 50, 75, 100]}",COMPLETE,
48,0.03403087909176474,2026-07-30 14:44:43.649376,2026-07-30 14:44:44.792708,1.143332,0.0,0,rbf,250,10,0.0,0,1.0508595000137575,rbf,250,10,1,0.03403087909176474,48,"{'alpha_edge': [0, 0.001, 0.1, 1, 10], 'alpha_neuron': [0], 'kernel_type': ['rbf', 'matern', 'periodic'], 'layer_width': [100, 250, 500, 750, 1000], 'num_inducing': [10, 25, 50, 75, 100]}",COMPLETE,
49,596.827563096119,2026-07-30 14:44:44.795856,2026-07-30 14:45:07.144030,22.348174,0.0,0,periodic,750,75,0.0,0,20.228602582996245,periodic,750,75,1,596.827563096119,49,"{'alpha_edge': [0, 0.001, 0.1, 1, 10], 'alpha_neuron': [0], 'kernel_type': ['rbf', 'matern', 'periodic'], 'layer_width': [100, 250, 500, 750, 1000], 'num_inducing': [10, 25, 50, 75, 100]}",COMPLETE,
50,0.025549277924377486,2026-07-30 14:45:07.147153,2026-07-30 14:45:08.233750,1.086597,1.0,0,rbf,250,10,1.0,0,1.0141912500257604,rbf,250,10,1,0.025549277924377486,50,"{'alpha_edge': [0, 0.001, 0.1, 1, 10], 'alpha_neuron': [0], 'kernel_type': ['rbf', 'matern', 'periodic'], 'layer_width': [100, 250, 500, 750, 1000], 'num_inducing': [10, 25, 50, 75, 100]}",COMPLETE,
51,0.03982434333752211,2026-07-30 14:45:08.236866,2026-07-30 14:45:11.918860,3.681994,0.0,0,rbf,250,50,0.0,0,3.384309665998444,rbf,250,50,1,0.03982434333752211,51,"{'alpha_edge': [0, 0.001, 0.1, 1, 10], 'alpha_neuron': [0], 'kernel_type': ['rbf', 'matern', 'periodic'], 'layer_width': [100, 250, 500, 750, 1000], 'num_inducing': [10, 25, 50, 75, 100]}",COMPLETE,
52,0.00422456099541638,2026-07-30 14:45:11.921795,2026-07-30 14:45:19.597419,7.675624,1.0,0,rbf,500,50,1.0,0,7.103866083023604,rbf,500,50,1,0.00422456099541638,52,"{'alpha_edge': [0, 0.001, 0.1, 1, 10], 'alpha_neuron': [0], 'kernel_type': ['rbf', 'matern', 'periodic'], 'layer_width': [100, 250, 500, 750, 1000], 'num_inducing': [10, 25, 50, 75, 100]}",COMPLETE,
53,0.018503898086644665,2026-07-30 14:45:19.601551,2026-07-30 14:45:21.923807,2.322256,0.1,0,matern,250,25,0.1,0,2.1487908749841154,matern,250,25,1,0.018503898086644665,53,"{'alpha_edge': [0, 0.001, 0.1, 1, 10], 'alpha_neuron': [0], 'kernel_type': ['rbf', 'matern', 'periodic'], 'layer_width': [100, 250, 500, 750, 1000], 'num_inducing': [10, 25, 50, 75, 100]}",COMPLETE,
54,0.03754336012508447,2026-07-30 14:45:21.927152,2026-07-30 14:45:31.960978,10.033826,0.0,0,periodic,250,100,0.0,0,9.084311499958858,periodic,250,100,1,0.03754336012508447,54,"{'alpha_edge': [0, 0.001, 0.1, 1, 10], 'alpha_neuron': [0], 'kernel_type': ['rbf', 'matern', 'periodic'], 'layer_width': [100, 250, 500, 750, 1000], 'num_inducing': [10, 25, 50, 75, 100]}",COMPLETE,
55,0.0019405484193973019,2026-07-30 14:45:31.964595,2026-07-30 14:45:52.617323,20.652728,1.0,0,matern,1000,50,1.0,0,19.034020541002974,matern,1000,50,1,0.0019405484193973019,55,"{'alpha_edge': [0, 0.001, 0.1, 1, 10], 'alpha_neuron': [0], 'kernel_type': ['rbf', 'matern', 'periodic'], 'layer_width': [100, 250, 500, 750, 1000], 'num_inducing': [10, 25, 50, 75, 100]}",COMPLETE,
56,0.0028497440225590935,2026-07-30 14:45:52.620731,2026-07-30 14:46:04.377931,11.7572,0.001,0,rbf,750,50,0.001,0,10.866085292014759,rbf,750,50,1,0.0028497440225590935,56,"{'alpha_edge': [0, 0.001, 0.1, 1, 10], 'alpha_neuron': [0], 'kernel_type': ['rbf', 'matern', 'periodic'], 'layer_width': [100, 250, 500, 750, 1000], 'num_inducing': [10, 25, 50, 75, 100]}",COMPLETE,
57,0.017171354984432965,2026-07-30 14:46:04.381348,2026-07-30 14:46:09.441495,5.060147,0.0,0,rbf,1000,10,0.0,0,4.684788540995214,rbf,1000,10,1,0.017171354984432965,57,"{'alpha_edge': [0, 0.001, 0.1, 1, 10], 'alpha_neuron': [0], 'kernel_type': ['rbf', 'matern', 'periodic'], 'layer_width': [100, 250, 500, 750, 1000], 'num_inducing': [10, 25, 50, 75, 100]}",COMPLETE,
58,0.0029918836524989566,2026-07-30 14:46:09.445142,2026-07-30 14:46:12.924421,3.479279,0.001,0,rbf,750,10,0.001,0,3.1772792910342105,rbf,750,10,1,0.0029918836524989566,58,"{'alpha_edge': [0, 0.001, 0.1, 1, 10], 'alpha_neuron': [0], 'kernel_type': ['rbf', 'matern', 'periodic'], 'layer_width': [100, 250, 500, 750, 1000], 'num_inducing': [10, 25, 50, 75, 100]}",COMPLETE,
59,0.01830495731017158,2026-07-30 14:46:12.927589,2026-07-30 14:46:20.963778,8.036189,0.001,0,periodic,750,25,0.001,0,7.299269000010099,periodic,750,25,1,0.01830495731017158,59,"{'alpha_edge': [0, 0.001, 0.1, 1, 10], 'alpha_neuron': [0], 'kernel_type': ['rbf', 'matern', 'periodic'], 'layer_width': [100, 250, 500, 750, 1000], 'num_inducing': [10, 25, 50, 75, 100]}",COMPLETE,
60,0.016082456437765076,2026-07-30 14:46:20.967985,2026-07-30 14:47:02.080857,41.112872,0.1,0,periodic,1000,100,0.1,0,37.540373541996814,periodic,1000,100,1,0.016082456437765076,60,"{'alpha_edge': [0, 0.001, 0.1, 1, 10], 'alpha_neuron': [0], 'kernel_type': ['rbf', 'matern', 'periodic'], 'layer_width': [100, 250, 500, 750, 1000], 'num_inducing': [10, 25, 50, 75, 100]}",COMPLETE,
61,0.07903411655471833,2026-07-30 14:47:02.084049,2026-07-30 14:47:02.589793,0.505744,1.0,0,matern,100,10,1.0,0,0.46358983300160617,matern,100,10,1,0.07903411655471833,61,"{'alpha_edge': [0, 0.001, 0.1, 1, 10], 'alpha_neuron': [0], 'kernel_type': ['rbf', 'matern', 'periodic'], 'layer_width': [100, 250, 500, 750, 1000], 'num_inducing': [10, 25, 50, 75, 100]}",COMPLETE,
62,0.005488475426628592,2026-07-30 14:47:02.594379,2026-07-30 14:47:18.073556,15.479177,1.0,0,rbf,500,100,1.0,0,14.444518750009593,rbf,500,100,1,0.005488475426628592,62,"{'alpha_edge': [0, 0.001, 0.1, 1, 10], 'alpha_neuron': [0], 'kernel_type': ['rbf', 'matern', 'periodic'], 'layer_width': [100, 250, 500, 750, 1000], 'num_inducing': [10, 25, 50, 75, 100]}",COMPLETE,
63,0.0037836305064829793,2026-07-30 14:47:18.077039,2026-07-30 14:47:46.078101,28.001062,0.1,0,matern,1000,75,0.1,0,25.53716754197376,matern,1000,75,1,0.0037836305064829793,63,"{'alpha_edge': [0, 0.001, 0.1, 1, 10], 'alpha_neuron': [0], 'kernel_type': ['rbf', 'matern', 'periodic'], 'layer_width': [100, 250, 500, 750, 1000], 'num_inducing': [10, 25, 50, 75, 100]}",COMPLETE,
64,0.004456168522795565,2026-07-30 14:47:46.081448,2026-07-30 14:47:50.814346,4.732898,1.0,0,rbf,1000,10,1.0,0,4.437134000007063,rbf,1000,10,1,0.004456168522795565,64,"{'alpha_edge': [0, 0.001, 0.1, 1, 10], 'alpha_neuron': [0], 'kernel_type': ['rbf', 'matern', 'periodic'], 'layer_width': [100, 250, 500, 750, 1000], 'num_inducing': [10, 25, 50, 75, 100]}",COMPLETE,
65,0.03566044225423968,2026-07-30 14:47:50.817439,2026-07-30 14:48:10.812575,19.995136,0.0,0,periodic,500,100,0.0,0,18.06914895796217,periodic,500,100,1,0.03566044225423968,65,"{'alpha_edge': [0, 0.001, 0.1, 1, 10], 'alpha_neuron': [0], 'kernel_type': ['rbf', 'matern', 'periodic'], 'layer_width': [100, 250, 500, 750, 1000], 'num_inducing': [10, 25, 50, 75, 100]}",COMPLETE,
66,0.054368660990591955,2026-07-30 14:48:10.816909,2026-07-30 14:48:12.162004,1.345095,0.0,0,periodic,250,10,0.0,0,1.2220564589952119,periodic,250,10,1,0.054368660990591955,66,"{'alpha_edge': [0, 0.001, 0.1, 1, 10], 'alpha_neuron': [0], 'kernel_type': ['rbf', 'matern', 'periodic'], 'layer_width': [100, 250, 500, 750, 1000], 'num_inducing': [10, 25, 50, 75, 100]}",COMPLETE,
67,0.0017449706030818865,2026-07-30 14:48:12.166727,2026-07-30 14:48:17.783904,5.617177,1.0,0,matern,1000,10,1.0,0,5.178453749977052,matern,1000,10,1,0.0017449706030818865,67,"{'alpha_edge': [0, 0.001, 0.1, 1, 10], 'alpha_neuron': [0], 'kernel_type': ['rbf', 'matern', 'periodic'], 'layer_width': [100, 250, 500, 750, 1000], 'num_inducing': [10, 25, 50, 75, 100]}",COMPLETE,
68,0.01698559986753637,2026-07-30 14:48:17.786883,2026-07-30 14:48:28.670900,10.884017,0.1,0,periodic,1000,25,0.1,0,9.800309750018641,periodic,1000,25,1,0.01698559986753637,68,"{'alpha_edge': [0, 0.001, 0.1, 1, 10], 'alpha_neuron': [0], 'kernel_type': ['rbf', 'matern', 'periodic'], 'layer_width': [100, 250, 500, 750, 1000], 'num_inducing': [10, 25, 50, 75, 100]}",COMPLETE,
69,0.002090253241643306,2026-07-30 14:48:28.676171,2026-07-30 14:48:37.149079,8.472908,1.0,0,rbf,1000,25,1.0,0,7.826720292039681,rbf,1000,25,1,0.002090253241643306,69,"{'alpha_edge': [0, 0.001, 0.1, 1, 10], 'alpha_neuron': [0], 'kernel_type': ['rbf', 'matern', 'periodic'], 'layer_width': [100, 250, 500, 750, 1000], 'num_inducing': [10, 25, 50, 75, 100]}",COMPLETE,
70,0.0028310113660464003,2026-07-30 14:48:37.152222,2026-07-30 14:49:00.368487,23.216265,0.1,0,rbf,1000,75,0.1,0,21.623231374949683,rbf,1000,75,1,0.0028310113660464003,70,"{'alpha_edge': [0, 0.001, 0.1, 1, 10], 'alpha_neuron': [0], 'kernel_type': ['rbf', 'matern', 'periodic'], 'layer_width': [100, 250, 500, 750, 1000], 'num_inducing': [10, 25, 50, 75, 100]}",COMPLETE,
71,0.08293540735459431,2026-07-30 14:49:00.372377,2026-07-30 14:49:02.950760,2.578383,0.0,0,periodic,250,25,0.0,0,2.3114986669970676,periodic,250,25,1,0.08293540735459431,71,"{'alpha_edge': [0, 0.001, 0.1, 1, 10], 'alpha_neuron': [0], 'kernel_type': ['rbf', 'matern', 'periodic'], 'layer_width': [100, 250, 500, 750, 1000], 'num_inducing': [10, 25, 50, 75, 100]}",COMPLETE,
72,0.044487745269490904,2026-07-30 14:49:02.953754,2026-07-30 14:49:08.520593,5.566839,0.0,0,rbf,250,75,0.0,0,5.135887082957197,rbf,250,75,1,0.044487745269490904,72,"{'alpha_edge': [0, 0.001, 0.1, 1, 10], 'alpha_neuron': [0], 'kernel_type': ['rbf', 'matern', 'periodic'], 'layer_width': [100, 250, 500, 750, 1000], 'num_inducing': [10, 25, 50, 75, 100]}",COMPLETE,
73,0.03694056876199075,2026-07-30 14:49:08.523858,2026-07-30 14:49:09.951988,1.42813,1.0,0,periodic,250,10,1.0,0,1.3073686670395546,periodic,250,10,1,0.03694056876199075,73,"{'alpha_edge': [0, 0.001, 0.1, 1, 10], 'alpha_neuron': [0], 'kernel_type': ['rbf', 'matern', 'periodic'], 'layer_width': [100, 250, 500, 750, 1000], 'num_inducing': [10, 25, 50, 75, 100]}",COMPLETE,
74,0.0191016823596293,2026-07-30 14:49:09.955166,2026-07-30 14:49:50.208964,40.253798,1.0,0,periodic,1000,100,1.0,0,36.63553554099053,periodic,1000,100,1,0.0191016823596293,74,"{'alpha_edge': [0, 0.001, 0.1, 1, 10], 'alpha_neuron': [0], 'kernel_type': ['rbf', 'matern', 'periodic'], 'layer_width': [100, 250, 500, 750, 1000], 'num_inducing': [10, 25, 50, 75, 100]}",COMPLETE,
75,0.0030217099749714296,2026-07-30 14:49:50.212125,2026-07-30 14:49:57.440509,7.228384,0.1,0,matern,750,25,0.1,0,6.655469999997877,matern,750,25,1,0.0030217099749714296,75,"{'alpha_edge': [0, 0.001, 0.1, 1, 10], 'alpha_neuron': [0], 'kernel_type': ['rbf', 'matern', 'periodic'], 'layer_width': [100, 250, 500, 750, 1000], 'num_inducing': [10, 25, 50, 75, 100]}",COMPLETE,
76,0.046441951798527545,2026-07-30 14:49:57.445485,2026-07-30 14:50:04.725879,7.280394,1.0,0,periodic,250,75,1.0,0,6.552600833005272,periodic,250,75,1,0.046441951798527545,76,"{'alpha_edge': [0, 0.001, 0.1, 1, 10], 'alpha_neuron': [0], 'kernel_type': ['rbf', 'matern', 'periodic'], 'layer_width': [100, 250, 500, 750, 1000], 'num_inducing': [10, 25, 50, 75, 100]}",COMPLETE,
77,0.0017738513192951304,2026-07-30 14:50:04.729085,2026-07-30 14:50:14.845161,10.116076,1.0,0,matern,1000,25,1.0,0,9.284057624987327,matern,1000,25,1,0.0017738513192951304,77,"{'alpha_edge': [0, 0.001, 0.1, 1, 10], 'alpha_neuron': [0], 'kernel_type': ['rbf', 'matern', 'periodic'], 'layer_width': [100, 250, 500, 750, 1000], 'num_inducing': [10, 25, 50, 75, 100]}",COMPLETE,
78,0.024157598394818788,2026-07-30 14:50:14.848161,2026-07-30 14:50:30.706823,15.858662,0.1,0,periodic,500,75,0.1,0,14.345415749994572,periodic,500,75,1,0.024157598394818788,78,"{'alpha_edge': [0, 0.001, 0.1, 1, 10], 'alpha_neuron': [0], 'kernel_type': ['rbf', 'matern', 'periodic'], 'layer_width': [100, 250, 500, 750, 1000], 'num_inducing': [10, 25, 50, 75, 100]}",COMPLETE,
79,0.03249183442729588,2026-07-30 14:50:30.710014,2026-07-30 14:50:48.675229,17.965215,0.0,0,periodic,500,75,0.0,0,16.305270124983508,periodic,500,75,1,0.03249183442729588,79,"{'alpha_edge': [0, 0.001, 0.1, 1, 10], 'alpha_neuron': [0], 'kernel_type': ['rbf', 'matern', 'periodic'], 'layer_width': [100, 250, 500, 750, 1000], 'num_inducing': [10, 25, 50, 75, 100]}",COMPLETE,
80,0.028261731893190305,2026-07-30 14:50:48.678986,2026-07-30 14:51:00.864297,12.185311,0.001,0,periodic,250,100,0.001,0,10.929599583963864,periodic,250,100,1,0.028261731893190305,80,"{'alpha_edge': [0, 0.001, 0.1, 1, 10], 'alpha_neuron': [0], 'kernel_type': ['rbf', 'matern', 'periodic'], 'layer_width': [100, 250, 500, 750, 1000], 'num_inducing': [10, 25, 50, 75, 100]}",COMPLETE,
81,0.006027575144634143,2026-07-30 14:51:00.886618,2026-07-30 14:51:28.697475,27.810857,1.0,0,matern,500,100,1.0,0,25.96577170799719,matern,500,100,1,0.006027575144634143,81,"{'alpha_edge': [0, 0.001, 0.1, 1, 10], 'alpha_neuron': [0], 'kernel_type': ['rbf', 'matern', 'periodic'], 'layer_width': [100, 250, 500, 750, 1000], 'num_inducing': [10, 25, 50, 75, 100]}",COMPLETE,
82,0.015523854498574486,2026-07-30 14:51:28.700682,2026-07-30 14:51:31.157478,2.456796,0.001,0,rbf,250,25,0.001,0,2.225677790993359,rbf,250,25,1,0.015523854498574486,82,"{'alpha_edge': [0, 0.001, 0.1, 1, 10], 'alpha_neuron': [0], 'kernel_type': ['rbf', 'matern', 'periodic'], 'layer_width': [100, 250, 500, 750, 1000], 'num_inducing': [10, 25, 50, 75, 100]}",COMPLETE,
83,0.002735199393161298,2026-07-30 14:51:31.163662,2026-07-30 14:52:08.850404,37.686742,10.0,0,rbf,1000,100,10.0,0,35.20022091601277,rbf,1000,100,1,0.002735199393161298,83,"{'alpha_edge': [0, 0.001, 0.1, 1, 10], 'alpha_neuron': [0], 'kernel_type': ['rbf', 'matern', 'periodic'], 'layer_width': [100, 250, 500, 750, 1000], 'num_inducing': [10, 25, 50, 75, 100]}",COMPLETE,
84,0.017838554861955735,2026-07-30 14:52:08.853730,2026-07-30 14:52:11.683024,2.829294,0.001,0,matern,250,25,0.001,0,2.567663124995306,matern,250,25,1,0.017838554861955735,84,"{'alpha_edge': [0, 0.001, 0.1, 1, 10], 'alpha_neuron': [0], 'kernel_type': ['rbf', 'matern', 'periodic'], 'layer_width': [100, 250, 500, 750, 1000], 'num_inducing': [10, 25, 50, 75, 100]}",COMPLETE,
85,0.08014686082857295,2026-07-30 14:52:11.685989,2026-07-30 14:52:15.040697,3.354708,1.0,0,rbf,100,100,1.0,0,3.1059508330072276,rbf,100,100,1,0.08014686082857295,85,"{'alpha_edge': [0, 0.001, 0.1, 1, 10], 'alpha_neuron': [0], 'kernel_type': ['rbf', 'matern', 'periodic'], 'layer_width': [100, 250, 500, 750, 1000], 'num_inducing': [10, 25, 50, 75, 100]}",COMPLETE,
86,0.014329748148643268,2026-07-30 14:52:15.056291,2026-07-30 14:52:24.672659,9.616368,0.0,0,rbf,1000,25,0.0,0,8.776330207998399,rbf,1000,25,1,0.014329748148643268,86,"{'alpha_edge': [0, 0.001, 0.1, 1, 10], 'alpha_neuron': [0], 'kernel_type': ['rbf', 'matern', 'periodic'], 'layer_width': [100, 250, 500, 750, 1000], 'num_inducing': [10, 25, 50, 75, 100]}",COMPLETE,
87,0.07484601059165599,2026-07-30 14:52:24.676305,2026-07-30 14:52:25.204088,0.527783,0.1,0,rbf,100,10,0.1,0,0.4982149580027908,rbf,100,10,1,0.07484601059165599,87,"{'alpha_edge': [0, 0.001, 0.1, 1, 10], 'alpha_neuron': [0], 'kernel_type': ['rbf', 'matern', 'periodic'], 'layer_width': [100, 250, 500, 750, 1000], 'num_inducing': [10, 25, 50, 75, 100]}",COMPLETE,
88,0.07976435582758884,2026-07-30 14:52:25.207154,2026-07-30 14:52:27.587112,2.379958,0.1,0,rbf,100,75,0.1,0,2.2277695420198143,rbf,100,75,1,0.07976435582758884,88,"{'alpha_edge': [0, 0.001, 0.1, 1, 10], 'alpha_neuron': [0], 'kernel_type': ['rbf', 'matern', 'periodic'], 'layer_width': [100, 250, 500, 750, 1000], 'num_inducing': [10, 25, 50, 75, 100]}",COMPLETE,
89,0.005968902896742951,2026-07-30 14:52:27.590466,2026-07-30 14:53:13.284632,45.694166,0.0,0,matern,1000,100,0.0,0,41.82832737499848,matern,1000,100,1,0.005968902896742951,89,"{'alpha_edge': [0, 0.001, 0.1, 1, 10], 'alpha_neuron': [0], 'kernel_type': ['rbf', 'matern', 'periodic'], 'layer_width': [100, 250, 500, 750, 1000], 'num_inducing': [10, 25, 50, 75, 100]}",COMPLETE,
90,0.07573212294306936,2026-07-30 14:53:13.288116,2026-07-30 14:53:19.113337,5.825221,10.0,0,matern,100,100,10.0,0,5.473675834015012,matern,100,100,1,0.07573212294306936,90,"{'alpha_edge': [0, 0.001, 0.1, 1, 10], 'alpha_neuron': [0], 'kernel_type': ['rbf', 'matern', 'periodic'], 'layer_width': [100, 250, 500, 750, 1000], 'num_inducing': [10, 25, 50, 75, 100]}",COMPLETE,
91,0.0456322933427256,2026-07-30 14:53:19.119661,2026-07-30 14:53:48.725932,29.606271,10.0,0,periodic,750,100,10.0,0,26.712180832982995,periodic,750,100,1,0.0456322933427256,91,"{'alpha_edge': [0, 0.001, 0.1, 1, 10], 'alpha_neuron': [0], 'kernel_type': ['rbf', 'matern', 'periodic'], 'layer_width': [100, 250, 500, 750, 1000], 'num_inducing': [10, 25, 50, 75, 100]}",COMPLETE,
92,0.07234331498957605,2026-07-30 14:53:48.729304,2026-07-30 14:53:49.358979,0.629675,1.0,0,periodic,100,10,1.0,0,0.5672034160234034,periodic,100,10,1,0.07234331498957605,92,"{'alpha_edge': [0, 0.001, 0.1, 1, 10], 'alpha_neuron': [0], 'kernel_type': ['rbf', 'matern', 'periodic'], 'layer_width': [100, 250, 500, 750, 1000], 'num_inducing': [10, 25, 50, 75, 100]}",COMPLETE,
93,0.0789632345395347,2026-07-30 14:53:49.369866,2026-07-30 14:53:51.457915,2.088049,1.0,0,rbf,100,75,1.0,0,1.9591565000009723,rbf,100,75,1,0.0789632345395347,93,"{'alpha_edge': [0, 0.001, 0.1, 1, 10], 'alpha_neuron': [0], 'kernel_type': ['rbf', 'matern', 'periodic'], 'layer_width': [100, 250, 500, 750, 1000], 'num_inducing': [10, 25, 50, 75, 100]}",COMPLETE,
94,0.03427568521398278,2026-07-30 14:53:51.460911,2026-07-30 14:53:56.744920,5.284009,1.0,0,periodic,500,25,1.0,0,4.750020082981791,periodic,500,25,1,0.03427568521398278,94,"{'alpha_edge': [0, 0.001, 0.1, 1, 10], 'alpha_neuron': [0], 'kernel_type': ['rbf', 'matern', 'periodic'], 'layer_width': [100, 250, 500, 750, 1000], 'num_inducing': [10, 25, 50, 75, 100]}",COMPLETE,
95,0.00183976930958291,2026-07-30 14:53:56.748026,2026-07-30 14:54:41.916081,45.168055,10.0,0,matern,1000,100,10.0,0,41.4889654169674,matern,1000,100,1,0.00183976930958291,95,"{'alpha_edge': [0, 0.001, 0.1, 1, 10], 'alpha_neuron': [0], 'kernel_type': ['rbf', 'matern', 'periodic'], 'layer_width': [100, 250, 500, 750, 1000], 'num_inducing': [10, 25, 50, 75, 100]}",COMPLETE,
96,0.0022156043677944485,2026-07-30 14:54:41.920332,2026-07-30 14:55:31.067146,49.146814,0.001,0,matern,1000,100,0.001,0,45.918254624994006,matern,1000,100,1,0.0022156043677944485,96,"{'alpha_edge': [0, 0.001, 0.1, 1, 10], 'alpha_neuron': [0], 'kernel_type': ['rbf', 'matern', 'periodic'], 'layer_width': [100, 250, 500, 750, 1000], 'num_inducing': [10, 25, 50, 75, 100]}",COMPLETE,
97,0.014686029496748866,2026-07-30 14:55:31.084861,2026-07-30 14:55:47.690417,16.605556,0.0,0,rbf,1000,50,0.0,0,15.484408416959923,rbf,1000,50,1,0.014686029496748866,97,"{'alpha_edge': [0, 0.001, 0.1, 1, 10], 'alpha_neuron': [0], 'kernel_type': ['rbf', 'matern', 'periodic'], 'layer_width': [100, 250, 500, 750, 1000], 'num_inducing': [10, 25, 50, 75, 100]}",COMPLETE,
98,0.027682564311000305,2026-07-30 14:55:47.693670,2026-07-30 14:55:52.266700,4.57303,0.1,0,periodic,750,10,0.1,0,4.179629042046145,periodic,750,10,1,0.027682564311000305,98,"{'alpha_edge': [0, 0.001, 0.1, 1, 10], 'alpha_neuron': [0], 'kernel_type': ['rbf', 'matern', 'periodic'], 'layer_width': [100, 250, 500, 750, 1000], 'num_inducing': [10, 25, 50, 75, 100]}",COMPLETE,
99,0.06220515404538712,2026-07-30 14:55:52.270460,2026-07-30 14:55:52.860868,0.590408,0.001,0,matern,100,10,0.001,0,0.5483360000071116,matern,100,10,1,0.06220515404538712,99,"{'alpha_edge': [0, 0.001, 0.1, 1, 10], 'alpha_neuron': [0], 'kernel_type': ['rbf', 'matern', 'periodic'], 'layer_width': [100, 250, 500, 750, 1000], 'num_inducing': [10, 25, 50, 75, 100]}",COMPLETE,
100,0.0028384089761156646,2026-07-30 14:55:52.863841,2026-07-30 14:56:04.027510,11.163669,0.1,0,rbf,750,50,0.1,0,10.35761037498014,rbf,750,50,1,0.0028384089761156646,100,"{'alpha_edge': [0, 0.001, 0.1, 1, 10], 'alpha_neuron': [0], 'kernel_type': ['rbf', 'matern', 'periodic'], 'layer_width': [100, 250, 500, 750, 1000], 'num_inducing': [10, 25, 50, 75, 100]}",COMPLETE,
101,0.018664016587135075,2026-07-30 14:56:04.033059,2026-07-30 14:56:19.212266,15.179207,0.001,0,periodic,750,50,0.001,0,13.711673874990083,periodic,750,50,1,0.018664016587135075,101,"{'alpha_edge': [0, 0.001, 0.1, 1, 10], 'alpha_neuron': [0], 'kernel_type': ['rbf', 'matern', 'periodic'], 'layer_width': [100, 250, 500, 750, 1000], 'num_inducing': [10, 25, 50, 75, 100]}",COMPLETE,
102,0.030207004096302628,2026-07-30 14:56:19.217274,2026-07-30 14:56:24.171148,4.953874,0.001,0,periodic,250,50,0.001,0,4.407370542001445,periodic,250,50,1,0.030207004096302628,102,"{'alpha_edge': [0, 0.001, 0.1, 1, 10], 'alpha_neuron': [0], 'kernel_type': ['rbf', 'matern', 'periodic'], 'layer_width': [100, 250, 500, 750, 1000], 'num_inducing': [10, 25, 50, 75, 100]}",COMPLETE,
103,0.02118872281886992,2026-07-30 14:56:24.175346,2026-07-30 14:56:32.309791,8.134445,0.0,0,periodic,750,25,0.0,0,7.359130416007247,periodic,750,25,1,0.02118872281886992,103,"{'alpha_edge': [0, 0.001, 0.1, 1, 10], 'alpha_neuron': [0], 'kernel_type': ['rbf', 'matern', 'periodic'], 'layer_width': [100, 250, 500, 750, 1000], 'num_inducing': [10, 25, 50, 75, 100]}",COMPLETE,
104,0.017823152920372766,2026-07-30 14:56:32.314413,2026-07-30 14:56:36.971431,4.657018,0.001,0,periodic,750,10,0.001,0,4.142976582981646,periodic,750,10,1,0.017823152920372766,104,"{'alpha_edge': [0, 0.001, 0.1, 1, 10], 'alpha_neuron': [0], 'kernel_type': ['rbf', 'matern', 'periodic'], 'layer_width': [100, 250, 500, 750, 1000], 'num_inducing': [10, 25, 50, 75, 100]}",COMPLETE,
105,0.028212921621712697,2026-07-30 14:56:36.974877,2026-07-30 14:56:44.617131,7.642254,0.0,0,rbf,500,50,0.0,0,7.076613292039838,rbf,500,50,1,0.028212921621712697,105,"{'alpha_edge': [0, 0.001, 0.1, 1, 10], 'alpha_neuron': [0], 'kernel_type': ['rbf', 'matern', 'periodic'], 'layer_width': [100, 250, 500, 750, 1000], 'num_inducing': [10, 25, 50, 75, 100]}",COMPLETE,
106,0.046869494667184194,2026-07-30 14:56:44.620260,2026-07-30 14:56:45.789222,1.168962,0.001,0,matern,100,25,0.001,0,1.069856041984167,matern,100,25,1,0.046869494667184194,106,"{'alpha_edge': [0, 0.001, 0.1, 1, 10], 'alpha_neuron': [0], 'kernel_type': ['rbf', 'matern', 'periodic'], 'layer_width': [100, 250, 500, 750, 1000], 'num_inducing': [10, 25, 50, 75, 100]}",COMPLETE,
107,0.023298817911029633,2026-07-30 14:56:45.792403,2026-07-30 14:56:52.189932,6.397529,10.0,0,periodic,1000,10,10.0,0,5.895758625003509,periodic,1000,10,1,0.023298817911029633,107,"{'alpha_edge': [0, 0.001, 0.1, 1, 10], 'alpha_neuron': [0], 'kernel_type': ['rbf', 'matern', 'periodic'], 'layer_width': [100, 250, 500, 750, 1000], 'num_inducing': [10, 25, 50, 75, 100]}",COMPLETE,
108,0.03533053543075012,2026-07-30 14:56:52.193261,2026-07-30 14:57:12.702339,20.509078,1.0,0,periodic,500,100,1.0,0,18.54896479198942,periodic,500,100,1,0.03533053543075012,108,"{'alpha_edge': [0, 0.001, 0.1, 1, 10], 'alpha_neuron': [0], 'kernel_type': ['rbf', 'matern', 'periodic'], 'layer_width': [100, 250, 500, 750, 1000], 'num_inducing': [10, 25, 50, 75, 100]}",COMPLETE,
109,0.07919506224278913,2026-07-30 14:57:12.747765,2026-07-30 14:57:15.146239,2.398474,10.0,0,rbf,100,75,10.0,0,2.2373103340505622,rbf,100,75,1,0.07919506224278913,109,"{'alpha_edge': [0, 0.001, 0.1, 1, 10], 'alpha_neuron': [0], 'kernel_type': ['rbf', 'matern', 'periodic'], 'layer_width': [100, 250, 500, 750, 1000], 'num_inducing': [10, 25, 50, 75, 100]}",COMPLETE,
110,0.05547367595847284,2026-07-30 14:57:15.149042,2026-07-30 14:57:15.711832,0.56279,10.0,0,matern,100,10,10.0,0,0.5183090830105357,matern,100,10,1,0.05547367595847284,110,"{'alpha_edge': [0, 0.001, 0.1, 1, 10], 'alpha_neuron': [0], 'kernel_type': ['rbf', 'matern', 'periodic'], 'layer_width': [100, 250, 500, 750, 1000], 'num_inducing': [10, 25, 50, 75, 100]}",COMPLETE,
111,0.029042347812901662,2026-07-30 14:57:15.718380,2026-07-30 14:57:27.215936,11.497556,0.0,0,rbf,750,50,0.0,0,10.638339083001483,rbf,750,50,1,0.029042347812901662,111,"{'alpha_edge': [0, 0.001, 0.1, 1, 10], 'alpha_neuron': [0], 'kernel_type': ['rbf', 'matern', 'periodic'], 'layer_width': [100, 250, 500, 750, 1000], 'num_inducing': [10, 25, 50, 75, 100]}",COMPLETE,
112,0.08055895083039191,2026-07-30 14:57:27.219575,2026-07-30 14:57:28.725278,1.505703,10.0,0,rbf,100,50,10.0,0,1.3521454160218127,rbf,100,50,1,0.08055895083039191,112,"{'alpha_edge': [0, 0.001, 0.1, 1, 10], 'alpha_neuron': [0], 'kernel_type': ['rbf', 'matern', 'periodic'], 'layer_width': [100, 250, 500, 750, 1000], 'num_inducing': [10, 25, 50, 75, 100]}",COMPLETE,
113,0.01474403593737228,2026-07-30 14:57:28.728449,2026-07-30 14:57:29.895127,1.166678,0.1,0,rbf,250,10,0.1,0,1.0919072079705074,rbf,250,10,1,0.01474403593737228,113,"{'alpha_edge': [0, 0.001, 0.1, 1, 10], 'alpha_neuron': [0], 'kernel_type': ['rbf', 'matern', 'periodic'], 'layer_width': [100, 250, 500, 750, 1000], 'num_inducing': [10, 25, 50, 75, 100]}",COMPLETE,
114,0.008096705343513136,2026-07-30 14:57:29.900705,2026-07-30 14:57:44.233248,14.332543,0.001,0,matern,500,75,0.001,0,13.092552208981942,matern,500,75,1,0.008096705343513136,114,"{'alpha_edge': [0, 0.001, 0.1, 1, 10], 'alpha_neuron': [0], 'kernel_type': ['rbf', 'matern', 'periodic'], 'layer_width': [100, 250, 500, 750, 1000], 'num_inducing': [10, 25, 50, 75, 100]}",COMPLETE,
115,0.017325654387189332,2026-07-30 14:57:44.329833,2026-07-30 14:57:52.263203,7.93337,0.1,0,rbf,250,100,0.1,0,7.344938042049762,rbf,250,100,1,0.017325654387189332,115,"{'alpha_edge': [0, 0.001, 0.1, 1, 10], 'alpha_neuron': [0], 'kernel_type': ['rbf', 'matern', 'periodic'], 'layer_width': [100, 250, 500, 750, 1000], 'num_inducing': [10, 25, 50, 75, 100]}",COMPLETE,
116,0.0025542284335572287,2026-07-30 14:57:52.265949,2026-07-30 14:58:08.802168,16.536219,10.0,0,rbf,750,75,10.0,0,15.129006333998404,rbf,750,75,1,0.0025542284335572287,116,"{'alpha_edge': [0, 0.001, 0.1, 1, 10], 'alpha_neuron': [0], 'kernel_type': ['rbf', 'matern', 'periodic'], 'layer_width': [100, 250, 500, 750, 1000], 'num_inducing': [10, 25, 50, 75, 100]}",COMPLETE,
117,0.008624182933433488,2026-07-30 14:58:08.805299,2026-07-30 14:58:34.678730,25.873431,0.001,0,matern,500,100,0.001,0,24.18603554199217,matern,500,100,1,0.008624182933433488,117,"{'alpha_edge': [0, 0.001, 0.1, 1, 10], 'alpha_neuron': [0], 'kernel_type': ['rbf', 'matern', 'periodic'], 'layer_width': [100, 250, 500, 750, 1000], 'num_inducing': [10, 25, 50, 75, 100]}",COMPLETE,
118,0.06830286175549999,2026-07-30 14:58:34.684378,2026-07-30 14:58:38.652819,3.968441,1.0,0,matern,100,100,1.0,0,3.6114765829988755,matern,100,100,1,0.06830286175549999,118,"{'alpha_edge': [0, 0.001, 0.1, 1, 10], 'alpha_neuron': [0], 'kernel_type': ['rbf', 'matern', 'periodic'], 'layer_width': [100, 250, 500, 750, 1000], 'num_inducing': [10, 25, 50, 75, 100]}",COMPLETE,
119,0.06485083174315003,2026-07-30 14:58:38.657591,2026-07-30 14:58:41.589168,2.931577,0.001,0,matern,100,75,0.001,0,2.6437668330036104,matern,100,75,1,0.06485083174315003,119,"{'alpha_edge': [0, 0.001, 0.1, 1, 10], 'alpha_neuron': [0], 'kernel_type': ['rbf', 'matern', 'periodic'], 'layer_width': [100, 250, 500, 750, 1000], 'num_inducing': [10, 25, 50, 75, 100]}",COMPLETE,
120,0.015567991714479354,2026-07-30 14:58:41.592875,2026-07-30 14:58:47.559555,5.96668,0.1,0,rbf,250,75,0.1,0,5.484669500030577,rbf,250,75,1,0.015567991714479354,120,"{'alpha_edge': [0, 0.001, 0.1, 1, 10], 'alpha_neuron': [0], 'kernel_type': ['rbf', 'matern', 'periodic'], 'layer_width': [100, 250, 500, 750, 1000], 'num_inducing': [10, 25, 50, 75, 100]}",COMPLETE,
121,0.03368945135738968,2026-07-30 14:58:47.565719,2026-07-30 14:58:55.210142,7.644423,0.1,0,periodic,250,75,0.1,0,6.8868763750069775,periodic,250,75,1,0.03368945135738968,121,"{'alpha_edge': [0, 0.001, 0.1, 1, 10], 'alpha_neuron': [0], 'kernel_type': ['rbf', 'matern', 'periodic'], 'layer_width': [100, 250, 500, 750, 1000], 'num_inducing': [10, 25, 50, 75, 100]}",COMPLETE,
122,0.007726940158319618,2026-07-30 14:58:55.213201,2026-07-30 14:58:59.553643,4.340442,10.0,0,rbf,500,25,10.0,0,3.9773051670053974,rbf,500,25,1,0.007726940158319618,122,"{'alpha_edge': [0, 0.001, 0.1, 1, 10], 'alpha_neuron': [0], 'kernel_type': ['rbf', 'matern', 'periodic'], 'layer_width': [100, 250, 500, 750, 1000], 'num_inducing': [10, 25, 50, 75, 100]}",COMPLETE,
123,0.02331118076088918,2026-07-30 14:58:59.557538,2026-07-30 14:59:02.375369,2.817831,0.001,0,periodic,500,10,0.001,0,2.503512374998536,periodic,500,10,1,0.02331118076088918,123,"{'alpha_edge': [0, 0.001, 0.1, 1, 10], 'alpha_neuron': [0], 'kernel_type': ['rbf', 'matern', 'periodic'], 'layer_width': [100, 250, 500, 750, 1000], 'num_inducing': [10, 25, 50, 75, 100]}",COMPLETE,
124,0.00333383997898005,2026-07-30 14:59:02.378473,2026-07-30 14:59:09.994560,7.616087,0.001,0,matern,750,25,0.001,0,6.995891166036017,matern,750,25,1,0.00333383997898005,124,"{'alpha_edge': [0, 0.001, 0.1, 1, 10], 'alpha_neuron': [0], 'kernel_type': ['rbf', 'matern', 'periodic'], 'layer_width': [100, 250, 500, 750, 1000], 'num_inducing': [10, 25, 50, 75, 100]}",COMPLETE,
125,0.03604286378845152,2026-07-30 14:59:10.000257,2026-07-30 14:59:20.198482,10.198225,10.0,0,periodic,500,50,10.0,0,9.203432417009026,periodic,500,50,1,0.03604286378845152,125,"{'alpha_edge': [0, 0.001, 0.1, 1, 10], 'alpha_neuron': [0], 'kernel_type': ['rbf', 'matern', 'periodic'], 'layer_width': [100, 250, 500, 750, 1000], 'num_inducing': [10, 25, 50, 75, 100]}",COMPLETE,
126,0.0261942912153057,2026-07-30 14:59:20.235285,2026-07-30 14:59:23.891898,3.656613,10.0,0,rbf,250,50,10.0,0,3.2866105420398526,rbf,250,50,1,0.0261942912153057,126,"{'alpha_edge': [0, 0.001, 0.1, 1, 10], 'alpha_neuron': [0], 'kernel_type': ['rbf', 'matern', 'periodic'], 'layer_width': [100, 250, 500, 750, 1000], 'num_inducing': [10, 25, 50, 75, 100]}",COMPLETE,
127,0.002269048027649888,2026-07-30 14:59:23.894717,2026-07-30 14:59:29.507576,5.612859,0.001,0,matern,1000,10,0.001,0,5.14014833298279,matern,1000,10,1,0.002269048027649888,127,"{'alpha_edge': [0, 0.001, 0.1, 1, 10], 'alpha_neuron': [0], 'kernel_type': ['rbf', 'matern', 'periodic'], 'layer_width': [100, 250, 500, 750, 1000], 'num_inducing': [10, 25, 50, 75, 100]}",COMPLETE,
128,0.021448145161907937,2026-07-30 14:59:29.510564,2026-07-30 14:59:34.084907,4.574343,10.0,0,periodic,750,10,10.0,0,4.161821375018917,periodic,750,10,1,0.021448145161907937,128,"{'alpha_edge': [0, 0.001, 0.1, 1, 10], 'alpha_neuron': [0], 'kernel_type': ['rbf', 'matern', 'periodic'], 'layer_width': [100, 250, 500, 750, 1000], 'num_inducing': [10, 25, 50, 75, 100]}",COMPLETE,
129,0.003480465257632096,2026-07-30 14:59:34.087666,2026-07-30 14:59:36.329140,2.241474,1.0,0,rbf,500,10,1.0,0,2.1195309999748133,rbf,500,10,1,0.003480465257632096,129,"{'alpha_edge': [0, 0.001, 0.1, 1, 10], 'alpha_neuron': [0], 'kernel_type': ['rbf', 'matern', 'periodic'], 'layer_width': [100, 250, 500, 750, 1000], 'num_inducing': [10, 25, 50, 75, 100]}",COMPLETE,
130,0.08708204077705355,2026-07-30 14:59:36.334233,2026-07-30 14:59:37.428799,1.094566,1.0,0,periodic,100,25,1.0,0,0.9983458329807036,periodic,100,25,1,0.08708204077705355,130,"{'alpha_edge': [0, 0.001, 0.1, 1, 10], 'alpha_neuron': [0], 'kernel_type': ['rbf', 'matern', 'periodic'], 'layer_width': [100, 250, 500, 750, 1000], 'num_inducing': [10, 25, 50, 75, 100]}",COMPLETE,
131,0.005808458982716139,2026-07-30 14:59:37.433909,2026-07-30 14:59:48.864362,11.430453,10.0,0,rbf,500,75,10.0,0,10.594970582984388,rbf,500,75,1,0.005808458982716139,131,"{'alpha_edge': [0, 0.001, 0.1, 1, 10], 'alpha_neuron': [0], 'kernel_type': ['rbf', 'matern', 'periodic'], 'layer_width': [100, 250, 500, 750, 1000], 'num_inducing': [10, 25, 50, 75, 100]}",COMPLETE,
132,0.08269352685552946,2026-07-30 14:59:48.869109,2026-07-30 14:59:50.085471,1.216362,0.001,0,periodic,100,25,0.001,0,1.063900375040248,periodic,100,25,1,0.08269352685552946,132,"{'alpha_edge': [0, 0.001, 0.1, 1, 10], 'alpha_neuron': [0], 'kernel_type': ['rbf', 'matern', 'periodic'], 'layer_width': [100, 250, 500, 750, 1000], 'num_inducing': [10, 25, 50, 75, 100]}",COMPLETE,
133,0.027009675293771962,2026-07-30 14:59:50.088688,2026-07-30 14:59:56.365411,6.276723,0.1,0,periodic,1000,10,0.1,0,5.617136874992866,periodic,1000,10,1,0.027009675293771962,133,"{'alpha_edge': [0, 0.001, 0.1, 1, 10], 'alpha_neuron': [0], 'kernel_type': ['rbf', 'matern', 'periodic'], 'layer_width': [100, 250, 500, 750, 1000], 'num_inducing': [10, 25, 50, 75, 100]}",COMPLETE,
134,0.020972463709758127,2026-07-30 14:59:56.369561,2026-07-30 15:00:21.026475,24.656914,1.0,0,periodic,750,75,1.0,0,21.100185709015932,periodic,750,75,1,0.020972463709758127,134,"{'alpha_edge': [0, 0.001, 0.1, 1, 10], 'alpha_neuron': [0], 'kernel_type': ['rbf', 'matern', 'periodic'], 'layer_width': [100, 250, 500, 750, 1000], 'num_inducing': [10, 25, 50, 75, 100]}",COMPLETE,
135,0.059542071238830166,2026-07-30 15:00:21.029593,2026-07-30 15:00:22.358650,1.329057,10.0,0,rbf,100,25,10.0,0,1.1456586249987595,rbf,100,25,1,0.059542071238830166,135,"{'alpha_edge': [0, 0.001, 0.1, 1, 10], 'alpha_neuron': [0], 'kernel_type': ['rbf', 'matern', 'periodic'], 'layer_width': [100, 250, 500, 750, 1000], 'num_inducing': [10, 25, 50, 75, 100]}",COMPLETE,
136,0.0316603600459173,2026-07-30 15:00:22.362869,2026-07-30 15:00:33.669212,11.306343,0.001,0,periodic,250,75,0.001,0,10.316588249988854,periodic,250,75,1,0.0316603600459173,136,"{'alpha_edge': [0, 0.001, 0.1, 1, 10], 'alpha_neuron': [0], 'kernel_type': ['rbf', 'matern', 'periodic'], 'layer_width': [100, 250, 500, 750, 1000], 'num_inducing': [10, 25, 50, 75, 100]}",COMPLETE,
137,0.03426856528494973,2026-07-30 15:00:33.672311,2026-07-30 15:00:42.147324,8.475013,0.0,0,matern,250,75,0.0,0,7.745759334007744,matern,250,75,1,0.03426856528494973,137,"{'alpha_edge': [0, 0.001, 0.1, 1, 10], 'alpha_neuron': [0], 'kernel_type': ['rbf', 'matern', 'periodic'], 'layer_width': [100, 250, 500, 750, 1000], 'num_inducing': [10, 25, 50, 75, 100]}",COMPLETE,
138,0.09308722106249244,2026-07-30 15:00:42.152293,2026-07-30 15:00:45.702056,3.549763,10.0,0,periodic,100,75,10.0,0,3.181775083008688,periodic,100,75,1,0.09308722106249244,138,"{'alpha_edge': [0, 0.001, 0.1, 1, 10], 'alpha_neuron': [0], 'kernel_type': ['rbf', 'matern', 'periodic'], 'layer_width': [100, 250, 500, 750, 1000], 'num_inducing': [10, 25, 50, 75, 100]}",COMPLETE,
139,0.03692642421102893,2026-07-30 15:00:45.705178,2026-07-30 15:00:56.861502,11.156324,0.0,0,matern,250,100,0.0,0,10.244587416993454,matern,250,100,1,0.03692642421102893,139,"{'alpha_edge': [0, 0.001, 0.1, 1, 10], 'alpha_neuron': [0], 'kernel_type': ['rbf', 'matern', 'periodic'], 'layer_width': [100, 250, 500, 750, 1000], 'num_inducing': [10, 25, 50, 75, 100]}",COMPLETE,
140,0.005087199951326731,2026-07-30 15:00:56.866511,2026-07-30 15:01:30.849652,33.983141,1.0,0,matern,750,100,1.0,0,31.18824191595195,matern,750,100,1,0.005087199951326731,140,"{'alpha_edge': [0, 0.001, 0.1, 1, 10], 'alpha_neuron': [0], 'kernel_type': ['rbf', 'matern', 'periodic'], 'layer_width': [100, 250, 500, 750, 1000], 'num_inducing': [10, 25, 50, 75, 100]}",COMPLETE,
141,0.0024809933718604217,2026-07-30 15:01:30.852923,2026-07-30 15:01:50.399015,19.546092,0.001,0,rbf,1000,50,0.001,0,18.0416826250148,rbf,1000,50,1,0.0024809933718604217,141,"{'alpha_edge': [0, 0.001, 0.1, 1, 10], 'alpha_neuron': [0], 'kernel_type': ['rbf', 'matern', 'periodic'], 'layer_width': [100, 250, 500, 750, 1000], 'num_inducing': [10, 25, 50, 75, 100]}",COMPLETE,
142,0.007341466395079604,2026-07-30 15:01:50.401728,2026-07-30 15:01:53.229176,2.827448,0.001,0,rbf,500,10,0.001,0,2.64903183397837,rbf,500,10,1,0.007341466395079604,142,"{'alpha_edge': [0, 0.001, 0.1, 1, 10], 'alpha_neuron': [0], 'kernel_type': ['rbf', 'matern', 'periodic'], 'layer_width': [100, 250, 500, 750, 1000], 'num_inducing': [10, 25, 50, 75, 100]}",COMPLETE,
143,0.07015543334044443,2026-07-30 15:01:53.234721,2026-07-30 15:01:53.784782,0.550061,1.0,0,rbf,100,10,1.0,0,0.513912333000917,rbf,100,10,1,0.07015543334044443,143,"{'alpha_edge': [0, 0.001, 0.1, 1, 10], 'alpha_neuron': [0], 'kernel_type': ['rbf', 'matern', 'periodic'], 'layer_width': [100, 250, 500, 750, 1000], 'num_inducing': [10, 25, 50, 75, 100]}",COMPLETE,
144,0.004894909764209495,2026-07-30 15:01:53.787761,2026-07-30 15:02:12.821124,19.033363,0.1,0,rbf,500,100,0.1,0,17.57306341698859,rbf,500,100,1,0.004894909764209495,144,"{'alpha_edge': [0, 0.001, 0.1, 1, 10], 'alpha_neuron': [0], 'kernel_type': ['rbf', 'matern', 'periodic'], 'layer_width': [100, 250, 500, 750, 1000], 'num_inducing': [10, 25, 50, 75, 100]}",COMPLETE,
145,0.002366882816584103,2026-07-30 15:02:12.824293,2026-07-30 15:02:18.893529,6.069236,0.1,0,rbf,1000,10,0.1,0,5.563346792012453,rbf,1000,10,1,0.002366882816584103,145,"{'alpha_edge': [0, 0.001, 0.1, 1, 10], 'alpha_neuron': [0], 'kernel_type': ['rbf', 'matern', 'periodic'], 'layer_width': [100, 250, 500, 750, 1000], 'num_inducing': [10, 25, 50, 75, 100]}",COMPLETE,
146,0.04317571987921204,2026-07-30 15:02:18.905385,2026-07-30 15:02:29.150080,10.244695,10.0,0,periodic,750,25,10.0,0,9.162467374990229,periodic,750,25,1,0.04317571987921204,146,"{'alpha_edge': [0, 0.001, 0.1, 1, 10], 'alpha_neuron': [0], 'kernel_type': ['rbf', 'matern', 'periodic'], 'layer_width': [100, 250, 500, 750, 1000], 'num_inducing': [10, 25, 50, 75, 100]}",COMPLETE,
147,0.0024268680194247877,2026-07-30 15:02:29.153190,2026-07-30 15:02:41.905196,12.752006,0.1,0,matern,1000,25,0.1,0,11.90255795896519,matern,1000,25,1,0.0024268680194247877,147,"{'alpha_edge': [0, 0.001, 0.1, 1, 10], 'alpha_neuron': [0], 'kernel_type': ['rbf', 'matern', 'periodic'], 'layer_width': [100, 250, 500, 750, 1000], 'num_inducing': [10, 25, 50, 75, 100]}",COMPLETE,
148,0.05827994958677267,2026-07-30 15:02:41.909708,2026-07-30 15:02:43.085082,1.175374,0.1,0,matern,100,25,0.1,0,1.0819181250408292,matern,100,25,1,0.05827994958677267,148,"{'alpha_edge': [0, 0.001, 0.1, 1, 10], 'alpha_neuron': [0], 'kernel_type': ['rbf', 'matern', 'periodic'], 'layer_width': [100, 250, 500, 750, 1000], 'num_inducing': [10, 25, 50, 75, 100]}",COMPLETE,
149,0.025850456240895905,2026-07-30 15:02:43.088217,2026-07-30 15:02:51.222422,8.134205,0.001,0,matern,250,75,0.001,0,7.408866416022647,matern,250,75,1,0.025850456240895905,149,"{'alpha_edge': [0, 0.001, 0.1, 1, 10], 'alpha_neuron': [0], 'kernel_type': ['rbf', 'matern', 'periodic'], 'layer_width': [100, 250, 500, 750, 1000], 'num_inducing': [10, 25, 50, 75, 100]}",COMPLETE,
150,0.0058913998198591765,2026-07-30 15:02:51.226005,2026-07-30 15:03:02.259067,11.033062,0.0,0,matern,1000,25,0.0,0,10.066771665995475,matern,1000,25,1,0.0058913998198591765,150,"{'alpha_edge': [0, 0.001, 0.1, 1, 10], 'alpha_neuron': [0], 'kernel_type': ['rbf', 'matern', 'periodic'], 'layer_width': [100, 250, 500, 750, 1000], 'num_inducing': [10, 25, 50, 75, 100]}",COMPLETE,
151,0.018946949520853313,2026-07-30 15:03:02.262303,2026-07-30 15:03:42.848203,40.5859,1.0,0,periodic,1000,75,1.0,0,37.244440375012346,periodic,1000,75,1,0.018946949520853313,151,"{'alpha_edge': [0, 0.001, 0.1, 1, 10], 'alpha_neuron': [0], 'kernel_type': ['rbf', 'matern', 'periodic'], 'layer_width': [100, 250, 500, 750, 1000], 'num_inducing': [10, 25, 50, 75, 100]}",COMPLETE,
152,0.004106468616463575,2026-07-30 15:03:42.851049,2026-07-30 15:04:06.665089,23.81404,10.0,0,matern,750,75,10.0,0,21.83473491697805,matern,750,75,1,0.004106468616463575,152,"{'alpha_edge': [0, 0.001, 0.1, 1, 10], 'alpha_neuron': [0], 'kernel_type': ['rbf', 'matern', 'periodic'], 'layer_width': [100, 250, 500, 750, 1000], 'num_inducing': [10, 25, 50, 75, 100]}",COMPLETE,
153,0.005125084256775579,2026-07-30 15:04:06.667998,2026-07-30 15:04:11.615728,4.94773,0.1,0,matern,750,10,0.1,0,4.457465375016909,matern,750,10,1,0.005125084256775579,153,"{'alpha_edge': [0, 0.001, 0.1, 1, 10], 'alpha_neuron': [0], 'kernel_type': ['rbf', 'matern', 'periodic'], 'layer_width': [100, 250, 500, 750, 1000], 'num_inducing': [10, 25, 50, 75, 100]}",COMPLETE,
154,0.017926204173150977,2026-07-30 15:04:11.618990,2026-07-30 15:04:46.101405,34.482415,0.0,0,periodic,1000,75,0.0,0,31.158530374988914,periodic,1000,75,1,0.017926204173150977,154,"{'alpha_edge': [0, 0.001, 0.1, 1, 10], 'alpha_neuron': [0], 'kernel_type': ['rbf', 'matern', 'periodic'], 'layer_width': [100, 250, 500, 750, 1000], 'num_inducing': [10, 25, 50, 75, 100]}",COMPLETE,
155,0.024906803964368607,2026-07-30 15:04:46.104492,2026-07-30 15:04:57.766715,11.662223,0.001,0,periodic,500,50,0.001,0,10.545447624986991,periodic,500,50,1,0.024906803964368607,155,"{'alpha_edge': [0, 0.001, 0.1, 1, 10], 'alpha_neuron': [0], 'kernel_type': ['rbf', 'matern', 'periodic'], 'layer_width': [100, 250, 500, 750, 1000], 'num_inducing': [10, 25, 50, 75, 100]}",COMPLETE,
156,0.06678827753003254,2026-07-30 15:04:57.769730,2026-07-30 15:05:00.828827,3.059097,10.0,0,periodic,250,25,10.0,0,2.7472003329894505,periodic,250,25,1,0.06678827753003254,156,"{'alpha_edge': [0, 0.001, 0.1, 1, 10], 'alpha_neuron': [0], 'kernel_type': ['rbf', 'matern', 'periodic'], 'layer_width': [100, 250, 500, 750, 1000], 'num_inducing': [10, 25, 50, 75, 100]}",COMPLETE,
157,0.06787296069477378,2026-07-30 15:05:00.834108,2026-07-30 15:05:01.523897,0.689789,0.1,0,matern,100,10,0.1,0,0.6052259589778259,matern,100,10,1,0.06787296069477378,157,"{'alpha_edge': [0, 0.001, 0.1, 1, 10], 'alpha_neuron': [0], 'kernel_type': ['rbf', 'matern', 'periodic'], 'layer_width': [100, 250, 500, 750, 1000], 'num_inducing': [10, 25, 50, 75, 100]}",COMPLETE,
158,0.0026084446548189453,2026-07-30 15:05:01.527012,2026-07-30 15:05:06.480765,4.953753,10.0,0,matern,750,10,10.0,0,4.552060374990106,matern,750,10,1,0.0026084446548189453,158,"{'alpha_edge': [0, 0.001, 0.1, 1, 10], 'alpha_neuron': [0], 'kernel_type': ['rbf', 'matern', 'periodic'], 'layer_width': [100, 250, 500, 750, 1000], 'num_inducing': [10, 25, 50, 75, 100]}",COMPLETE,
159,0.05251764658584939,2026-07-30 15:05:06.509921,2026-07-30 15:05:11.341300,4.831379,0.0,0,matern,100,100,0.0,0,4.348696208035108,matern,100,100,1,0.05251764658584939,159,"{'alpha_edge': [0, 0.001, 0.1, 1, 10], 'alpha_neuron': [0], 'kernel_type': ['rbf', 'matern', 'periodic'], 'layer_width': [100, 250, 500, 750, 1000], 'num_inducing': [10, 25, 50, 75, 100]}",COMPLETE,
160,0.004662426610403264,2026-07-30 15:05:11.344394,2026-07-30 15:05:36.710091,25.365697,1.0,0,matern,750,75,1.0,0,23.194483583036344,matern,750,75,1,0.004662426610403264,160,"{'alpha_edge': [0, 0.001, 0.1, 1, 10], 'alpha_neuron': [0], 'kernel_type': ['rbf', 'matern', 'periodic'], 'layer_width': [100, 250, 500, 750, 1000], 'num_inducing': [10, 25, 50, 75, 100]}",COMPLETE,
161,0.06353197176003096,2026-07-30 15:05:36.716320,2026-07-30 15:05:38.020377,1.304057,0.0,0,periodic,100,25,0.0,0,1.1990060830139555,periodic,100,25,1,0.06353197176003096,161,"{'alpha_edge': [0, 0.001, 0.1, 1, 10], 'alpha_neuron': [0], 'kernel_type': ['rbf', 'matern', 'periodic'], 'layer_width': [100, 250, 500, 750, 1000], 'num_inducing': [10, 25, 50, 75, 100]}",COMPLETE,
162,0.02405191198933538,2026-07-30 15:05:38.023691,2026-07-30 15:05:39.479256,1.455565,10.0,0,rbf,250,10,10.0,0,1.3583668330102228,rbf,250,10,1,0.02405191198933538,162,"{'alpha_edge': [0, 0.001, 0.1, 1, 10], 'alpha_neuron': [0], 'kernel_type': ['rbf', 'matern', 'periodic'], 'layer_width': [100, 250, 500, 750, 1000], 'num_inducing': [10, 25, 50, 75, 100]}",COMPLETE,
163,0.07556520746107065,2026-07-30 15:05:39.484028,2026-07-30 15:05:42.179483,2.695455,10.0,0,matern,100,50,10.0,0,2.4990748339914717,matern,100,50,1,0.07556520746107065,163,"{'alpha_edge': [0, 0.001, 0.1, 1, 10], 'alpha_neuron': [0], 'kernel_type': ['rbf', 'matern', 'periodic'], 'layer_width': [100, 250, 500, 750, 1000], 'num_inducing': [10, 25, 50, 75, 100]}",COMPLETE,
164,0.05140225992683825,2026-07-30 15:05:42.183735,2026-07-30 15:05:44.588955,2.40522,0.0,0,matern,100,50,0.0,0,2.21175595902605,matern,100,50,1,0.05140225992683825,164,"{'alpha_edge': [0, 0.001, 0.1, 1, 10], 'alpha_neuron': [0], 'kernel_type': ['rbf', 'matern', 'periodic'], 'layer_width': [100, 250, 500, 750, 1000], 'num_inducing': [10, 25, 50, 75, 100]}",COMPLETE,
165,0.0025738839271830885,2026-07-30 15:05:44.591889,2026-07-30 15:05:51.694458,7.102569,1.0,0,rbf,750,25,1.0,0,6.466619667015038,rbf,750,25,1,0.0025738839271830885,165,"{'alpha_edge': [0, 0.001, 0.1, 1, 10], 'alpha_neuron': [0], 'kernel_type': ['rbf', 'matern', 'periodic'], 'layer_width': [100, 250, 500, 750, 1000], 'num_inducing': [10, 25, 50, 75, 100]}",COMPLETE,
166,0.006198410144457323,2026-07-30 15:05:51.699297,2026-07-30 15:06:08.531031,16.831734,1.0,0,matern,500,75,1.0,0,15.334832582972012,matern,500,75,1,0.006198410144457323,166,"{'alpha_edge': [0, 0.001, 0.1, 1, 10], 'alpha_neuron': [0], 'kernel_type': ['rbf', 'matern', 'periodic'], 'layer_width': [100, 250, 500, 750, 1000], 'num_inducing': [10, 25, 50, 75, 100]}",COMPLETE,
167,0.016250337679765466,2026-07-30 15:06:08.538754,2026-07-30 15:06:11.421131,2.882377,0.1,0,rbf,250,25,0.1,0,2.6953209579805844,rbf,250,25,1,0.016250337679765466,167,"{'alpha_edge': [0, 0.001, 0.1, 1, 10], 'alpha_neuron': [0], 'kernel_type': ['rbf', 'matern', 'periodic'], 'layer_width': [100, 250, 500, 750, 1000], 'num_inducing': [10, 25, 50, 75, 100]}",COMPLETE,
168,0.049455828433308896,2026-07-30 15:06:11.424735,2026-07-30 15:06:15.965359,4.540624,0.1,0,matern,100,100,0.1,0,4.123350666020997,matern,100,100,1,0.049455828433308896,168,"{'alpha_edge': [0, 0.001, 0.1, 1, 10], 'alpha_neuron': [0], 'kernel_type': ['rbf', 'matern', 'periodic'], 'layer_width': [100, 250, 500, 750, 1000], 'num_inducing': [10, 25, 50, 75, 100]}",COMPLETE,
169,0.06846370275052364,2026-07-30 15:06:15.968354,2026-07-30 15:06:19.022991,3.054637,10.0,0,periodic,100,25,10.0,0,2.9045881670317613,periodic,100,25,1,0.06846370275052364,169,"{'alpha_edge': [0, 0.001, 0.1, 1, 10], 'alpha_neuron': [0], 'kernel_type': ['rbf', 'matern', 'periodic'], 'layer_width': [100, 250, 500, 750, 1000], 'num_inducing': [10, 25, 50, 75, 100]}",COMPLETE,
170,0.02881244888300862,2026-07-30 15:06:19.026070,2026-07-30 15:06:54.635670,35.6096,0.001,0,periodic,500,75,0.001,0,30.74189937504707,periodic,500,75,1,0.02881244888300862,170,"{'alpha_edge': [0, 0.001, 0.1, 1, 10], 'alpha_neuron': [0], 'kernel_type': ['rbf', 'matern', 'periodic'], 'layer_width': [100, 250, 500, 750, 1000], 'num_inducing': [10, 25, 50, 75, 100]}",COMPLETE,
171,0.0550954210167033,2026-07-30 15:06:54.676563,2026-07-30 15:06:57.493549,2.816986,0.1,0,periodic,100,10,0.1,0,1.9513780000270344,periodic,100,10,1,0.0550954210167033,171,"{'alpha_edge': [0, 0.001, 0.1, 1, 10], 'alpha_neuron': [0], 'kernel_type': ['rbf', 'matern', 'periodic'], 'layer_width': [100, 250, 500, 750, 1000], 'num_inducing': [10, 25, 50, 75, 100]}",COMPLETE,
172,0.007066326650764726,2026-07-30 15:06:57.548509,2026-07-30 15:07:20.769462,23.220953,0.1,0,matern,500,25,0.1,0,20.851501625031233,matern,500,25,1,0.007066326650764726,172,"{'alpha_edge': [0, 0.001, 0.1, 1, 10], 'alpha_neuron': [0], 'kernel_type': ['rbf', 'matern', 'periodic'], 'layer_width': [100, 250, 500, 750, 1000], 'num_inducing': [10, 25, 50, 75, 100]}",COMPLETE,
173,0.04332294876796981,2026-07-30 15:07:20.989173,2026-07-30 15:07:40.882164,19.892991,1.0,0,periodic,250,100,1.0,0,18.853868625010364,periodic,250,100,1,0.04332294876796981,173,"{'alpha_edge': [0, 0.001, 0.1, 1, 10], 'alpha_neuron': [0], 'kernel_type': ['rbf', 'matern', 'periodic'], 'layer_width': [100, 250, 500, 750, 1000], 'num_inducing': [10, 25, 50, 75, 100]}",COMPLETE,
174,0.006258908205002563,2026-07-30 15:07:40.885647,2026-07-30 15:07:43.955070,3.069423,1.0,0,matern,500,10,1.0,0,2.7190267909900285,matern,500,10,1,0.006258908205002563,174,"{'alpha_edge': [0, 0.001, 0.1, 1, 10], 'alpha_neuron': [0], 'kernel_type': ['rbf', 'matern', 'periodic'], 'layer_width': [100, 250, 500, 750, 1000], 'num_inducing': [10, 25, 50, 75, 100]}",COMPLETE,
175,0.007496260881853747,2026-07-30 15:07:43.959923,2026-07-30 15:07:46.728451,2.768528,0.0,0,matern,500,10,0.0,0,2.562958416994661,matern,500,10,1,0.007496260881853747,175,"{'alpha_edge': [0, 0.001, 0.1, 1, 10], 'alpha_neuron': [0], 'kernel_type': ['rbf', 'matern', 'periodic'], 'layer_width': [100, 250, 500, 750, 1000], 'num_inducing': [10, 25, 50, 75, 100]}",COMPLETE,
176,0.0023364973932954686,2026-07-30 15:07:46.733759,2026-07-30 15:07:50.318253,3.584494,1.0,0,rbf,750,10,1.0,0,3.1662897090427577,rbf,750,10,1,0.0023364973932954686,176,"{'alpha_edge': [0, 0.001, 0.1, 1, 10], 'alpha_neuron': [0], 'kernel_type': ['rbf', 'matern', 'periodic'], 'layer_width': [100, 250, 500, 750, 1000], 'num_inducing': [10, 25, 50, 75, 100]}",COMPLETE,
177,0.005305278080553557,2026-07-30 15:07:50.322998,2026-07-30 15:08:03.347998,13.025,1.0,0,rbf,500,75,1.0,0,11.99514154100325,rbf,500,75,1,0.005305278080553557,177,"{'alpha_edge': [0, 0.001, 0.1, 1, 10], 'alpha_neuron': [0], 'kernel_type': ['rbf', 'matern', 'periodic'], 'layer_width': [100, 250, 500, 750, 1000], 'num_inducing': [10, 25, 50, 75, 100]}",COMPLETE,
178,0.006204686635256375,2026-07-30 15:08:03.351119,2026-07-30 15:08:25.719966,22.368847,10.0,0,matern,500,100,10.0,0,20.5072939999518,matern,500,100,1,0.006204686635256375,178,"{'alpha_edge': [0, 0.001, 0.1, 1, 10], 'alpha_neuron': [0], 'kernel_type': ['rbf', 'matern', 'periodic'], 'layer_width': [100, 250, 500, 750, 1000], 'num_inducing': [10, 25, 50, 75, 100]}",COMPLETE,
179,0.0295401743662123,2026-07-30 15:08:25.722913,2026-07-30 15:08:43.119760,17.396847,10.0,0,periodic,500,75,10.0,0,15.547215834027156,periodic,500,75,1,0.0295401743662123,179,"{'alpha_edge': [0, 0.001, 0.1, 1, 10], 'alpha_neuron': [0], 'kernel_type': ['rbf', 'matern', 'periodic'], 'layer_width': [100, 250, 500, 750, 1000], 'num_inducing': [10, 25, 50, 75, 100]}",COMPLETE,
180,0.007766333452354608,2026-07-30 15:08:43.179489,2026-07-30 15:09:21.287264,38.107775,0.0,0,matern,750,100,0.0,0,35.52974454202922,matern,750,100,1,0.007766333452354608,180,"{'alpha_edge': [0, 0.001, 0.1, 1, 10], 'alpha_neuron': [0], 'kernel_type': ['rbf', 'matern', 'periodic'], 'layer_width': [100, 250, 500, 750, 1000], 'num_inducing': [10, 25, 50, 75, 100]}",COMPLETE,
181,0.017922974635681987,2026-07-30 15:09:21.289977,2026-07-30 15:09:47.518730,26.228753,0.1,0,periodic,750,75,0.1,0,23.61968679196434,periodic,750,75,1,0.017922974635681987,181,"{'alpha_edge': [0, 0.001, 0.1, 1, 10], 'alpha_neuron': [0], 'kernel_type': ['rbf', 'matern', 'periodic'], 'layer_width': [100, 250, 500, 750, 1000], 'num_inducing': [10, 25, 50, 75, 100]}",COMPLETE,
182,0.08824713881302539,2026-07-30 15:09:47.523070,2026-07-30 15:09:52.034584,4.511514,0.001,0,periodic,100,100,0.001,0,4.0425005839788355,periodic,100,100,1,0.08824713881302539,182,"{'alpha_edge': [0, 0.001, 0.1, 1, 10], 'alpha_neuron': [0], 'kernel_type': ['rbf', 'matern', 'periodic'], 'layer_width': [100, 250, 500, 750, 1000], 'num_inducing': [10, 25, 50, 75, 100]}",COMPLETE,
183,0.002504631912056022,2026-07-30 15:09:52.039239,2026-07-30 15:10:14.298834,22.259595,0.001,0,rbf,750,75,0.001,0,20.72655554197263,rbf,750,75,1,0.002504631912056022,183,"{'alpha_edge': [0, 0.001, 0.1, 1, 10], 'alpha_neuron': [0], 'kernel_type': ['rbf', 'matern', 'periodic'], 'layer_width': [100, 250, 500, 750, 1000], 'num_inducing': [10, 25, 50, 75, 100]}",COMPLETE,
184,0.01072739659486762,2026-07-30 15:10:14.339693,2026-07-30 15:10:19.812947,5.473254,0.001,0,matern,500,25,0.001,0,4.999410999997053,matern,500,25,1,0.01072739659486762,184,"{'alpha_edge': [0, 0.001, 0.1, 1, 10], 'alpha_neuron': [0], 'kernel_type': ['rbf', 'matern', 'periodic'], 'layer_width': [100, 250, 500, 750, 1000], 'num_inducing': [10, 25, 50, 75, 100]}",COMPLETE,
185,0.002737249802878955,2026-07-30 15:10:19.816715,2026-07-30 15:10:26.993194,7.176479,0.1,0,rbf,750,25,0.1,0,6.525088833994232,rbf,750,25,1,0.002737249802878955,185,"{'alpha_edge': [0, 0.001, 0.1, 1, 10], 'alpha_neuron': [0], 'kernel_type': ['rbf', 'matern', 'periodic'], 'layer_width': [100, 250, 500, 750, 1000], 'num_inducing': [10, 25, 50, 75, 100]}",COMPLETE,
186,0.017318535769880045,2026-07-30 15:10:26.998767,2026-07-30 15:10:38.558921,11.560154,1.0,0,matern,250,100,1.0,0,10.637747291999403,matern,250,100,1,0.017318535769880045,186,"{'alpha_edge': [0, 0.001, 0.1, 1, 10], 'alpha_neuron': [0], 'kernel_type': ['rbf', 'matern', 'periodic'], 'layer_width': [100, 250, 500, 750, 1000], 'num_inducing': [10, 25, 50, 75, 100]}",COMPLETE,
187,0.032691452184754534,2026-07-30 15:10:38.565080,2026-07-30 15:10:40.139600,1.57452,1.0,0,matern,250,10,1.0,0,1.4565508749801666,matern,250,10,1,0.032691452184754534,187,"{'alpha_edge': [0, 0.001, 0.1, 1, 10], 'alpha_neuron': [0], 'kernel_type': ['rbf', 'matern', 'periodic'], 'layer_width': [100, 250, 500, 750, 1000], 'num_inducing': [10, 25, 50, 75, 100]}",COMPLETE,
188,0.014209567295884884,2026-07-30 15:10:40.142670,2026-07-30 15:10:48.278477,8.135807,1.0,0,rbf,250,100,1.0,0,7.421956083970144,rbf,250,100,1,0.014209567295884884,188,"{'alpha_edge': [0, 0.001, 0.1, 1, 10], 'alpha_neuron': [0], 'kernel_type': ['rbf', 'matern', 'periodic'], 'layer_width': [100, 250, 500, 750, 1000], 'num_inducing': [10, 25, 50, 75, 100]}",COMPLETE,
189,0.06075623629211045,2026-07-30 15:10:48.282858,2026-07-30 15:11:06.356747,18.073889,0.0,0,rbf,750,75,0.0,0,16.566080583026633,rbf,750,75,1,0.06075623629211045,189,"{'alpha_edge': [0, 0.001, 0.1, 1, 10], 'alpha_neuron': [0], 'kernel_type': ['rbf', 'matern', 'periodic'], 'layer_width': [100, 250, 500, 750, 1000], 'num_inducing': [10, 25, 50, 75, 100]}",COMPLETE,
190,0.0308915945958967,2026-07-30 15:11:06.360122,2026-07-30 15:11:16.316874,9.956752,10.0,0,matern,250,100,10.0,0,9.065565666998737,matern,250,100,1,0.0308915945958967,190,"{'alpha_edge': [0, 0.001, 0.1, 1, 10], 'alpha_neuron': [0], 'kernel_type': ['rbf', 'matern', 'periodic'], 'layer_width': [100, 250, 500, 750, 1000], 'num_inducing': [10, 25, 50, 75, 100]}",COMPLETE,
191,0.06182127101551345,2026-07-30 15:11:16.321405,2026-07-30 15:11:19.415059,3.093654,0.001,0,rbf,100,100,0.001,0,2.8692194999894127,rbf,100,100,1,0.06182127101551345,191,"{'alpha_edge': [0, 0.001, 0.1, 1, 10], 'alpha_neuron': [0], 'kernel_type': ['rbf', 'matern', 'periodic'], 'layer_width': [100, 250, 500, 750, 1000], 'num_inducing': [10, 25, 50, 75, 100]}",COMPLETE,
192,0.023155676416990706,2026-07-30 15:11:19.417968,2026-07-30 15:11:29.675521,10.257553,0.1,0,periodic,500,50,0.1,0,9.32141362503171,periodic,500,50,1,0.023155676416990706,192,"{'alpha_edge': [0, 0.001, 0.1, 1, 10], 'alpha_neuron': [0], 'kernel_type': ['rbf', 'matern', 'periodic'], 'layer_width': [100, 250, 500, 750, 1000], 'num_inducing': [10, 25, 50, 75, 100]}",COMPLETE,
193,0.02396314267568182,2026-07-30 15:11:29.680670,2026-07-30 15:11:50.565573,20.884903,0.1,0,periodic,500,100,0.1,0,18.917818665970117,periodic,500,100,1,0.02396314267568182,193,"{'alpha_edge': [0, 0.001, 0.1, 1, 10], 'alpha_neuron': [0], 'kernel_type': ['rbf', 'matern', 'periodic'], 'layer_width': [100, 250, 500, 750, 1000], 'num_inducing': [10, 25, 50, 75, 100]}",COMPLETE,
194,0.03407012842641943,2026-07-30 15:11:50.573400,2026-07-30 15:12:02.637831,12.064431,0.0,0,periodic,1000,25,0.0,0,10.907282583997585,periodic,1000,25,1,0.03407012842641943,194,"{'alpha_edge': [0, 0.001, 0.1, 1, 10], 'alpha_neuron': [0], 'kernel_type': ['rbf', 'matern', 'periodic'], 'layer_width': [100, 250, 500, 750, 1000], 'num_inducing': [10, 25, 50, 75, 100]}",COMPLETE,
195,0.007707429436071249,2026-07-30 15:12:02.640856,2026-07-30 15:12:07.038934,4.398078,1.0,0,rbf,500,25,1.0,0,3.9923252079752274,rbf,500,25,1,0.007707429436071249,195,"{'alpha_edge': [0, 0.001, 0.1, 1, 10], 'alpha_neuron': [0], 'kernel_type': ['rbf', 'matern', 'periodic'], 'layer_width': [100, 250, 500, 750, 1000], 'num_inducing': [10, 25, 50, 75, 100]}",COMPLETE,
196,0.05293333372804943,2026-07-30 15:12:07.042010,2026-07-30 15:12:14.797970,7.75596,10.0,0,periodic,250,75,10.0,0,6.907428500009701,periodic,250,75,1,0.05293333372804943,196,"{'alpha_edge': [0, 0.001, 0.1, 1, 10], 'alpha_neuron': [0], 'kernel_type': ['rbf', 'matern', 'periodic'], 'layer_width': [100, 250, 500, 750, 1000], 'num_inducing': [10, 25, 50, 75, 100]}",COMPLETE,
197,0.04171145685336091,2026-07-30 15:12:14.801000,2026-07-30 15:12:17.793820,2.99282,10.0,0,periodic,500,10,10.0,0,2.6637502079829574,periodic,500,10,1,0.04171145685336091,197,"{'alpha_edge': [0, 0.001, 0.1, 1, 10], 'alpha_neuron': [0], 'kernel_type': ['rbf', 'matern', 'periodic'], 'layer_width': [100, 250, 500, 750, 1000], 'num_inducing': [10, 25, 50, 75, 100]}",COMPLETE,
198,0.039461623437663546,2026-07-30 15:12:17.798278,2026-07-30 15:12:20.711975,2.913697,0.1,0,periodic,250,25,0.1,0,2.6199527920107357,periodic,250,25,1,0.039461623437663546,198,"{'alpha_edge': [0, 0.001, 0.1, 1, 10], 'alpha_neuron': [0], 'kernel_type': ['rbf', 'matern', 'periodic'], 'layer_width': [100, 250, 500, 750, 1000], 'num_inducing': [10, 25, 50, 75, 100]}",COMPLETE,
199,0.0036038300059221358,2026-07-30 15:12:20.715381,2026-07-30 15:12:23.246509,2.531128,0.1,0,rbf,500,10,0.1,0,2.3887880830443464,rbf,500,10,1,0.0036038300059221358,199,"{'alpha_edge': [0, 0.001, 0.1, 1, 10], 'alpha_neuron': [0], 'kernel_type': ['rbf', 'matern', 'periodic'], 'layer_width': [100, 250, 500, 750, 1000], 'num_inducing': [10, 25, 50, 75, 100]}",COMPLETE,
200,0.0484761848442493,2026-07-30 15:12:23.249663,2026-07-30 15:12:27.560627,4.310964,0.001,0,matern,100,100,0.001,0,3.8949659999925643,matern,100,100,1,0.0484761848442493,200,"{'alpha_edge': [0, 0.001, 0.1, 1, 10], 'alpha_neuron': [0], 'kernel_type': ['rbf', 'matern', 'periodic'], 'layer_width': [100, 250, 500, 750, 1000], 'num_inducing': [10, 25, 50, 75, 100]}",COMPLETE,
201,0.005257225248658107,2026-07-30 15:12:27.565028,2026-07-30 15:12:32.107290,4.542262,0.1,0,rbf,500,25,0.1,0,4.191854250035249,rbf,500,25,1,0.005257225248658107,201,"{'alpha_edge': [0, 0.001, 0.1, 1, 10], 'alpha_neuron': [0], 'kernel_type': ['rbf', 'matern', 'periodic'], 'layer_width': [100, 250, 500, 750, 1000], 'num_inducing': [10, 25, 50, 75, 100]}",COMPLETE,
202,0.030506897257976305,2026-07-30 15:12:32.110073,2026-07-30 15:12:37.712483,5.60241,0.001,0,rbf,250,75,0.001,0,5.163866916962434,rbf,250,75,1,0.030506897257976305,202,"{'alpha_edge': [0, 0.001, 0.1, 1, 10], 'alpha_neuron': [0], 'kernel_type': ['rbf', 'matern', 'periodic'], 'layer_width': [100, 250, 500, 750, 1000], 'num_inducing': [10, 25, 50, 75, 100]}",COMPLETE,
203,0.013725087242815414,2026-07-30 15:12:37.717019,2026-07-30 15:12:57.346750,19.629731,0.1,0,matern,500,100,0.1,0,17.94486012501875,matern,500,100,1,0.013725087242815414,203,"{'alpha_edge': [0, 0.001, 0.1, 1, 10], 'alpha_neuron': [0], 'kernel_type': ['rbf', 'matern', 'periodic'], 'layer_width': [100, 250, 500, 750, 1000], 'num_inducing': [10, 25, 50, 75, 100]}",COMPLETE,
204,0.03104897953612864,2026-07-30 15:12:57.349948,2026-07-30 15:13:17.814970,20.465022,10.0,0,periodic,1000,50,10.0,0,18.485516917018685,periodic,1000,50,1,0.03104897953612864,204,"{'alpha_edge': [0, 0.001, 0.1, 1, 10], 'alpha_neuron': [0], 'kernel_type': ['rbf', 'matern', 'periodic'], 'layer_width': [100, 250, 500, 750, 1000], 'num_inducing': [10, 25, 50, 75, 100]}",COMPLETE,
205,0.0035205235721798003,2026-07-30 15:13:17.818307,2026-07-30 15:13:40.911758,23.093451,0.001,0,matern,750,75,0.001,0,21.20336149999639,matern,750,75,1,0.0035205235721798003,205,"{'alpha_edge': [0, 0.001, 0.1, 1, 10], 'alpha_neuron': [0], 'kernel_type': ['rbf', 'matern', 'periodic'], 'layer_width': [100, 250, 500, 750, 1000], 'num_inducing': [10, 25, 50, 75, 100]}",COMPLETE,
206,0.016943076895021968,2026-07-30 15:13:40.915046,2026-07-30 15:13:58.137645,17.222599,0.1,0,periodic,750,50,0.1,0,15.65078787499806,periodic,750,50,1,0.016943076895021968,206,"{'alpha_edge': [0, 0.001, 0.1, 1, 10], 'alpha_neuron': [0], 'kernel_type': ['rbf', 'matern', 'periodic'], 'layer_width': [100, 250, 500, 750, 1000], 'num_inducing': [10, 25, 50, 75, 100]}",COMPLETE,
207,0.011161998811083708,2026-07-30 15:13:58.140749,2026-07-30 15:14:14.912688,16.771939,1.0,0,rbf,1000,50,1.0,0,15.576733458030503,rbf,1000,50,1,0.011161998811083708,207,"{'alpha_edge': [0, 0.001, 0.1, 1, 10], 'alpha_neuron': [0], 'kernel_type': ['rbf', 'matern', 'periodic'], 'layer_width': [100, 250, 500, 750, 1000], 'num_inducing': [10, 25, 50, 75, 100]}",COMPLETE,
208,0.06860190405837165,2026-07-30 15:14:14.915973,2026-07-30 15:14:15.614940,0.698967,10.0,0,periodic,100,10,10.0,0,0.6048011659877375,periodic,100,10,1,0.06860190405837165,208,"{'alpha_edge': [0, 0.001, 0.1, 1, 10], 'alpha_neuron': [0], 'kernel_type': ['rbf', 'matern', 'periodic'], 'layer_width': [100, 250, 500, 750, 1000], 'num_inducing': [10, 25, 50, 75, 100]}",COMPLETE,
209,0.011716635713236627,2026-07-30 15:14:15.621086,2026-07-30 15:14:18.130327,2.509241,0.001,0,matern,500,10,0.001,0,2.3179100419511087,matern,500,10,1,0.011716635713236627,209,"{'alpha_edge': [0, 0.001, 0.1, 1, 10], 'alpha_neuron': [0], 'kernel_type': ['rbf', 'matern', 'periodic'], 'layer_width': [100, 250, 500, 750, 1000], 'num_inducing': [10, 25, 50, 75, 100]}",COMPLETE,
210,0.01740971494054135,2026-07-30 15:14:18.134282,2026-07-30 15:15:00.230013,42.095731,0.001,0,periodic,1000,100,0.001,0,38.149773916986305,periodic,1000,100,1,0.01740971494054135,210,"{'alpha_edge': [0, 0.001, 0.1, 1, 10], 'alpha_neuron': [0], 'kernel_type': ['rbf', 'matern', 'periodic'], 'layer_width': [100, 250, 500, 750, 1000], 'num_inducing': [10, 25, 50, 75, 100]}",COMPLETE,
211,0.016574982043096417,2026-07-30 15:15:00.233673,2026-07-30 15:15:04.365227,4.131554,0.1,0,rbf,250,50,0.1,0,3.7484682080103084,rbf,250,50,1,0.016574982043096417,211,"{'alpha_edge': [0, 0.001, 0.1, 1, 10], 'alpha_neuron': [0], 'kernel_type': ['rbf', 'matern', 'periodic'], 'layer_width': [100, 250, 500, 750, 1000], 'num_inducing': [10, 25, 50, 75, 100]}",COMPLETE,
212,0.07908575935429284,2026-07-30 15:15:04.370926,2026-07-30 15:15:05.985727,1.614801,0.1,0,rbf,100,50,0.1,0,1.4802597080124542,rbf,100,50,1,0.07908575935429284,212,"{'alpha_edge': [0, 0.001, 0.1, 1, 10], 'alpha_neuron': [0], 'kernel_type': ['rbf', 'matern', 'periodic'], 'layer_width': [100, 250, 500, 750, 1000], 'num_inducing': [10, 25, 50, 75, 100]}",COMPLETE,
213,0.021161807213244545,2026-07-30 15:15:05.989064,2026-07-30 15:15:12.924237,6.935173,0.0,0,rbf,750,25,0.0,0,6.278415874985512,rbf,750,25,1,0.021161807213244545,213,"{'alpha_edge': [0, 0.001, 0.1, 1, 10], 'alpha_neuron': [0], 'kernel_type': ['rbf', 'matern', 'periodic'], 'layer_width': [100, 250, 500, 750, 1000], 'num_inducing': [10, 25, 50, 75, 100]}",COMPLETE,
214,0.003235220495290067,2026-07-30 15:15:12.930227,2026-07-30 15:15:37.039577,24.10935,1.0,0,rbf,1000,75,1.0,0,22.241907499963418,rbf,1000,75,1,0.003235220495290067,214,"{'alpha_edge': [0, 0.001, 0.1, 1, 10], 'alpha_neuron': [0], 'kernel_type': ['rbf', 'matern', 'periodic'], 'layer_width': [100, 250, 500, 750, 1000], 'num_inducing': [10, 25, 50, 75, 100]}",COMPLETE,
215,0.0660913260111423,2026-07-30 15:15:37.042828,2026-07-30 15:15:37.532979,0.490151,0.001,0,rbf,100,10,0.001,0,0.4472515410161577,rbf,100,10,1,0.0660913260111423,215,"{'alpha_edge': [0, 0.001, 0.1, 1, 10], 'alpha_neuron': [0], 'kernel_type': ['rbf', 'matern', 'periodic'], 'layer_width': [100, 250, 500, 750, 1000], 'num_inducing': [10, 25, 50, 75, 100]}",COMPLETE,
216,0.027070573719212294,2026-07-30 15:15:37.536234,2026-07-30 15:15:57.127064,19.59083,0.001,0,matern,250,100,0.001,0,18.62084083299851,matern,250,100,1,0.027070573719212294,216,"{'alpha_edge': [0, 0.001, 0.1, 1, 10], 'alpha_neuron': [0], 'kernel_type': ['rbf', 'matern', 'periodic'], 'layer_width': [100, 250, 500, 750, 1000], 'num_inducing': [10, 25, 50, 75, 100]}",COMPLETE,
217,0.0770670501778576,2026-07-30 15:15:57.131461,2026-07-30 15:16:00.384645,3.253184,10.0,0,rbf,100,100,10.0,0,3.0533006659825332,rbf,100,100,1,0.0770670501778576,217,"{'alpha_edge': [0, 0.001, 0.1, 1, 10], 'alpha_neuron': [0], 'kernel_type': ['rbf', 'matern', 'periodic'], 'layer_width': [100, 250, 500, 750, 1000], 'num_inducing': [10, 25, 50, 75, 100]}",COMPLETE,
218,0.056162803629860515,2026-07-30 15:16:00.387787,2026-07-30 15:16:01.895163,1.507376,0.1,0,periodic,250,10,0.1,0,1.372368375014048,periodic,250,10,1,0.056162803629860515,218,"{'alpha_edge': [0, 0.001, 0.1, 1, 10], 'alpha_neuron': [0], 'kernel_type': ['rbf', 'matern', 'periodic'], 'layer_width': [100, 250, 500, 750, 1000], 'num_inducing': [10, 25, 50, 75, 100]}",COMPLETE,
219,0.005876804100318029,2026-07-30 15:16:01.898249,2026-07-30 15:16:07.136795,5.238546,1.0,0,matern,500,25,1.0,0,4.7830682920175605,matern,500,25,1,0.005876804100318029,219,"{'alpha_edge': [0, 0.001, 0.1, 1, 10], 'alpha_neuron': [0], 'kernel_type': ['rbf', 'matern', 'periodic'], 'layer_width': [100, 250, 500, 750, 1000], 'num_inducing': [10, 25, 50, 75, 100]}",COMPLETE,
220,0.021285600442088503,2026-07-30 15:16:07.140798,2026-07-30 15:16:31.155139,24.014341,0.001,0,periodic,500,100,0.001,0,21.695399958000053,periodic,500,100,1,0.021285600442088503,220,"{'alpha_edge': [0, 0.001, 0.1, 1, 10], 'alpha_neuron': [0], 'kernel_type': ['rbf', 'matern', 'periodic'], 'layer_width': [100, 250, 500, 750, 1000], 'num_inducing': [10, 25, 50, 75, 100]}",COMPLETE,
221,0.04447888937423681,2026-07-30 15:16:31.158351,2026-07-30 15:16:56.712292,25.553941,10.0,0,periodic,750,75,10.0,0,23.023210499959532,periodic,750,75,1,0.04447888937423681,221,"{'alpha_edge': [0, 0.001, 0.1, 1, 10], 'alpha_neuron': [0], 'kernel_type': ['rbf', 'matern', 'periodic'], 'layer_width': [100, 250, 500, 750, 1000], 'num_inducing': [10, 25, 50, 75, 100]}",COMPLETE,
222,0.08031789769705633,2026-07-30 15:16:56.715532,2026-07-30 15:17:00.511407,3.795875,0.0,0,rbf,100,100,0.0,0,3.4714070000336505,rbf,100,100,1,0.08031789769705633,222,"{'alpha_edge': [0, 0.001, 0.1, 1, 10], 'alpha_neuron': [0], 'kernel_type': ['rbf', 'matern', 'periodic'], 'layer_width': [100, 250, 500, 750, 1000], 'num_inducing': [10, 25, 50, 75, 100]}",COMPLETE,
223,0.0019312312920458283,2026-07-30 15:17:00.514636,2026-07-30 15:17:10.883728,10.369092,0.001,0,rbf,1000,25,0.001,0,9.581610332999844,rbf,1000,25,1,0.0019312312920458283,223,"{'alpha_edge': [0, 0.001, 0.1, 1, 10], 'alpha_neuron': [0], 'kernel_type': ['rbf', 'matern', 'periodic'], 'layer_width': [100, 250, 500, 750, 1000], 'num_inducing': [10, 25, 50, 75, 100]}",COMPLETE,
224,0.03308343553306917,2026-07-30 15:17:10.887426,2026-07-30 15:17:29.092672,18.205246,0.0,0,rbf,500,100,0.0,0,16.72571083297953,rbf,500,100,1,0.03308343553306917,224,"{'alpha_edge': [0, 0.001, 0.1, 1, 10], 'alpha_neuron': [0], 'kernel_type': ['rbf', 'matern', 'periodic'], 'layer_width': [100, 250, 500, 750, 1000], 'num_inducing': [10, 25, 50, 75, 100]}",COMPLETE,
225,0.031987529074837026,2026-07-30 15:17:29.100518,2026-07-30 15:17:35.880929,6.780411,0.0,0,periodic,500,25,0.0,0,6.097769292013254,periodic,500,25,1,0.031987529074837026,225,"{'alpha_edge': [0, 0.001, 0.1, 1, 10], 'alpha_neuron': [0], 'kernel_type': ['rbf', 'matern', 'periodic'], 'layer_width': [100, 250, 500, 750, 1000], 'num_inducing': [10, 25, 50, 75, 100]}",COMPLETE,
226,0.02165825825372547,2026-07-30 15:17:35.884571,2026-07-30 15:17:52.717193,16.832622,0.0,0,periodic,750,50,0.0,0,14.888235582970083,periodic,750,50,1,0.02165825825372547,226,"{'alpha_edge': [0, 0.001, 0.1, 1, 10], 'alpha_neuron': [0], 'kernel_type': ['rbf', 'matern', 'periodic'], 'layer_width': [100, 250, 500, 750, 1000], 'num_inducing': [10, 25, 50, 75, 100]}",COMPLETE,
227,0.0206702668599611,2026-07-30 15:17:52.721386,2026-07-30 15:18:17.142902,24.421516,1.0,0,periodic,1000,50,1.0,0,21.74643629102502,periodic,1000,50,1,0.0206702668599611,227,"{'alpha_edge': [0, 0.001, 0.1, 1, 10], 'alpha_neuron': [0], 'kernel_type': ['rbf', 'matern', 'periodic'], 'layer_width': [100, 250, 500, 750, 1000], 'num_inducing': [10, 25, 50, 75, 100]}",COMPLETE,
228,0.0038801477118661776,2026-07-30 15:18:17.152204,2026-07-30 15:18:58.779344,41.62714,0.1,0,matern,750,100,0.1,0,39.00306195899611,matern,750,100,1,0.0038801477118661776,228,"{'alpha_edge': [0, 0.001, 0.1, 1, 10], 'alpha_neuron': [0], 'kernel_type': ['rbf', 'matern', 'periodic'], 'layer_width': [100, 250, 500, 750, 1000], 'num_inducing': [10, 25, 50, 75, 100]}",COMPLETE,
229,0.08162573656346804,2026-07-30 15:18:58.782499,2026-07-30 15:19:02.271257,3.488758,0.1,0,rbf,100,100,0.1,0,3.2181561249890365,rbf,100,100,1,0.08162573656346804,229,"{'alpha_edge': [0, 0.001, 0.1, 1, 10], 'alpha_neuron': [0], 'kernel_type': ['rbf', 'matern', 'periodic'], 'layer_width': [100, 250, 500, 750, 1000], 'num_inducing': [10, 25, 50, 75, 100]}",COMPLETE,
230,0.014810438500109867,2026-07-30 15:19:02.283662,2026-07-30 15:19:08.994152,6.71049,1.0,0,rbf,250,75,1.0,0,6.144597459002398,rbf,250,75,1,0.014810438500109867,230,"{'alpha_edge': [0, 0.001, 0.1, 1, 10], 'alpha_neuron': [0], 'kernel_type': ['rbf', 'matern', 'periodic'], 'layer_width': [100, 250, 500, 750, 1000], 'num_inducing': [10, 25, 50, 75, 100]}",COMPLETE,
231,0.027714684597849402,2026-07-30 15:19:08.997180,2026-07-30 15:19:21.255267,12.258087,1.0,0,periodic,500,50,1.0,0,11.119717041030526,periodic,500,50,1,0.027714684597849402,231,"{'alpha_edge': [0, 0.001, 0.1, 1, 10], 'alpha_neuron': [0], 'kernel_type': ['rbf', 'matern', 'periodic'], 'layer_width': [100, 250, 500, 750, 1000], 'num_inducing': [10, 25, 50, 75, 100]}",COMPLETE,
232,0.06911794324875523,2026-07-30 15:19:21.260714,2026-07-30 15:19:23.643778,2.383064,1.0,0,matern,100,50,1.0,0,2.095731874986086,matern,100,50,1,0.06911794324875523,232,"{'alpha_edge': [0, 0.001, 0.1, 1, 10], 'alpha_neuron': [0], 'kernel_type': ['rbf', 'matern', 'periodic'], 'layer_width': [100, 250, 500, 750, 1000], 'num_inducing': [10, 25, 50, 75, 100]}",COMPLETE,
233,0.001819091622449809,2026-07-30 15:19:23.647921,2026-07-30 15:19:56.763238,33.115317,10.0,0,matern,1000,75,10.0,0,30.705199374991935,matern,1000,75,1,0.001819091622449809,233,"{'alpha_edge': [0, 0.001, 0.1, 1, 10], 'alpha_neuron': [0], 'kernel_type': ['rbf', 'matern', 'periodic'], 'layer_width': [100, 250, 500, 750, 1000], 'num_inducing': [10, 25, 50, 75, 100]}",COMPLETE,
234,0.004893765344456327,2026-07-30 15:19:56.766429,2026-07-30 15:20:00.946192,4.179763,0.0,0,matern,750,10,0.0,0,3.864332708006259,matern,750,10,1,0.004893765344456327,234,"{'alpha_edge': [0, 0.001, 0.1, 1, 10], 'alpha_neuron': [0], 'kernel_type': ['rbf', 'matern', 'periodic'], 'layer_width': [100, 250, 500, 750, 1000], 'num_inducing': [10, 25, 50, 75, 100]}",COMPLETE,
235,0.008135988871409367,2026-07-30 15:20:00.948830,2026-07-30 15:20:10.823556,9.874726,0.001,0,matern,500,50,0.001,0,8.91664133296581,matern,500,50,1,0.008135988871409367,235,"{'alpha_edge': [0, 0.001, 0.1, 1, 10], 'alpha_neuron': [0], 'kernel_type': ['rbf', 'matern', 'periodic'], 'layer_width': [100, 250, 500, 750, 1000], 'num_inducing': [10, 25, 50, 75, 100]}",COMPLETE,
236,0.029887725010539677,2026-07-30 15:20:10.828335,2026-07-30 15:20:22.291310,11.462975,0.0,0,rbf,500,75,0.0,0,10.638326957996469,rbf,500,75,1,0.029887725010539677,236,"{'alpha_edge': [0, 0.001, 0.1, 1, 10], 'alpha_neuron': [0], 'kernel_type': ['rbf', 'matern', 'periodic'], 'layer_width': [100, 250, 500, 750, 1000], 'num_inducing': [10, 25, 50, 75, 100]}",COMPLETE,
237,0.025609223007854988,2026-07-30 15:20:22.296224,2026-07-30 15:20:26.987187,4.690963,0.001,0,matern,250,50,0.001,0,4.231365249957889,matern,250,50,1,0.025609223007854988,237,"{'alpha_edge': [0, 0.001, 0.1, 1, 10], 'alpha_neuron': [0], 'kernel_type': ['rbf', 'matern', 'periodic'], 'layer_width': [100, 250, 500, 750, 1000], 'num_inducing': [10, 25, 50, 75, 100]}",COMPLETE,
238,0.07868287742644084,2026-07-30 15:20:26.990270,2026-07-30 15:20:27.938492,0.948222,1.0,0,rbf,100,25,1.0,0,0.8140083749894984,rbf,100,25,1,0.07868287742644084,238,"{'alpha_edge': [0, 0.001, 0.1, 1, 10], 'alpha_neuron': [0], 'kernel_type': ['rbf', 'matern', 'periodic'], 'layer_width': [100, 250, 500, 750, 1000], 'num_inducing': [10, 25, 50, 75, 100]}",COMPLETE,
239,0.004315219551556398,2026-07-30 15:20:27.943036,2026-07-30 15:20:42.242347,14.299311,10.0,0,matern,750,50,10.0,0,13.10176179104019,matern,750,50,1,0.004315219551556398,239,"{'alpha_edge': [0, 0.001, 0.1, 1, 10], 'alpha_neuron': [0], 'kernel_type': ['rbf', 'matern', 'periodic'], 'layer_width': [100, 250, 500, 750, 1000], 'num_inducing': [10, 25, 50, 75, 100]}",COMPLETE,
240,0.07728002031249,2026-07-30 15:20:42.246034,2026-07-30 15:20:44.745289,2.499255,0.0,0,rbf,100,75,0.0,0,2.3145326250232756,rbf,100,75,1,0.07728002031249,240,"{'alpha_edge': [0, 0.001, 0.1, 1, 10], 'alpha_neuron': [0], 'kernel_type': ['rbf', 'matern', 'periodic'], 'layer_width': [100, 250, 500, 750, 1000], 'num_inducing': [10, 25, 50, 75, 100]}",COMPLETE,
241,0.0716397055664797,2026-07-30 15:20:44.748411,2026-07-30 15:20:46.525345,1.776934,0.0,0,rbf,100,50,0.0,0,1.6612047500093468,rbf,100,50,1,0.0716397055664797,241,"{'alpha_edge': [0, 0.001, 0.1, 1, 10], 'alpha_neuron': [0], 'kernel_type': ['rbf', 'matern', 'periodic'], 'layer_width': [100, 250, 500, 750, 1000], 'num_inducing': [10, 25, 50, 75, 100]}",COMPLETE,
242,0.053967481418183284,2026-07-30 15:20:46.529589,2026-07-30 15:20:47.111054,0.581465,0.001,0,periodic,100,10,0.001,0,0.5325753340148367,periodic,100,10,1,0.053967481418183284,242,"{'alpha_edge': [0, 0.001, 0.1, 1, 10], 'alpha_neuron': [0], 'kernel_type': ['rbf', 'matern', 'periodic'], 'layer_width': [100, 250, 500, 750, 1000], 'num_inducing': [10, 25, 50, 75, 100]}",COMPLETE,
243,0.017207390086943303,2026-07-30 15:20:47.114063,2026-07-30 15:21:24.835237,37.721174,0.0,0,rbf,1000,100,0.0,0,35.43959258298855,rbf,1000,100,1,0.017207390086943303,243,"{'alpha_edge': [0, 0.001, 0.1, 1, 10], 'alpha_neuron': [0], 'kernel_type': ['rbf', 'matern', 'periodic'], 'layer_width': [100, 250, 500, 750, 1000], 'num_inducing': [10, 25, 50, 75, 100]}",COMPLETE,
244,0.01669291615580812,2026-07-30 15:21:24.839011,2026-07-30 15:21:26.086786,1.247775,0.0,0,matern,250,10,0.0,0,1.1153420829796232,matern,250,10,1,0.01669291615580812,244,"{'alpha_edge': [0, 0.001, 0.1, 1, 10], 'alpha_neuron': [0], 'kernel_type': ['rbf', 'matern', 'periodic'], 'layer_width': [100, 250, 500, 750, 1000], 'num_inducing': [10, 25, 50, 75, 100]}",COMPLETE,
245,0.04421136717277437,2026-07-30 15:21:26.090016,2026-07-30 15:21:27.759950,1.669934,0.001,0,rbf,100,50,0.001,0,1.540913625038229,rbf,100,50,1,0.04421136717277437,245,"{'alpha_edge': [0, 0.001, 0.1, 1, 10], 'alpha_neuron': [0], 'kernel_type': ['rbf', 'matern', 'periodic'], 'layer_width': [100, 250, 500, 750, 1000], 'num_inducing': [10, 25, 50, 75, 100]}",COMPLETE,
246,0.015501521132886113,2026-07-30 15:21:27.766214,2026-07-30 15:21:31.660090,3.893876,1.0,0,rbf,250,50,1.0,0,3.5598025000072084,rbf,250,50,1,0.015501521132886113,246,"{'alpha_edge': [0, 0.001, 0.1, 1, 10], 'alpha_neuron': [0], 'kernel_type': ['rbf', 'matern', 'periodic'], 'layer_width': [100, 250, 500, 750, 1000], 'num_inducing': [10, 25, 50, 75, 100]}",COMPLETE,
247,0.011613465498364553,2026-07-30 15:21:31.665220,2026-07-30 15:21:46.239186,14.573966,0.1,0,matern,500,75,0.1,0,13.33493950002594,matern,500,75,1,0.011613465498364553,247,"{'alpha_edge': [0, 0.001, 0.1, 1, 10], 'alpha_neuron': [0], 'kernel_type': ['rbf', 'matern', 'periodic'], 'layer_width': [100, 250, 500, 750, 1000], 'num_inducing': [10, 25, 50, 75, 100]}",COMPLETE,
248,0.019909228612524258,2026-07-30 15:21:46.319897,2026-07-30 15:21:56.275569,9.955672,0.1,0,matern,250,100,0.1,0,9.174684582976624,matern,250,100,1,0.019909228612524258,248,"{'alpha_edge': [0, 0.001, 0.1, 1, 10], 'alpha_neuron': [0], 'kernel_type': ['rbf', 'matern', 'periodic'], 'layer_width': [100, 250, 500, 750, 1000], 'num_inducing': [10, 25, 50, 75, 100]}",COMPLETE,
249,0.00208543008692561,2026-07-30 15:21:56.278409,2026-07-30 15:22:06.306328,10.027919,10.0,0,matern,1000,25,10.0,0,9.235539207991678,matern,1000,25,1,0.00208543008692561,249,"{'alpha_edge': [0, 0.001, 0.1, 1, 10], 'alpha_neuron': [0], 'kernel_type': ['rbf', 'matern', 'periodic'], 'layer_width': [100, 250, 500, 750, 1000], 'num_inducing': [10, 25, 50, 75, 100]}",COMPLETE,
250,0.060174913420636716,2026-07-30 15:22:06.309673,2026-07-30 15:22:08.954802,2.645129,1.0,0,periodic,250,25,1.0,0,2.2930828749667853,periodic,250,25,1,0.060174913420636716,250,"{'alpha_edge': [0, 0.001, 0.1, 1, 10], 'alpha_neuron': [0], 'kernel_type': ['rbf', 'matern', 'periodic'], 'layer_width': [100, 250, 500, 750, 1000], 'num_inducing': [10, 25, 50, 75, 100]}",COMPLETE,
251,0.08672436099468778,2026-07-30 15:22:08.957623,2026-07-30 15:22:13.596335,4.638712,10.0,0,periodic,100,100,10.0,0,4.1882699159905314,periodic,100,100,1,0.08672436099468778,251,"{'alpha_edge': [0, 0.001, 0.1, 1, 10], 'alpha_neuron': [0], 'kernel_type': ['rbf', 'matern', 'periodic'], 'layer_width': [100, 250, 500, 750, 1000], 'num_inducing': [10, 25, 50, 75, 100]}",COMPLETE,
252,0.024946003181239042,2026-07-30 15:22:13.599434,2026-07-30 15:22:37.641436,24.042002,0.0,0,rbf,750,100,0.0,0,22.572084666986484,rbf,750,100,1,0.024946003181239042,252,"{'alpha_edge': [0, 0.001, 0.1, 1, 10], 'alpha_neuron': [0], 'kernel_type': ['rbf', 'matern', 'periodic'], 'layer_width': [100, 250, 500, 750, 1000], 'num_inducing': [10, 25, 50, 75, 100]}",COMPLETE,
253,0.0023564540656636373,2026-07-30 15:22:37.644854,2026-07-30 15:23:01.191496,23.546642,10.0,0,rbf,750,100,10.0,0,21.916281417012215,rbf,750,100,1,0.0023564540656636373,253,"{'alpha_edge': [0, 0.001, 0.1, 1, 10], 'alpha_neuron': [0], 'kernel_type': ['rbf', 'matern', 'periodic'], 'layer_width': [100, 250, 500, 750, 1000], 'num_inducing': [10, 25, 50, 75, 100]}",COMPLETE,
254,0.003310120744824533,2026-07-30 15:23:01.194885,2026-07-30 15:23:10.188210,8.993325,10.0,0,rbf,1000,25,10.0,0,8.297391915984917,rbf,1000,25,1,0.003310120744824533,254,"{'alpha_edge': [0, 0.001, 0.1, 1, 10], 'alpha_neuron': [0], 'kernel_type': ['rbf', 'matern', 'periodic'], 'layer_width': [100, 250, 500, 750, 1000], 'num_inducing': [10, 25, 50, 75, 100]}",COMPLETE,
255,0.025158723670421483,2026-07-30 15:23:10.191425,2026-07-30 15:23:15.018158,4.826733,0.1,0,matern,250,50,0.1,0,4.378350457991473,matern,250,50,1,0.025158723670421483,255,"{'alpha_edge': [0, 0.001, 0.1, 1, 10], 'alpha_neuron': [0], 'kernel_type': ['rbf', 'matern', 'periodic'], 'layer_width': [100, 250, 500, 750, 1000], 'num_inducing': [10, 25, 50, 75, 100]}",COMPLETE,
256,0.031364378187411876,2026-07-30 15:23:15.021656,2026-07-30 15:23:17.327153,2.305497,10.0,0,matern,250,25,10.0,0,2.1168269169866107,matern,250,25,1,0.031364378187411876,256,"{'alpha_edge': [0, 0.001, 0.1, 1, 10], 'alpha_neuron': [0], 'kernel_type': ['rbf', 'matern', 'periodic'], 'layer_width': [100, 250, 500, 750, 1000], 'num_inducing': [10, 25, 50, 75, 100]}",COMPLETE,
257,0.02318895257608187,2026-07-30 15:23:17.330219,2026-07-30 15:23:18.388355,1.058136,0.001,0,rbf,250,10,0.001,0,0.9988674999913201,rbf,250,10,1,0.02318895257608187,257,"{'alpha_edge': [0, 0.001, 0.1, 1, 10], 'alpha_neuron': [0], 'kernel_type': ['rbf', 'matern', 'periodic'], 'layer_width': [100, 250, 500, 750, 1000], 'num_inducing': [10, 25, 50, 75, 100]}",COMPLETE,
258,0.016456396149279566,2026-07-30 15:23:18.392011,2026-07-30 15:23:25.842035,7.450024,1.0,0,matern,250,75,1.0,0,6.761636290990282,matern,250,75,1,0.016456396149279566,258,"{'alpha_edge': [0, 0.001, 0.1, 1, 10], 'alpha_neuron': [0], 'kernel_type': ['rbf', 'matern', 'periodic'], 'layer_width': [100, 250, 500, 750, 1000], 'num_inducing': [10, 25, 50, 75, 100]}",COMPLETE,
259,0.02835734557173774,2026-07-30 15:23:25.845539,2026-07-30 15:23:30.038721,4.193182,0.0,0,rbf,500,25,0.0,0,3.8915342499967664,rbf,500,25,1,0.02835734557173774,259,"{'alpha_edge': [0, 0.001, 0.1, 1, 10], 'alpha_neuron': [0], 'kernel_type': ['rbf', 'matern', 'periodic'], 'layer_width': [100, 250, 500, 750, 1000], 'num_inducing': [10, 25, 50, 75, 100]}",COMPLETE,
260,0.069676346975998,2026-07-30 15:23:30.041754,2026-07-30 15:23:33.211050,3.169296,1.0,0,periodic,100,75,1.0,0,2.773293416015804,periodic,100,75,1,0.069676346975998,260,"{'alpha_edge': [0, 0.001, 0.1, 1, 10], 'alpha_neuron': [0], 'kernel_type': ['rbf', 'matern', 'periodic'], 'layer_width': [100, 250, 500, 750, 1000], 'num_inducing': [10, 25, 50, 75, 100]}",COMPLETE,
261,0.005249094545310005,2026-07-30 15:23:33.213840,2026-07-30 15:23:37.739981,4.526141,0.001,0,rbf,500,25,0.001,0,4.191956375027075,rbf,500,25,1,0.005249094545310005,261,"{'alpha_edge': [0, 0.001, 0.1, 1, 10], 'alpha_neuron': [0], 'kernel_type': ['rbf', 'matern', 'periodic'], 'layer_width': [100, 250, 500, 750, 1000], 'num_inducing': [10, 25, 50, 75, 100]}",COMPLETE,
262,0.01280218802858236,2026-07-30 15:23:37.743444,2026-07-30 15:23:42.530696,4.787252,0.0,0,matern,500,25,0.0,0,4.344100666989107,matern,500,25,1,0.01280218802858236,262,"{'alpha_edge': [0, 0.001, 0.1, 1, 10], 'alpha_neuron': [0], 'kernel_type': ['rbf', 'matern', 'periodic'], 'layer_width': [100, 250, 500, 750, 1000], 'num_inducing': [10, 25, 50, 75, 100]}",COMPLETE,
263,0.05450623027031209,2026-07-30 15:23:42.533864,2026-07-30 15:23:47.813491,5.279627,10.0,0,periodic,250,50,10.0,0,4.81247008300852,periodic,250,50,1,0.05450623027031209,263,"{'alpha_edge': [0, 0.001, 0.1, 1, 10], 'alpha_neuron': [0], 'kernel_type': ['rbf', 'matern', 'periodic'], 'layer_width': [100, 250, 500, 750, 1000], 'num_inducing': [10, 25, 50, 75, 100]}",COMPLETE,
264,0.05613059353677679,2026-07-30 15:23:47.816635,2026-07-30 15:23:54.942835,7.1262,0.0,0,periodic,250,75,0.0,0,6.426604792010039,periodic,250,75,1,0.05613059353677679,264,"{'alpha_edge': [0, 0.001, 0.1, 1, 10], 'alpha_neuron': [0], 'kernel_type': ['rbf', 'matern', 'periodic'], 'layer_width': [100, 250, 500, 750, 1000], 'num_inducing': [10, 25, 50, 75, 100]}",COMPLETE,
265,0.005971904970606585,2026-07-30 15:23:54.945921,2026-07-30 15:24:02.656379,7.710458,0.0,0,matern,750,25,0.0,0,7.062834458018187,matern,750,25,1,0.005971904970606585,265,"{'alpha_edge': [0, 0.001, 0.1, 1, 10], 'alpha_neuron': [0], 'kernel_type': ['rbf', 'matern', 'periodic'], 'layer_width': [100, 250, 500, 750, 1000], 'num_inducing': [10, 25, 50, 75, 100]}",COMPLETE,
266,2.5510481067636785,2026-07-30 15:24:02.659513,2026-07-30 15:24:03.392741,0.733228,0.0,0,periodic,100,10,0.0,0,0.6815143749699928,periodic,100,10,1,2.5510481067636785,266,"{'alpha_edge': [0, 0.001, 0.1, 1, 10], 'alpha_neuron': [0], 'kernel_type': ['rbf', 'matern', 'periodic'], 'layer_width': [100, 250, 500, 750, 1000], 'num_inducing': [10, 25, 50, 75, 100]}",COMPLETE,
267,0.03130453519195718,2026-07-30 15:24:03.396121,2026-07-30 15:24:14.226043,10.829922,0.1,0,periodic,250,100,0.1,0,9.774292000045534,periodic,250,100,1,0.03130453519195718,267,"{'alpha_edge': [0, 0.001, 0.1, 1, 10], 'alpha_neuron': [0], 'kernel_type': ['rbf', 'matern', 'periodic'], 'layer_width': [100, 250, 500, 750, 1000], 'num_inducing': [10, 25, 50, 75, 100]}",COMPLETE,
268,0.022103043945541533,2026-07-30 15:24:14.229475,2026-07-30 15:24:20.280492,6.051017,1.0,0,periodic,1000,10,1.0,0,5.513324500003364,periodic,1000,10,1,0.022103043945541533,268,"{'alpha_edge': [0, 0.001, 0.1, 1, 10], 'alpha_neuron': [0], 'kernel_type': ['rbf', 'matern', 'periodic'], 'layer_width': [100, 250, 500, 750, 1000], 'num_inducing': [10, 25, 50, 75, 100]}",COMPLETE,
269,0.020043828644258355,2026-07-30 15:24:20.283448,2026-07-30 15:24:52.971334,32.687886,1.0,0,periodic,750,100,1.0,0,28.909726458019577,periodic,750,100,1,0.020043828644258355,269,"{'alpha_edge': [0, 0.001, 0.1, 1, 10], 'alpha_neuron': [0], 'kernel_type': ['rbf', 'matern', 'periodic'], 'layer_width': [100, 250, 500, 750, 1000], 'num_inducing': [10, 25, 50, 75, 100]}",COMPLETE,
270,0.023846421359288494,2026-07-30 15:24:52.974545,2026-07-30 15:24:58.471724,5.497179,10.0,0,rbf,250,75,10.0,0,5.12156674999278,rbf,250,75,1,0.023846421359288494,270,"{'alpha_edge': [0, 0.001, 0.1, 1, 10], 'alpha_neuron': [0], 'kernel_type': ['rbf', 'matern', 'periodic'], 'layer_width': [100, 250, 500, 750, 1000], 'num_inducing': [10, 25, 50, 75, 100]}",COMPLETE,
271,0.0022256221649098276,2026-07-30 15:24:58.474712,2026-07-30 15:25:32.468779,33.994067,0.001,0,matern,1000,75,0.001,0,31.433279959019274,matern,1000,75,1,0.0022256221649098276,271,"{'alpha_edge': [0, 0.001, 0.1, 1, 10], 'alpha_neuron': [0], 'kernel_type': ['rbf', 'matern', 'periodic'], 'layer_width': [100, 250, 500, 750, 1000], 'num_inducing': [10, 25, 50, 75, 100]}",COMPLETE,
272,0.016252395983882537,2026-07-30 15:25:32.472212,2026-07-30 15:25:54.318330,21.846118,0.1,0,periodic,1000,50,0.1,0,19.984669040946756,periodic,1000,50,1,0.016252395983882537,272,"{'alpha_edge': [0, 0.001, 0.1, 1, 10], 'alpha_neuron': [0], 'kernel_type': ['rbf', 'matern', 'periodic'], 'layer_width': [100, 250, 500, 750, 1000], 'num_inducing': [10, 25, 50, 75, 100]}",COMPLETE,
273,0.034135523042467364,2026-07-30 15:25:54.322890,2026-07-30 15:26:04.627078,10.304188,0.0,0,periodic,500,50,0.0,0,9.260451125039253,periodic,500,50,1,0.034135523042467364,273,"{'alpha_edge': [0, 0.001, 0.1, 1, 10], 'alpha_neuron': [0], 'kernel_type': ['rbf', 'matern', 'periodic'], 'layer_width': [100, 250, 500, 750, 1000], 'num_inducing': [10, 25, 50, 75, 100]}",COMPLETE,
274,0.04764146486315747,2026-07-30 15:26:04.630431,2026-07-30 15:26:09.682299,5.051868,1.0,0,periodic,250,50,1.0,0,4.594714458973613,periodic,250,50,1,0.04764146486315747,274,"{'alpha_edge': [0, 0.001, 0.1, 1, 10], 'alpha_neuron': [0], 'kernel_type': ['rbf', 'matern', 'periodic'], 'layer_width': [100, 250, 500, 750, 1000], 'num_inducing': [10, 25, 50, 75, 100]}",COMPLETE,
275,0.03528601286991112,2026-07-30 15:26:09.687322,2026-07-30 15:26:11.137010,1.449688,0.001,0,periodic,250,10,0.001,0,1.2916566660278477,periodic,250,10,1,0.03528601286991112,275,"{'alpha_edge': [0, 0.001, 0.1, 1, 10], 'alpha_neuron': [0], 'kernel_type': ['rbf', 'matern', 'periodic'], 'layer_width': [100, 250, 500, 750, 1000], 'num_inducing': [10, 25, 50, 75, 100]}",COMPLETE,
276,0.009904966367113565,2026-07-30 15:26:11.140116,2026-07-30 15:26:20.815018,9.674902,0.1,0,matern,500,50,0.1,0,8.931579458992928,matern,500,50,1,0.009904966367113565,276,"{'alpha_edge': [0, 0.001, 0.1, 1, 10], 'alpha_neuron': [0], 'kernel_type': ['rbf', 'matern', 'periodic'], 'layer_width': [100, 250, 500, 750, 1000], 'num_inducing': [10, 25, 50, 75, 100]}",COMPLETE,
277,0.0245714024873967,2026-07-30 15:26:20.820172,2026-07-30 15:26:44.761198,23.941026,0.0,0,rbf,1000,75,0.0,0,22.167734666960314,rbf,1000,75,1,0.0245714024873967,277,"{'alpha_edge': [0, 0.001, 0.1, 1, 10], 'alpha_neuron': [0], 'kernel_type': ['rbf', 'matern', 'periodic'], 'layer_width': [100, 250, 500, 750, 1000], 'num_inducing': [10, 25, 50, 75, 100]}",COMPLETE,
278,0.005812700587039241,2026-07-30 15:26:44.766876,2026-07-30 15:27:07.283631,22.516755,0.0,0,matern,750,75,0.0,0,20.50964175001718,matern,750,75,1,0.005812700587039241,278,"{'alpha_edge': [0, 0.001, 0.1, 1, 10], 'alpha_neuron': [0], 'kernel_type': ['rbf', 'matern', 'periodic'], 'layer_width': [100, 250, 500, 750, 1000], 'num_inducing': [10, 25, 50, 75, 100]}",COMPLETE,
279,0.06836559736978125,2026-07-30 15:27:07.288794,2026-07-30 15:27:07.780491,0.491697,0.0,0,rbf,100,10,0.0,0,0.46035499998833984,rbf,100,10,1,0.06836559736978125,279,"{'alpha_edge': [0, 0.001, 0.1, 1, 10], 'alpha_neuron': [0], 'kernel_type': ['rbf', 'matern', 'periodic'], 'layer_width': [100, 250, 500, 750, 1000], 'num_inducing': [10, 25, 50, 75, 100]}",COMPLETE,
280,0.06720172838754909,2026-07-30 15:27:07.783635,2026-07-30 15:27:08.850174,1.066539,0.1,0,periodic,100,25,0.1,0,0.9580651249852963,periodic,100,25,1,0.06720172838754909,280,"{'alpha_edge': [0, 0.001, 0.1, 1, 10], 'alpha_neuron': [0], 'kernel_type': ['rbf', 'matern', 'periodic'], 'layer_width': [100, 250, 500, 750, 1000], 'num_inducing': [10, 25, 50, 75, 100]}",COMPLETE,
281,0.0026631536497291517,2026-07-30 15:27:08.853422,2026-07-30 15:27:12.634367,3.780945,10.0,0,rbf,750,10,10.0,0,3.411876791040413,rbf,750,10,1,0.0026631536497291517,281,"{'alpha_edge': [0, 0.001, 0.1, 1, 10], 'alpha_neuron': [0], 'kernel_type': ['rbf', 'matern', 'periodic'], 'layer_width': [100, 250, 500, 750, 1000], 'num_inducing': [10, 25, 50, 75, 100]}",COMPLETE,
282,0.002280408560275457,2026-07-30 15:27:12.639446,2026-07-30 15:27:35.998004,23.358558,0.001,0,rbf,1000,75,0.001,0,21.627166333026253,rbf,1000,75,1,0.002280408560275457,282,"{'alpha_edge': [0, 0.001, 0.1, 1, 10], 'alpha_neuron': [0], 'kernel_type': ['rbf', 'matern', 'periodic'], 'layer_width': [100, 250, 500, 750, 1000], 'num_inducing': [10, 25, 50, 75, 100]}",COMPLETE,
283,0.049995578404972214,2026-07-30 15:27:36.001113,2026-07-30 15:27:38.975859,2.974746,0.1,0,matern,100,75,0.1,0,2.7640455000218935,matern,100,75,1,0.049995578404972214,283,"{'alpha_edge': [0, 0.001, 0.1, 1, 10], 'alpha_neuron': [0], 'kernel_type': ['rbf', 'matern', 'periodic'], 'layer_width': [100, 250, 500, 750, 1000], 'num_inducing': [10, 25, 50, 75, 100]}",COMPLETE,
284,0.01799298502615185,2026-07-30 15:27:38.979569,2026-07-30 15:27:41.344943,2.365374,1.0,0,matern,250,25,1.0,0,2.181939665984828,matern,250,25,1,0.01799298502615185,284,"{'alpha_edge': [0, 0.001, 0.1, 1, 10], 'alpha_neuron': [0], 'kernel_type': ['rbf', 'matern', 'periodic'], 'layer_width': [100, 250, 500, 750, 1000], 'num_inducing': [10, 25, 50, 75, 100]}",COMPLETE,
285,0.0027346677234242295,2026-07-30 15:27:41.348112,2026-07-30 15:28:05.274616,23.926504,0.001,0,rbf,750,100,0.001,0,22.356282917025965,rbf,750,100,1,0.0027346677234242295,285,"{'alpha_edge': [0, 0.001, 0.1, 1, 10], 'alpha_neuron': [0], 'kernel_type': ['rbf', 'matern', 'periodic'], 'layer_width': [100, 250, 500, 750, 1000], 'num_inducing': [10, 25, 50, 75, 100]}",COMPLETE,
286,0.004004756072939555,2026-07-30 15:28:05.278170,2026-07-30 15:28:34.720532,29.442362,10.0,0,matern,750,100,10.0,0,26.914737250015605,matern,750,100,1,0.004004756072939555,286,"{'alpha_edge': [0, 0.001, 0.1, 1, 10], 'alpha_neuron': [0], 'kernel_type': ['rbf', 'matern', 'periodic'], 'layer_width': [100, 250, 500, 750, 1000], 'num_inducing': [10, 25, 50, 75, 100]}",COMPLETE,
287,0.0023762605682959947,2026-07-30 15:28:34.723704,2026-07-30 15:28:39.489954,4.76625,0.001,0,rbf,1000,10,0.001,0,4.424414667009842,rbf,1000,10,1,0.0023762605682959947,287,"{'alpha_edge': [0, 0.001, 0.1, 1, 10], 'alpha_neuron': [0], 'kernel_type': ['rbf', 'matern', 'periodic'], 'layer_width': [100, 250, 500, 750, 1000], 'num_inducing': [10, 25, 50, 75, 100]}",COMPLETE,
288,0.059616504650709334,2026-07-30 15:28:39.494717,2026-07-30 15:28:40.508214,1.013497,10.0,0,matern,100,25,10.0,0,0.9330691249924712,matern,100,25,1,0.059616504650709334,288,"{'alpha_edge': [0, 0.001, 0.1, 1, 10], 'alpha_neuron': [0], 'kernel_type': ['rbf', 'matern', 'periodic'], 'layer_width': [100, 250, 500, 750, 1000], 'num_inducing': [10, 25, 50, 75, 100]}",COMPLETE,
289,0.002946636684043203,2026-07-30 15:28:40.511273,2026-07-30 15:29:03.123037,22.611764,0.1,0,rbf,750,100,0.1,0,20.829038625000976,rbf,750,100,1,0.002946636684043203,289,"{'alpha_edge': [0, 0.001, 0.1, 1, 10], 'alpha_neuron': [0], 'kernel_type': ['rbf', 'matern', 'periodic'], 'layer_width': [100, 250, 500, 750, 1000], 'num_inducing': [10, 25, 50, 75, 100]}",COMPLETE,
290,0.8918161335657334,2026-07-30 15:29:03.125729,2026-07-30 15:29:35.820481,32.694752,0.0,0,periodic,750,100,0.0,0,28.81209908303572,periodic,750,100,1,0.8918161335657334,290,"{'alpha_edge': [0, 0.001, 0.1, 1, 10], 'alpha_neuron': [0], 'kernel_type': ['rbf', 'matern', 'periodic'], 'layer_width': [100, 250, 500, 750, 1000], 'num_inducing': [10, 25, 50, 75, 100]}",COMPLETE,
291,0.006267892640280278,2026-07-30 15:29:35.829642,2026-07-30 15:30:05.619993,29.790351,0.0,0,matern,1000,75,0.0,0,27.535168959002476,matern,1000,75,1,0.006267892640280278,291,"{'alpha_edge': [0, 0.001, 0.1, 1, 10], 'alpha_neuron': [0], 'kernel_type': ['rbf', 'matern', 'periodic'], 'layer_width': [100, 250, 500, 750, 1000], 'num_inducing': [10, 25, 50, 75, 100]}",COMPLETE,
292,0.03221371077426888,2026-07-30 15:30:05.623603,2026-07-30 15:30:10.512235,4.888632,0.1,0,periodic,250,50,0.1,0,4.4226230420172215,periodic,250,50,1,0.03221371077426888,292,"{'alpha_edge': [0, 0.001, 0.1, 1, 10], 'alpha_neuron': [0], 'kernel_type': ['rbf', 'matern', 'periodic'], 'layer_width': [100, 250, 500, 750, 1000], 'num_inducing': [10, 25, 50, 75, 100]}",COMPLETE,
293,0.08757346046447612,2026-07-30 15:30:10.515404,2026-07-30 15:30:14.666714,4.15131,1.0,0,periodic,100,100,1.0,0,3.811744207981974,periodic,100,100,1,0.08757346046447612,293,"{'alpha_edge': [0, 0.001, 0.1, 1, 10], 'alpha_neuron': [0], 'kernel_type': ['rbf', 'matern', 'periodic'], 'layer_width': [100, 250, 500, 750, 1000], 'num_inducing': [10, 25, 50, 75, 100]}",COMPLETE,
294,0.07967829929900536,2026-07-30 15:30:14.672138,2026-07-30 15:30:16.161048,1.48891,1.0,0,rbf,100,50,1.0,0,1.3500922080129385,rbf,100,50,1,0.07967829929900536,294,"{'alpha_edge': [0, 0.001, 0.1, 1, 10], 'alpha_neuron': [0], 'kernel_type': ['rbf', 'matern', 'periodic'], 'layer_width': [100, 250, 500, 750, 1000], 'num_inducing': [10, 25, 50, 75, 100]}",COMPLETE,
295,0.018126989776051285,2026-07-30 15:30:16.164136,2026-07-30 15:30:48.907197,32.743061,0.001,0,periodic,1000,75,0.001,0,29.79580912500387,periodic,1000,75,1,0.018126989776051285,295,"{'alpha_edge': [0, 0.001, 0.1, 1, 10], 'alpha_neuron': [0], 'kernel_type': ['rbf', 'matern', 'periodic'], 'layer_width': [100, 250, 500, 750, 1000], 'num_inducing': [10, 25, 50, 75, 100]}",COMPLETE,
296,0.02049204810246821,2026-07-30 15:30:48.925887,2026-07-30 15:31:11.625378,22.699491,0.001,0,periodic,750,75,0.001,0,20.511318832985125,periodic,750,75,1,0.02049204810246821,296,"{'alpha_edge': [0, 0.001, 0.1, 1, 10], 'alpha_neuron': [0], 'kernel_type': ['rbf', 'matern', 'periodic'], 'layer_width': [100, 250, 500, 750, 1000], 'num_inducing': [10, 25, 50, 75, 100]}",COMPLETE,
297,0.028998948163490468,2026-07-30 15:31:11.628643,2026-07-30 15:31:12.718206,1.089563,0.1,0,matern,250,10,0.1,0,0.9879969589528628,matern,250,10,1,0.028998948163490468,297,"{'alpha_edge': [0, 0.001, 0.1, 1, 10], 'alpha_neuron': [0], 'kernel_type': ['rbf', 'matern', 'periodic'], 'layer_width': [100, 250, 500, 750, 1000], 'num_inducing': [10, 25, 50, 75, 100]}",COMPLETE,
298,0.04385338388312388,2026-07-30 15:31:12.721030,2026-07-30 15:31:15.510663,2.789633,0.001,0,periodic,250,25,0.001,0,2.519176708010491,periodic,250,25,1,0.04385338388312388,298,"{'alpha_edge': [0, 0.001, 0.1, 1, 10], 'alpha_neuron': [0], 'kernel_type': ['rbf', 'matern', 'periodic'], 'layer_width': [100, 250, 500, 750, 1000], 'num_inducing': [10, 25, 50, 75, 100]}",COMPLETE,
299,0.016580516481577448,2026-07-30 15:31:15.514146,2026-07-30 15:31:20.195152,4.681006,10.0,0,matern,250,50,10.0,0,4.268954000028316,matern,250,50,1,0.016580516481577448,299,"{'alpha_edge': [0, 0.001, 0.1, 1, 10], 'alpha_neuron': [0], 'kernel_type': ['rbf', 'matern', 'periodic'], 'layer_width': [100, 250, 500, 750, 1000], 'num_inducing': [10, 25, 50, 75, 100]}",COMPLETE,
300,0.027599274104837663,2026-07-30 15:31:20.198283,2026-07-30 15:31:50.642828,30.444545,10.0,0,periodic,1000,75,10.0,0,27.453667958034202,periodic,1000,75,1,0.027599274104837663,300,"{'alpha_edge': [0, 0.001, 0.1, 1, 10], 'alpha_neuron': [0], 'kernel_type': ['rbf', 'matern', 'periodic'], 'layer_width': [100, 250, 500, 750, 1000], 'num_inducing': [10, 25, 50, 75, 100]}",COMPLETE,
301,0.006782845676600252,2026-07-30 15:31:50.646041,2026-07-30 15:32:00.421289,9.775248,1.0,0,matern,500,50,1.0,0,9.01237858296372,matern,500,50,1,0.006782845676600252,301,"{'alpha_edge': [0, 0.001, 0.1, 1, 10], 'alpha_neuron': [0], 'kernel_type': ['rbf', 'matern', 'periodic'], 'layer_width': [100, 250, 500, 750, 1000], 'num_inducing': [10, 25, 50, 75, 100]}",COMPLETE,
302,0.05745036676682437,2026-07-30 15:32:00.424229,2026-07-30 15:32:03.641146,3.216917,0.1,0,periodic,100,75,0.1,0,2.8327767500304617,periodic,100,75,1,0.05745036676682437,302,"{'alpha_edge': [0, 0.001, 0.1, 1, 10], 'alpha_neuron': [0], 'kernel_type': ['rbf', 'matern', 'periodic'], 'layer_width': [100, 250, 500, 750, 1000], 'num_inducing': [10, 25, 50, 75, 100]}",COMPLETE,
303,0.028480938181274517,2026-07-30 15:32:03.645456,2026-07-30 15:32:10.894274,7.248818,0.001,0,rbf,250,100,0.001,0,6.766777708020527,rbf,250,100,1,0.028480938181274517,303,"{'alpha_edge': [0, 0.001, 0.1, 1, 10], 'alpha_neuron': [0], 'kernel_type': ['rbf', 'matern', 'periodic'], 'layer_width': [100, 250, 500, 750, 1000], 'num_inducing': [10, 25, 50, 75, 100]}",COMPLETE,
304,0.0022522221989691848,2026-07-30 15:32:10.899192,2026-07-30 15:32:21.498664,10.599472,0.001,0,matern,1000,25,0.001,0,9.85015537502477,matern,1000,25,1,0.0022522221989691848,304,"{'alpha_edge': [0, 0.001, 0.1, 1, 10], 'alpha_neuron': [0], 'kernel_type': ['rbf', 'matern', 'periodic'], 'layer_width': [100, 250, 500, 750, 1000], 'num_inducing': [10, 25, 50, 75, 100]}",COMPLETE,
305,0.005010522067631286,2026-07-30 15:32:21.501813,2026-07-30 15:32:26.422713,4.9209,10.0,0,rbf,1000,10,10.0,0,4.608180415991228,rbf,1000,10,1,0.005010522067631286,305,"{'alpha_edge': [0, 0.001, 0.1, 1, 10], 'alpha_neuron': [0], 'kernel_type': ['rbf', 'matern', 'periodic'], 'layer_width': [100, 250, 500, 750, 1000], 'num_inducing': [10, 25, 50, 75, 100]}",COMPLETE,
306,0.0024278323365695175,2026-07-30 15:32:26.425857,2026-07-30 15:32:34.526066,8.100209,10.0,0,matern,750,25,10.0,0,7.521003959001973,matern,750,25,1,0.0024278323365695175,306,"{'alpha_edge': [0, 0.001, 0.1, 1, 10], 'alpha_neuron': [0], 'kernel_type': ['rbf', 'matern', 'periodic'], 'layer_width': [100, 250, 500, 750, 1000], 'num_inducing': [10, 25, 50, 75, 100]}",COMPLETE,
307,0.002688731723651149,2026-07-30 15:32:34.530971,2026-07-30 15:32:41.420419,6.889448,0.001,0,rbf,750,25,0.001,0,6.2078573750332,rbf,750,25,1,0.002688731723651149,307,"{'alpha_edge': [0, 0.001, 0.1, 1, 10], 'alpha_neuron': [0], 'kernel_type': ['rbf', 'matern', 'periodic'], 'layer_width': [100, 250, 500, 750, 1000], 'num_inducing': [10, 25, 50, 75, 100]}",COMPLETE,
308,0.02834525831455127,2026-07-30 15:32:41.423682,2026-07-30 15:32:45.515196,4.091514,0.001,0,rbf,250,50,0.001,0,3.7497427919879556,rbf,250,50,1,0.02834525831455127,308,"{'alpha_edge': [0, 0.001, 0.1, 1, 10], 'alpha_neuron': [0], 'kernel_type': ['rbf', 'matern', 'periodic'], 'layer_width': [100, 250, 500, 750, 1000], 'num_inducing': [10, 25, 50, 75, 100]}",COMPLETE,
309,0.004508160148517672,2026-07-30 15:32:45.518163,2026-07-30 15:33:00.345550,14.827387,1.0,0,matern,750,50,1.0,0,13.48039833403891,matern,750,50,1,0.004508160148517672,309,"{'alpha_edge': [0, 0.001, 0.1, 1, 10], 'alpha_neuron': [0], 'kernel_type': ['rbf', 'matern', 'periodic'], 'layer_width': [100, 250, 500, 750, 1000], 'num_inducing': [10, 25, 50, 75, 100]}",COMPLETE,
310,0.0034841543238137607,2026-07-30 15:33:00.349240,2026-07-30 15:33:34.759566,34.410326,0.001,0,matern,750,100,0.001,0,31.750067249988206,matern,750,100,1,0.0034841543238137607,310,"{'alpha_edge': [0, 0.001, 0.1, 1, 10], 'alpha_neuron': [0], 'kernel_type': ['rbf', 'matern', 'periodic'], 'layer_width': [100, 250, 500, 750, 1000], 'num_inducing': [10, 25, 50, 75, 100]}",COMPLETE,
311,0.03498863433382866,2026-07-30 15:33:34.792015,2026-07-30 15:33:43.759798,8.967783,1.0,0,periodic,750,25,1.0,0,7.879521166963968,periodic,750,25,1,0.03498863433382866,311,"{'alpha_edge': [0, 0.001, 0.1, 1, 10], 'alpha_neuron': [0], 'kernel_type': ['rbf', 'matern', 'periodic'], 'layer_width': [100, 250, 500, 750, 1000], 'num_inducing': [10, 25, 50, 75, 100]}",COMPLETE,
312,0.03989532525867354,2026-07-30 15:33:43.764878,2026-07-30 15:33:49.434154,5.669276,0.0,0,periodic,250,50,0.0,0,5.1604549579788,periodic,250,50,1,0.03989532525867354,312,"{'alpha_edge': [0, 0.001, 0.1, 1, 10], 'alpha_neuron': [0], 'kernel_type': ['rbf', 'matern', 'periodic'], 'layer_width': [100, 250, 500, 750, 1000], 'num_inducing': [10, 25, 50, 75, 100]}",COMPLETE,
313,0.015404684449658774,2026-07-30 15:33:49.436994,2026-07-30 15:33:54.929726,5.492732,1.0,0,matern,250,50,1.0,0,5.032484041992575,matern,250,50,1,0.015404684449658774,313,"{'alpha_edge': [0, 0.001, 0.1, 1, 10], 'alpha_neuron': [0], 'kernel_type': ['rbf', 'matern', 'periodic'], 'layer_width': [100, 250, 500, 750, 1000], 'num_inducing': [10, 25, 50, 75, 100]}",COMPLETE,
314,0.0332746531903079,2026-07-30 15:33:54.932613,2026-07-30 15:33:56.286991,1.354378,10.0,0,matern,250,10,10.0,0,1.1852434999891557,matern,250,10,1,0.0332746531903079,314,"{'alpha_edge': [0, 0.001, 0.1, 1, 10], 'alpha_neuron': [0], 'kernel_type': ['rbf', 'matern', 'periodic'], 'layer_width': [100, 250, 500, 750, 1000], 'num_inducing': [10, 25, 50, 75, 100]}",COMPLETE,
315,0.006249148976909395,2026-07-30 15:33:56.290450,2026-07-30 15:34:12.418200,16.12775,0.0,0,matern,750,50,0.0,0,14.785369958961383,matern,750,50,1,0.006249148976909395,315,"{'alpha_edge': [0, 0.001, 0.1, 1, 10], 'alpha_neuron': [0], 'kernel_type': ['rbf', 'matern', 'periodic'], 'layer_width': [100, 250, 500, 750, 1000], 'num_inducing': [10, 25, 50, 75, 100]}",COMPLETE,
316,0.014496521459399156,2026-07-30 15:34:12.424339,2026-07-30 15:34:13.836233,1.411894,0.001,0,matern,250,10,0.001,0,1.315164542000275,matern,250,10,1,0.014496521459399156,316,"{'alpha_edge': [0, 0.001, 0.1, 1, 10], 'alpha_neuron': [0], 'kernel_type': ['rbf', 'matern', 'periodic'], 'layer_width': [100, 250, 500, 750, 1000], 'num_inducing': [10, 25, 50, 75, 100]}",COMPLETE,
317,0.0019390726810060656,2026-07-30 15:34:13.840553,2026-07-30 15:34:45.979013,32.13846,1.0,0,matern,1000,75,1.0,0,29.398343625012785,matern,1000,75,1,0.0019390726810060656,317,"{'alpha_edge': [0, 0.001, 0.1, 1, 10], 'alpha_neuron': [0], 'kernel_type': ['rbf', 'matern', 'periodic'], 'layer_width': [100, 250, 500, 750, 1000], 'num_inducing': [10, 25, 50, 75, 100]}",COMPLETE,
318,0.07689799695757059,2026-07-30 15:34:45.981773,2026-07-30 15:34:48.938905,2.957132,10.0,0,matern,100,75,10.0,0,2.7338057499728166,matern,100,75,1,0.07689799695757059,318,"{'alpha_edge': [0, 0.001, 0.1, 1, 10], 'alpha_neuron': [0], 'kernel_type': ['rbf', 'matern', 'periodic'], 'layer_width': [100, 250, 500, 750, 1000], 'num_inducing': [10, 25, 50, 75, 100]}",COMPLETE,
319,0.017080787229912235,2026-07-30 15:34:48.948033,2026-07-30 15:35:03.402436,14.454403,0.0,0,matern,500,75,0.0,0,13.138896249991376,matern,500,75,1,0.017080787229912235,319,"{'alpha_edge': [0, 0.001, 0.1, 1, 10], 'alpha_neuron': [0], 'kernel_type': ['rbf', 'matern', 'periodic'], 'layer_width': [100, 250, 500, 750, 1000], 'num_inducing': [10, 25, 50, 75, 100]}",COMPLETE,
320,0.5665466301999775,2026-07-30 15:35:03.406947,2026-07-30 15:35:06.862964,3.456017,0.0,0,periodic,100,75,0.0,0,2.9674243750050664,periodic,100,75,1,0.5665466301999775,320,"{'alpha_edge': [0, 0.001, 0.1, 1, 10], 'alpha_neuron': [0], 'kernel_type': ['rbf', 'matern', 'periodic'], 'layer_width': [100, 250, 500, 750, 1000], 'num_inducing': [10, 25, 50, 75, 100]}",COMPLETE,
321,0.004733573669569234,2026-07-30 15:35:06.866110,2026-07-30 15:35:24.235663,17.369553,10.0,0,rbf,1000,50,10.0,0,16.023283749993425,rbf,1000,50,1,0.004733573669569234,321,"{'alpha_edge': [0, 0.001, 0.1, 1, 10], 'alpha_neuron': [0], 'kernel_type': ['rbf', 'matern', 'periodic'], 'layer_width': [100, 250, 500, 750, 1000], 'num_inducing': [10, 25, 50, 75, 100]}",COMPLETE,
322,0.07610337609919786,2026-07-30 15:35:24.240663,2026-07-30 15:35:27.369100,3.128437,0.001,0,periodic,100,75,0.001,0,2.8398022080073133,periodic,100,75,1,0.07610337609919786,322,"{'alpha_edge': [0, 0.001, 0.1, 1, 10], 'alpha_neuron': [0], 'kernel_type': ['rbf', 'matern', 'periodic'], 'layer_width': [100, 250, 500, 750, 1000], 'num_inducing': [10, 25, 50, 75, 100]}",COMPLETE,
323,0.022231163858695873,2026-07-30 15:35:27.374330,2026-07-30 15:35:32.459709,5.085379,1.0,0,periodic,750,10,1.0,0,4.64260550000472,periodic,750,10,1,0.022231163858695873,323,"{'alpha_edge': [0, 0.001, 0.1, 1, 10], 'alpha_neuron': [0], 'kernel_type': ['rbf', 'matern', 'periodic'], 'layer_width': [100, 250, 500, 750, 1000], 'num_inducing': [10, 25, 50, 75, 100]}",COMPLETE,
324,0.07695709653681486,2026-07-30 15:35:32.462700,2026-07-30 15:35:35.736471,3.273771,0.0,0,matern,100,75,0.0,0,3.0150295000057667,matern,100,75,1,0.07695709653681486,324,"{'alpha_edge': [0, 0.001, 0.1, 1, 10], 'alpha_neuron': [0], 'kernel_type': ['rbf', 'matern', 'periodic'], 'layer_width': [100, 250, 500, 750, 1000], 'num_inducing': [10, 25, 50, 75, 100]}",COMPLETE,
325,0.02100188990149933,2026-07-30 15:35:35.741015,2026-07-30 15:35:43.313372,7.572357,0.1,0,matern,250,75,0.1,0,6.888249374984298,matern,250,75,1,0.02100188990149933,325,"{'alpha_edge': [0, 0.001, 0.1, 1, 10], 'alpha_neuron': [0], 'kernel_type': ['rbf', 'matern', 'periodic'], 'layer_width': [100, 250, 500, 750, 1000], 'num_inducing': [10, 25, 50, 75, 100]}",COMPLETE,
326,0.003746670118277617,2026-07-30 15:35:43.316551,2026-07-30 15:35:55.986511,12.66996,0.1,0,rbf,500,75,0.1,0,11.866535541019402,rbf,500,75,1,0.003746670118277617,326,"{'alpha_edge': [0, 0.001, 0.1, 1, 10], 'alpha_neuron': [0], 'kernel_type': ['rbf', 'matern', 'periodic'], 'layer_width': [100, 250, 500, 750, 1000], 'num_inducing': [10, 25, 50, 75, 100]}",COMPLETE,
327,0.07860047195216642,2026-07-30 15:35:55.990923,2026-07-30 15:35:56.809071,0.818148,0.1,0,rbf,100,25,0.1,0,0.7060537919751368,rbf,100,25,1,0.07860047195216642,327,"{'alpha_edge': [0, 0.001, 0.1, 1, 10], 'alpha_neuron': [0], 'kernel_type': ['rbf', 'matern', 'periodic'], 'layer_width': [100, 250, 500, 750, 1000], 'num_inducing': [10, 25, 50, 75, 100]}",COMPLETE,
328,0.002860769763948007,2026-07-30 15:35:56.812989,2026-07-30 15:36:20.558502,23.745513,1.0,0,rbf,750,100,1.0,0,21.991669707989786,rbf,750,100,1,0.002860769763948007,328,"{'alpha_edge': [0, 0.001, 0.1, 1, 10], 'alpha_neuron': [0], 'kernel_type': ['rbf', 'matern', 'periodic'], 'layer_width': [100, 250, 500, 750, 1000], 'num_inducing': [10, 25, 50, 75, 100]}",COMPLETE,
329,0.06396612901933546,2026-07-30 15:36:20.562344,2026-07-30 15:36:22.936333,2.373989,0.1,0,periodic,100,50,0.1,0,2.0737159999553114,periodic,100,50,1,0.06396612901933546,329,"{'alpha_edge': [0, 0.001, 0.1, 1, 10], 'alpha_neuron': [0], 'kernel_type': ['rbf', 'matern', 'periodic'], 'layer_width': [100, 250, 500, 750, 1000], 'num_inducing': [10, 25, 50, 75, 100]}",COMPLETE,
330,0.022685034756044043,2026-07-30 15:36:22.941050,2026-07-30 15:36:25.565987,2.624937,0.0,0,matern,250,25,0.0,0,2.393854957947042,matern,250,25,1,0.022685034756044043,330,"{'alpha_edge': [0, 0.001, 0.1, 1, 10], 'alpha_neuron': [0], 'kernel_type': ['rbf', 'matern', 'periodic'], 'layer_width': [100, 250, 500, 750, 1000], 'num_inducing': [10, 25, 50, 75, 100]}",COMPLETE,
331,0.03386005047957641,2026-07-30 15:36:25.568684,2026-07-30 15:36:30.649560,5.080876,0.0,0,matern,250,50,0.0,0,4.67336208402412,matern,250,50,1,0.03386005047957641,331,"{'alpha_edge': [0, 0.001, 0.1, 1, 10], 'alpha_neuron': [0], 'kernel_type': ['rbf', 'matern', 'periodic'], 'layer_width': [100, 250, 500, 750, 1000], 'num_inducing': [10, 25, 50, 75, 100]}",COMPLETE,
332,0.07710819063820205,2026-07-30 15:36:30.652873,2026-07-30 15:36:32.847449,2.194576,0.001,0,periodic,100,50,0.001,0,2.0027597079752013,periodic,100,50,1,0.07710819063820205,332,"{'alpha_edge': [0, 0.001, 0.1, 1, 10], 'alpha_neuron': [0], 'kernel_type': ['rbf', 'matern', 'periodic'], 'layer_width': [100, 250, 500, 750, 1000], 'num_inducing': [10, 25, 50, 75, 100]}",COMPLETE,
333,0.005746571956656962,2026-07-30 15:36:32.850417,2026-07-30 15:36:35.645305,2.794888,0.1,0,matern,500,10,0.1,0,2.4505937499925494,matern,500,10,1,0.005746571956656962,333,"{'alpha_edge': [0, 0.001, 0.1, 1, 10], 'alpha_neuron': [0], 'kernel_type': ['rbf', 'matern', 'periodic'], 'layer_width': [100, 250, 500, 750, 1000], 'num_inducing': [10, 25, 50, 75, 100]}",COMPLETE,
334,0.002404776272068572,2026-07-30 15:36:35.659082,2026-07-30 15:36:56.609900,20.950818,10.0,0,matern,1000,50,10.0,0,19.186466458020732,matern,1000,50,1,0.002404776272068572,334,"{'alpha_edge': [0, 0.001, 0.1, 1, 10], 'alpha_neuron': [0], 'kernel_type': ['rbf', 'matern', 'periodic'], 'layer_width': [100, 250, 500, 750, 1000], 'num_inducing': [10, 25, 50, 75, 100]}",COMPLETE,
335,0.02776478057375553,2026-07-30 15:36:56.612859,2026-07-30 15:37:12.512857,15.899998,1.0,0,periodic,500,75,1.0,0,14.342147665971424,periodic,500,75,1,0.02776478057375553,335,"{'alpha_edge': [0, 0.001, 0.1, 1, 10], 'alpha_neuron': [0], 'kernel_type': ['rbf', 'matern', 'periodic'], 'layer_width': [100, 250, 500, 750, 1000], 'num_inducing': [10, 25, 50, 75, 100]}",COMPLETE,
336,0.08777938152081827,2026-07-30 15:37:12.515989,2026-07-30 15:37:14.651131,2.135142,10.0,0,periodic,100,50,10.0,0,1.9796518329530954,periodic,100,50,1,0.08777938152081827,336,"{'alpha_edge': [0, 0.001, 0.1, 1, 10], 'alpha_neuron': [0], 'kernel_type': ['rbf', 'matern', 'periodic'], 'layer_width': [100, 250, 500, 750, 1000], 'num_inducing': [10, 25, 50, 75, 100]}",COMPLETE,
337,0.016755659486579495,2026-07-30 15:37:14.653822,2026-07-30 15:37:36.801653,22.147831,0.001,0,periodic,1000,50,0.001,0,19.846425249997992,periodic,1000,50,1,0.016755659486579495,337,"{'alpha_edge': [0, 0.001, 0.1, 1, 10], 'alpha_neuron': [0], 'kernel_type': ['rbf', 'matern', 'periodic'], 'layer_width': [100, 250, 500, 750, 1000], 'num_inducing': [10, 25, 50, 75, 100]}",COMPLETE,
338,0.08023080463807129,2026-07-30 15:37:36.806651,2026-07-30 15:37:40.003336,3.196685,1.0,0,periodic,500,10,1.0,0,2.877544874965679,periodic,500,10,1,0.08023080463807129,338,"{'alpha_edge': [0, 0.001, 0.1, 1, 10], 'alpha_neuron': [0], 'kernel_type': ['rbf', 'matern', 'periodic'], 'layer_width': [100, 250, 500, 750, 1000], 'num_inducing': [10, 25, 50, 75, 100]}",COMPLETE,
339,0.0016689775962095358,2026-07-30 15:37:40.007731,2026-07-30 15:37:46.012116,6.004385,10.0,0,matern,1000,10,10.0,0,5.565641583001707,matern,1000,10,1,0.0016689775962095358,339,"{'alpha_edge': [0, 0.001, 0.1, 1, 10], 'alpha_neuron': [0], 'kernel_type': ['rbf', 'matern', 'periodic'], 'layer_width': [100, 250, 500, 750, 1000], 'num_inducing': [10, 25, 50, 75, 100]}",COMPLETE,0.002170478295979745
340,0.05865335979052955,2026-07-30 15:37:46.015835,2026-07-30 15:37:48.572495,2.55666,0.1,0,matern,100,50,0.1,0,2.3473045409773476,matern,100,50,1,0.05865335979052955,340,"{'alpha_edge': [0, 0.001, 0.1, 1, 10], 'alpha_neuron': [0], 'kernel_type': ['rbf', 'matern', 'periodic'], 'layer_width': [100, 250, 500, 750, 1000], 'num_inducing': [10, 25, 50, 75, 100]}",COMPLETE,
341,0.004595572926333556,2026-07-30 15:37:48.576195,2026-07-30 15:38:23.706422,35.130227,0.001,0,rbf,1000,100,0.001,0,32.48463824996725,rbf,1000,100,1,0.004595572926333556,341,"{'alpha_edge': [0, 0.001, 0.1, 1, 10], 'alpha_neuron': [0], 'kernel_type': ['rbf', 'matern', 'periodic'], 'layer_width': [100, 250, 500, 750, 1000], 'num_inducing': [10, 25, 50, 75, 100]}",COMPLETE,
342,0.006016330206865907,2026-07-30 15:38:23.709687,2026-07-30 15:38:39.298930,15.589243,10.0,0,matern,500,75,10.0,0,14.381986666994635,matern,500,75,1,0.006016330206865907,342,"{'alpha_edge': [0, 0.001, 0.1, 1, 10], 'alpha_neuron': [0], 'kernel_type': ['rbf', 'matern', 'periodic'], 'layer_width': [100, 250, 500, 750, 1000], 'num_inducing': [10, 25, 50, 75, 100]}",COMPLETE,
343,0.009677714984101152,2026-07-30 15:38:39.302137,2026-07-30 15:38:42.107022,2.804885,10.0,0,matern,500,10,10.0,0,2.6041113340179436,matern,500,10,1,0.009677714984101152,343,"{'alpha_edge': [0, 0.001, 0.1, 1, 10], 'alpha_neuron': [0], 'kernel_type': ['rbf', 'matern', 'periodic'], 'layer_width': [100, 250, 500, 750, 1000], 'num_inducing': [10, 25, 50, 75, 100]}",COMPLETE,
344,0.003696551785412808,2026-07-30 15:38:42.110094,2026-07-30 15:39:02.689602,20.579508,0.1,0,matern,1000,50,0.1,0,18.768794084026013,matern,1000,50,1,0.003696551785412808,344,"{'alpha_edge': [0, 0.001, 0.1, 1, 10], 'alpha_neuron': [0], 'kernel_type': ['rbf', 'matern', 'periodic'], 'layer_width': [100, 250, 500, 750, 1000], 'num_inducing': [10, 25, 50, 75, 100]}",COMPLETE,
345,0.002804893977916298,2026-07-30 15:39:02.692746,2026-07-30 15:39:20.383328,17.690582,1.0,0,rbf,750,75,1.0,0,16.420292916009203,rbf,750,75,1,0.002804893977916298,345,"{'alpha_edge': [0, 0.001, 0.1, 1, 10], 'alpha_neuron': [0], 'kernel_type': ['rbf', 'matern', 'periodic'], 'layer_width': [100, 250, 500, 750, 1000], 'num_inducing': [10, 25, 50, 75, 100]}",COMPLETE,
346,0.00296581608885722,2026-07-30 15:39:20.390971,2026-07-30 15:39:24.855941,4.46497,0.001,0,matern,750,10,0.001,0,4.119072999979835,matern,750,10,1,0.00296581608885722,346,"{'alpha_edge': [0, 0.001, 0.1, 1, 10], 'alpha_neuron': [0], 'kernel_type': ['rbf', 'matern', 'periodic'], 'layer_width': [100, 250, 500, 750, 1000], 'num_inducing': [10, 25, 50, 75, 100]}",COMPLETE,
347,0.0038216752697820557,2026-07-30 15:39:24.858975,2026-07-30 15:39:29.092046,4.233071,1.0,0,matern,750,10,1.0,0,3.884424833988305,matern,750,10,1,0.0038216752697820557,347,"{'alpha_edge': [0, 0.001, 0.1, 1, 10], 'alpha_neuron': [0], 'kernel_type': ['rbf', 'matern', 'periodic'], 'layer_width': [100, 250, 500, 750, 1000], 'num_inducing': [10, 25, 50, 75, 100]}",COMPLETE,
348,63.676975515053584,2026-07-30 15:39:29.095382,2026-07-30 15:39:52.005887,22.910505,0.0,0,periodic,1000,50,0.0,0,20.612538832996506,periodic,1000,50,1,63.676975515053584,348,"{'alpha_edge': [0, 0.001, 0.1, 1, 10], 'alpha_neuron': [0], 'kernel_type': ['rbf', 'matern', 'periodic'], 'layer_width': [100, 250, 500, 750, 1000], 'num_inducing': [10, 25, 50, 75, 100]}",COMPLETE,
349,0.016253021293940892,2026-07-30 15:39:52.009021,2026-07-30 15:39:59.739675,7.730654,10.0,0,matern,250,75,10.0,0,7.03585316700628,matern,250,75,1,0.016253021293940892,349,"{'alpha_edge': [0, 0.001, 0.1, 1, 10], 'alpha_neuron': [0], 'kernel_type': ['rbf', 'matern', 'periodic'], 'layer_width': [100, 250, 500, 750, 1000], 'num_inducing': [10, 25, 50, 75, 100]}",COMPLETE,
350,0.044599734695345075,2026-07-30 15:39:59.742750,2026-07-30 15:40:00.334815,0.592065,0.0,0,matern,100,10,0.0,0,0.526290042034816,matern,100,10,1,0.044599734695345075,350,"{'alpha_edge': [0, 0.001, 0.1, 1, 10], 'alpha_neuron': [0], 'kernel_type': ['rbf', 'matern', 'periodic'], 'layer_width': [100, 250, 500, 750, 1000], 'num_inducing': [10, 25, 50, 75, 100]}",COMPLETE,
351,0.0027073143999181825,2026-07-30 15:40:00.339671,2026-07-30 15:40:04.297792,3.958121,0.1,0,rbf,750,10,0.1,0,3.627665416977834,rbf,750,10,1,0.0027073143999181825,351,"{'alpha_edge': [0, 0.001, 0.1, 1, 10], 'alpha_neuron': [0], 'kernel_type': ['rbf', 'matern', 'periodic'], 'layer_width': [100, 250, 500, 750, 1000], 'num_inducing': [10, 25, 50, 75, 100]}",COMPLETE,
352,0.005521652691014095,2026-07-30 15:40:04.300445,2026-07-30 15:40:15.822674,11.522229,10.0,0,matern,500,50,10.0,0,10.544063374982215,matern,500,50,1,0.005521652691014095,352,"{'alpha_edge': [0, 0.001, 0.1, 1, 10], 'alpha_neuron': [0], 'kernel_type': ['rbf', 'matern', 'periodic'], 'layer_width': [100, 250, 500, 750, 1000], 'num_inducing': [10, 25, 50, 75, 100]}",COMPLETE,
353,0.05725347736131836,2026-07-30 15:40:15.825835,2026-07-30 15:40:32.541910,16.716075,10.0,0,periodic,750,50,10.0,0,15.037961832946166,periodic,750,50,1,0.05725347736131836,353,"{'alpha_edge': [0, 0.001, 0.1, 1, 10], 'alpha_neuron': [0], 'kernel_type': ['rbf', 'matern', 'periodic'], 'layer_width': [100, 250, 500, 750, 1000], 'num_inducing': [10, 25, 50, 75, 100]}",COMPLETE,
354,0.006216786720785764,2026-07-30 15:40:32.545070,2026-07-30 15:41:06.810938,34.265868,0.1,0,rbf,1000,100,0.1,0,31.87901462498121,rbf,1000,100,1,0.006216786720785764,354,"{'alpha_edge': [0, 0.001, 0.1, 1, 10], 'alpha_neuron': [0], 'kernel_type': ['rbf', 'matern', 'periodic'], 'layer_width': [100, 250, 500, 750, 1000], 'num_inducing': [10, 25, 50, 75, 100]}",COMPLETE,
355,0.036470402434044535,2026-07-30 15:41:06.814782,2026-07-30 15:41:12.832012,6.01723,10.0,0,periodic,500,25,10.0,0,5.402593542006798,periodic,500,25,1,0.036470402434044535,355,"{'alpha_edge': [0, 0.001, 0.1, 1, 10], 'alpha_neuron': [0], 'kernel_type': ['rbf', 'matern', 'periodic'], 'layer_width': [100, 250, 500, 750, 1000], 'num_inducing': [10, 25, 50, 75, 100]}",COMPLETE,
356,0.012054011466498482,2026-07-30 15:41:12.834983,2026-07-30 15:41:34.562222,21.727239,0.0,0,matern,500,100,0.0,0,19.857137082959525,matern,500,100,1,0.012054011466498482,356,"{'alpha_edge': [0, 0.001, 0.1, 1, 10], 'alpha_neuron': [0], 'kernel_type': ['rbf', 'matern', 'periodic'], 'layer_width': [100, 250, 500, 750, 1000], 'num_inducing': [10, 25, 50, 75, 100]}",COMPLETE,
357,0.0031090955573657214,2026-07-30 15:41:34.565573,2026-07-30 15:41:57.908205,23.342632,0.1,0,matern,750,75,0.1,0,21.503367499972228,matern,750,75,1,0.0031090955573657214,357,"{'alpha_edge': [0, 0.001, 0.1, 1, 10], 'alpha_neuron': [0], 'kernel_type': ['rbf', 'matern', 'periodic'], 'layer_width': [100, 250, 500, 750, 1000], 'num_inducing': [10, 25, 50, 75, 100]}",COMPLETE,
358,0.004569115413443434,2026-07-30 15:41:57.911098,2026-07-30 15:42:14.586715,16.675617,10.0,0,rbf,500,100,10.0,0,15.506337166996673,rbf,500,100,1,0.004569115413443434,358,"{'alpha_edge': [0, 0.001, 0.1, 1, 10], 'alpha_neuron': [0], 'kernel_type': ['rbf', 'matern', 'periodic'], 'layer_width': [100, 250, 500, 750, 1000], 'num_inducing': [10, 25, 50, 75, 100]}",COMPLETE,
359,0.01194556151087321,2026-07-30 15:42:14.591896,2026-07-30 15:42:25.917264,11.325368,0.001,0,rbf,500,75,0.001,0,10.472289625031408,rbf,500,75,1,0.01194556151087321,359,"{'alpha_edge': [0, 0.001, 0.1, 1, 10], 'alpha_neuron': [0], 'kernel_type': ['rbf', 'matern', 'periodic'], 'layer_width': [100, 250, 500, 750, 1000], 'num_inducing': [10, 25, 50, 75, 100]}",COMPLETE,
360,0.07714834958643191,2026-07-30 15:42:25.920123,2026-07-30 15:42:32.757498,6.837375,0.0,0,periodic,1000,10,0.0,0,6.120630707999226,periodic,1000,10,1,0.07714834958643191,360,"{'alpha_edge': [0, 0.001, 0.1, 1, 10], 'alpha_neuron': [0], 'kernel_type': ['rbf', 'matern', 'periodic'], 'layer_width': [100, 250, 500, 750, 1000], 'num_inducing': [10, 25, 50, 75, 100]}",COMPLETE,
361,0.012240723390964927,2026-07-30 15:42:32.760649,2026-07-30 15:42:40.903915,8.143266,0.001,0,rbf,500,50,0.001,0,7.504409333982039,rbf,500,50,1,0.012240723390964927,361,"{'alpha_edge': [0, 0.001, 0.1, 1, 10], 'alpha_neuron': [0], 'kernel_type': ['rbf', 'matern', 'periodic'], 'layer_width': [100, 250, 500, 750, 1000], 'num_inducing': [10, 25, 50, 75, 100]}",COMPLETE,
362,0.02289145844102393,2026-07-30 15:42:40.909260,2026-07-30 15:42:57.640407,16.731147,1.0,0,periodic,750,50,1.0,0,14.909012500022072,periodic,750,50,1,0.02289145844102393,362,"{'alpha_edge': [0, 0.001, 0.1, 1, 10], 'alpha_neuron': [0], 'kernel_type': ['rbf', 'matern', 'periodic'], 'layer_width': [100, 250, 500, 750, 1000], 'num_inducing': [10, 25, 50, 75, 100]}",COMPLETE,
363,0.0027261493533773697,2026-07-30 15:42:57.643422,2026-07-30 15:43:09.821716,12.178294,1.0,0,rbf,750,50,1.0,0,11.355928167002276,rbf,750,50,1,0.0027261493533773697,363,"{'alpha_edge': [0, 0.001, 0.1, 1, 10], 'alpha_neuron': [0], 'kernel_type': ['rbf', 'matern', 'periodic'], 'layer_width': [100, 250, 500, 750, 1000], 'num_inducing': [10, 25, 50, 75, 100]}",COMPLETE,
364,0.0902137647283268,2026-07-30 15:43:09.826814,2026-07-30 15:43:11.846123,2.019309,1.0,0,periodic,100,50,1.0,0,1.779643916990608,periodic,100,50,1,0.0902137647283268,364,"{'alpha_edge': [0, 0.001, 0.1, 1, 10], 'alpha_neuron': [0], 'kernel_type': ['rbf', 'matern', 'periodic'], 'layer_width': [100, 250, 500, 750, 1000], 'num_inducing': [10, 25, 50, 75, 100]}",COMPLETE,
365,0.026761601558799995,2026-07-30 15:43:11.848817,2026-07-30 15:43:17.838381,5.989564,0.1,0,periodic,500,25,0.1,0,5.406466167012695,periodic,500,25,1,0.026761601558799995,365,"{'alpha_edge': [0, 0.001, 0.1, 1, 10], 'alpha_neuron': [0], 'kernel_type': ['rbf', 'matern', 'periodic'], 'layer_width': [100, 250, 500, 750, 1000], 'num_inducing': [10, 25, 50, 75, 100]}",COMPLETE,
366,0.04033528380239158,2026-07-30 15:43:17.842097,2026-07-30 15:43:26.315070,8.472973,0.0,0,rbf,250,100,0.0,0,7.922807750001084,rbf,250,100,1,0.04033528380239158,366,"{'alpha_edge': [0, 0.001, 0.1, 1, 10], 'alpha_neuron': [0], 'kernel_type': ['rbf', 'matern', 'periodic'], 'layer_width': [100, 250, 500, 750, 1000], 'num_inducing': [10, 25, 50, 75, 100]}",COMPLETE,
367,0.05139417859564272,2026-07-30 15:43:26.318185,2026-07-30 15:43:37.066724,10.748539,10.0,0,periodic,250,100,10.0,0,9.702119000023231,periodic,250,100,1,0.05139417859564272,367,"{'alpha_edge': [0, 0.001, 0.1, 1, 10], 'alpha_neuron': [0], 'kernel_type': ['rbf', 'matern', 'periodic'], 'layer_width': [100, 250, 500, 750, 1000], 'num_inducing': [10, 25, 50, 75, 100]}",COMPLETE,
368,0.0026094339001513024,2026-07-30 15:43:37.072736,2026-07-30 15:43:42.635216,5.56248,0.1,0,matern,1000,10,0.1,0,5.1467807500157505,matern,1000,10,1,0.0026094339001513024,368,"{'alpha_edge': [0, 0.001, 0.1, 1, 10], 'alpha_neuron': [0], 'kernel_type': ['rbf', 'matern', 'periodic'], 'layer_width': [100, 250, 500, 750, 1000], 'num_inducing': [10, 25, 50, 75, 100]}",COMPLETE,
369,0.07427685340786591,2026-07-30 15:43:42.640488,2026-07-30 15:43:43.843215,1.202727,1.0,0,matern,100,25,1.0,0,1.0936839579953812,matern,100,25,1,0.07427685340786591,369,"{'alpha_edge': [0, 0.001, 0.1, 1, 10], 'alpha_neuron': [0], 'kernel_type': ['rbf', 'matern', 'periodic'], 'layer_width': [100, 250, 500, 750, 1000], 'num_inducing': [10, 25, 50, 75, 100]}",COMPLETE,
370,0.004311657068924049,2026-07-30 15:43:43.846280,2026-07-30 15:44:08.696888,24.850608,10.0,0,rbf,1000,75,10.0,0,22.99583845800953,rbf,1000,75,1,0.004311657068924049,370,"{'alpha_edge': [0, 0.001, 0.1, 1, 10], 'alpha_neuron': [0], 'kernel_type': ['rbf', 'matern', 'periodic'], 'layer_width': [100, 250, 500, 750, 1000], 'num_inducing': [10, 25, 50, 75, 100]}",COMPLETE,
371,0.0036197123263302256,2026-07-30 15:44:08.701533,2026-07-30 15:44:24.508862,15.807329,0.1,0,matern,750,50,0.1,0,14.510831625026185,matern,750,50,1,0.0036197123263302256,371,"{'alpha_edge': [0, 0.001, 0.1, 1, 10], 'alpha_neuron': [0], 'kernel_type': ['rbf', 'matern', 'periodic'], 'layer_width': [100, 250, 500, 750, 1000], 'num_inducing': [10, 25, 50, 75, 100]}",COMPLETE,
372,0.0035659351696792586,2026-07-30 15:44:24.511645,2026-07-30 15:44:40.690933,16.179288,0.001,0,matern,750,50,0.001,0,14.798849666956812,matern,750,50,1,0.0035659351696792586,372,"{'alpha_edge': [0, 0.001, 0.1, 1, 10], 'alpha_neuron': [0], 'kernel_type': ['rbf', 'matern', 'periodic'], 'layer_width': [100, 250, 500, 750, 1000], 'num_inducing': [10, 25, 50, 75, 100]}",COMPLETE,
373,0.007427846028476478,2026-07-30 15:44:40.693963,2026-07-30 15:45:00.849113,20.15515,0.0,0,matern,1000,50,0.0,0,18.302474540949333,matern,1000,50,1,0.007427846028476478,373,"{'alpha_edge': [0, 0.001, 0.1, 1, 10], 'alpha_neuron': [0], 'kernel_type': ['rbf', 'matern', 'periodic'], 'layer_width': [100, 250, 500, 750, 1000], 'num_inducing': [10, 25, 50, 75, 100]}",COMPLETE,
374,0.006192744822862045,2026-07-30 15:45:00.856666,2026-07-30 15:45:18.030220,17.173554,0.1,0,rbf,1000,50,0.1,0,15.983211542014033,rbf,1000,50,1,0.006192744822862045,374,"{'alpha_edge': [0, 0.001, 0.1, 1, 10], 'alpha_neuron': [0], 'kernel_type': ['rbf', 'matern', 'periodic'], 'layer_width': [100, 250, 500, 750, 1000], 'num_inducing': [10, 25, 50, 75, 100]}",COMPLETE,
