number,value,datetime_start,datetime_complete,duration,params_alpha_edge,params_alpha_neuron,params_kernel_type,params_layer_width,params_num_inducing,user_attrs_alpha_edge,user_attrs_alpha_neuron,fit_duration_sec,kernel_type,user_attrs_layer_width,user_attrs_num_inducing,sigma_scale,val_rmse,system_attrs_grid_id,system_attrs_search_space,state,test_rmse
0,0.0013083529008341256,2026-07-30 21:52:15.714188,2026-07-30 21:52:42.138916,26.424728,0.001,0,matern,1000,50,0.001,0,24.120977999991737,matern,1000,50,1,0.0013083529008341256,0,"{'alpha_edge': [0, 0.001, 0.1, 1, 10], 'alpha_neuron': [0], 'kernel_type': ['rbf', 'matern', 'periodic'], 'layer_width': [100, 250, 500, 750, 1000], 'num_inducing': [10, 25, 50, 75, 100]}",COMPLETE,
1,0.008759980124423443,2026-07-30 21:52:42.144732,2026-07-30 21:53:01.929055,19.784323,1.0,0,periodic,1000,25,1.0,0,18.104205875017215,periodic,1000,25,1,0.008759980124423443,1,"{'alpha_edge': [0, 0.001, 0.1, 1, 10], 'alpha_neuron': [0], 'kernel_type': ['rbf', 'matern', 'periodic'], 'layer_width': [100, 250, 500, 750, 1000], 'num_inducing': [10, 25, 50, 75, 100]}",COMPLETE,
2,0.0066447025395079,2026-07-30 21:53:01.932849,2026-07-30 21:53:15.414858,13.482009,10.0,0,rbf,500,50,10.0,0,12.777019708009902,rbf,500,50,1,0.0066447025395079,2,"{'alpha_edge': [0, 0.001, 0.1, 1, 10], 'alpha_neuron': [0], 'kernel_type': ['rbf', 'matern', 'periodic'], 'layer_width': [100, 250, 500, 750, 1000], 'num_inducing': [10, 25, 50, 75, 100]}",COMPLETE,
3,0.014512024992080645,2026-07-30 21:53:15.420765,2026-07-30 21:53:18.832219,3.411454,0.1,0,periodic,500,10,0.1,0,3.110499541973695,periodic,500,10,1,0.014512024992080645,3,"{'alpha_edge': [0, 0.001, 0.1, 1, 10], 'alpha_neuron': [0], 'kernel_type': ['rbf', 'matern', 'periodic'], 'layer_width': [100, 250, 500, 750, 1000], 'num_inducing': [10, 25, 50, 75, 100]}",COMPLETE,
4,0.03189899909606517,2026-07-30 21:53:18.836532,2026-07-30 21:53:24.324418,5.487886,0.1,0,periodic,100,100,0.1,0,5.0271139580290765,periodic,100,100,1,0.03189899909606517,4,"{'alpha_edge': [0, 0.001, 0.1, 1, 10], 'alpha_neuron': [0], 'kernel_type': ['rbf', 'matern', 'periodic'], 'layer_width': [100, 250, 500, 750, 1000], 'num_inducing': [10, 25, 50, 75, 100]}",COMPLETE,
5,0.03219158881351908,2026-07-30 21:53:24.331324,2026-07-30 21:53:27.195737,2.864413,0.001,0,matern,100,50,0.001,0,2.6329416669905186,matern,100,50,1,0.03219158881351908,5,"{'alpha_edge': [0, 0.001, 0.1, 1, 10], 'alpha_neuron': [0], 'kernel_type': ['rbf', 'matern', 'periodic'], 'layer_width': [100, 250, 500, 750, 1000], 'num_inducing': [10, 25, 50, 75, 100]}",COMPLETE,
6,0.0020662030789735056,2026-07-30 21:53:27.199156,2026-07-30 21:54:08.367945,41.168789,1.0,0,rbf,1000,100,1.0,0,37.993334500002675,rbf,1000,100,1,0.0020662030789735056,6,"{'alpha_edge': [0, 0.001, 0.1, 1, 10], 'alpha_neuron': [0], 'kernel_type': ['rbf', 'matern', 'periodic'], 'layer_width': [100, 250, 500, 750, 1000], 'num_inducing': [10, 25, 50, 75, 100]}",COMPLETE,
7,0.006575091332937163,2026-07-30 21:54:08.370652,2026-07-30 21:54:16.278928,7.908276,0.001,0,periodic,1000,10,0.001,0,6.978157166973688,periodic,1000,10,1,0.006575091332937163,7,"{'alpha_edge': [0, 0.001, 0.1, 1, 10], 'alpha_neuron': [0], 'kernel_type': ['rbf', 'matern', 'periodic'], 'layer_width': [100, 250, 500, 750, 1000], 'num_inducing': [10, 25, 50, 75, 100]}",COMPLETE,
8,0.025777847498742606,2026-07-30 21:54:16.282862,2026-07-30 21:54:18.034481,1.751619,0.001,0,rbf,100,25,0.001,0,1.010228790983092,rbf,100,25,1,0.025777847498742606,8,"{'alpha_edge': [0, 0.001, 0.1, 1, 10], 'alpha_neuron': [0], 'kernel_type': ['rbf', 'matern', 'periodic'], 'layer_width': [100, 250, 500, 750, 1000], 'num_inducing': [10, 25, 50, 75, 100]}",COMPLETE,
9,0.07634661702057946,2026-07-30 21:54:18.037932,2026-07-30 21:54:21.303604,3.265672,0.0,0,periodic,100,50,0.0,0,2.8906575409928337,periodic,100,50,1,0.07634661702057946,9,"{'alpha_edge': [0, 0.001, 0.1, 1, 10], 'alpha_neuron': [0], 'kernel_type': ['rbf', 'matern', 'periodic'], 'layer_width': [100, 250, 500, 750, 1000], 'num_inducing': [10, 25, 50, 75, 100]}",COMPLETE,
10,0.06990773257187687,2026-07-30 21:54:21.307263,2026-07-30 21:54:21.743782,0.436519,10.0,0,rbf,100,10,10.0,0,0.41227216698462144,rbf,100,10,1,0.06990773257187687,10,"{'alpha_edge': [0, 0.001, 0.1, 1, 10], 'alpha_neuron': [0], 'kernel_type': ['rbf', 'matern', 'periodic'], 'layer_width': [100, 250, 500, 750, 1000], 'num_inducing': [10, 25, 50, 75, 100]}",COMPLETE,
11,0.0027277658194860173,2026-07-30 21:54:21.746757,2026-07-30 21:54:31.352524,9.605767,0.1,0,rbf,1000,25,0.1,0,9.003074124979321,rbf,1000,25,1,0.0027277658194860173,11,"{'alpha_edge': [0, 0.001, 0.1, 1, 10], 'alpha_neuron': [0], 'kernel_type': ['rbf', 'matern', 'periodic'], 'layer_width': [100, 250, 500, 750, 1000], 'num_inducing': [10, 25, 50, 75, 100]}",COMPLETE,
12,0.04559318424606915,2026-07-30 21:54:31.356026,2026-07-30 21:54:34.340543,2.984517,0.0,0,periodic,500,10,0.0,0,2.7496614170377143,periodic,500,10,1,0.04559318424606915,12,"{'alpha_edge': [0, 0.001, 0.1, 1, 10], 'alpha_neuron': [0], 'kernel_type': ['rbf', 'matern', 'periodic'], 'layer_width': [100, 250, 500, 750, 1000], 'num_inducing': [10, 25, 50, 75, 100]}",COMPLETE,
13,0.0031625271448421787,2026-07-30 21:54:34.345706,2026-07-30 21:54:53.121737,18.776031,10.0,0,rbf,750,50,10.0,0,17.621371625049505,rbf,750,50,1,0.0031625271448421787,13,"{'alpha_edge': [0, 0.001, 0.1, 1, 10], 'alpha_neuron': [0], 'kernel_type': ['rbf', 'matern', 'periodic'], 'layer_width': [100, 250, 500, 750, 1000], 'num_inducing': [10, 25, 50, 75, 100]}",COMPLETE,
14,0.07437144333107244,2026-07-30 21:54:53.127651,2026-07-30 21:54:55.329068,2.201417,10.0,0,periodic,250,10,10.0,0,2.0688275000429712,periodic,250,10,1,0.07437144333107244,14,"{'alpha_edge': [0, 0.001, 0.1, 1, 10], 'alpha_neuron': [0], 'kernel_type': ['rbf', 'matern', 'periodic'], 'layer_width': [100, 250, 500, 750, 1000], 'num_inducing': [10, 25, 50, 75, 100]}",COMPLETE,
15,0.009779977371511902,2026-07-30 21:54:55.332520,2026-07-30 21:55:08.289567,12.957047,0.1,0,periodic,750,25,0.1,0,11.982720707950648,periodic,750,25,1,0.009779977371511902,15,"{'alpha_edge': [0, 0.001, 0.1, 1, 10], 'alpha_neuron': [0], 'kernel_type': ['rbf', 'matern', 'periodic'], 'layer_width': [100, 250, 500, 750, 1000], 'num_inducing': [10, 25, 50, 75, 100]}",COMPLETE,
16,0.06924086724324484,2026-07-30 21:55:08.297454,2026-07-30 21:55:14.857030,6.559576,0.0,0,periodic,100,100,0.0,0,5.864409834030084,periodic,100,100,1,0.06924086724324484,16,"{'alpha_edge': [0, 0.001, 0.1, 1, 10], 'alpha_neuron': [0], 'kernel_type': ['rbf', 'matern', 'periodic'], 'layer_width': [100, 250, 500, 750, 1000], 'num_inducing': [10, 25, 50, 75, 100]}",COMPLETE,
17,0.002732067395459874,2026-07-30 21:55:14.861781,2026-07-30 21:55:35.102859,20.241078,0.1,0,rbf,750,75,0.1,0,19.014564540993888,rbf,750,75,1,0.002732067395459874,17,"{'alpha_edge': [0, 0.001, 0.1, 1, 10], 'alpha_neuron': [0], 'kernel_type': ['rbf', 'matern', 'periodic'], 'layer_width': [100, 250, 500, 750, 1000], 'num_inducing': [10, 25, 50, 75, 100]}",COMPLETE,
18,0.0020964838307852562,2026-07-30 21:55:35.183548,2026-07-30 21:55:40.770533,5.586985,10.0,0,matern,500,25,10.0,0,5.119238833023701,matern,500,25,1,0.0020964838307852562,18,"{'alpha_edge': [0, 0.001, 0.1, 1, 10], 'alpha_neuron': [0], 'kernel_type': ['rbf', 'matern', 'periodic'], 'layer_width': [100, 250, 500, 750, 1000], 'num_inducing': [10, 25, 50, 75, 100]}",COMPLETE,
19,0.003158122034659342,2026-07-30 21:55:40.773713,2026-07-30 21:55:47.704051,6.930338,10.0,0,rbf,750,25,10.0,0,6.410370832949411,rbf,750,25,1,0.003158122034659342,19,"{'alpha_edge': [0, 0.001, 0.1, 1, 10], 'alpha_neuron': [0], 'kernel_type': ['rbf', 'matern', 'periodic'], 'layer_width': [100, 250, 500, 750, 1000], 'num_inducing': [10, 25, 50, 75, 100]}",COMPLETE,
20,0.0059846177729440345,2026-07-30 21:55:47.706940,2026-07-30 21:55:58.766683,11.059743,0.001,0,periodic,1000,25,0.001,0,10.064093916036654,periodic,1000,25,1,0.0059846177729440345,20,"{'alpha_edge': [0, 0.001, 0.1, 1, 10], 'alpha_neuron': [0], 'kernel_type': ['rbf', 'matern', 'periodic'], 'layer_width': [100, 250, 500, 750, 1000], 'num_inducing': [10, 25, 50, 75, 100]}",COMPLETE,
21,0.011484826575483725,2026-07-30 21:55:58.770079,2026-07-30 21:56:08.585505,9.815426,0.0,0,matern,500,50,0.0,0,9.017936667019967,matern,500,50,1,0.011484826575483725,21,"{'alpha_edge': [0, 0.001, 0.1, 1, 10], 'alpha_neuron': [0], 'kernel_type': ['rbf', 'matern', 'periodic'], 'layer_width': [100, 250, 500, 750, 1000], 'num_inducing': [10, 25, 50, 75, 100]}",COMPLETE,
22,0.014391949566040658,2026-07-30 21:56:08.588870,2026-07-30 21:56:12.687380,4.09851,1.0,0,rbf,250,25,1.0,0,3.391547625011299,rbf,250,25,1,0.014391949566040658,22,"{'alpha_edge': [0, 0.001, 0.1, 1, 10], 'alpha_neuron': [0], 'kernel_type': ['rbf', 'matern', 'periodic'], 'layer_width': [100, 250, 500, 750, 1000], 'num_inducing': [10, 25, 50, 75, 100]}",COMPLETE,
23,0.0018364323792142492,2026-07-30 21:56:12.691334,2026-07-30 21:56:55.507185,42.815851,0.1,0,matern,1000,100,0.1,0,39.515761416987516,matern,1000,100,1,0.0018364323792142492,23,"{'alpha_edge': [0, 0.001, 0.1, 1, 10], 'alpha_neuron': [0], 'kernel_type': ['rbf', 'matern', 'periodic'], 'layer_width': [100, 250, 500, 750, 1000], 'num_inducing': [10, 25, 50, 75, 100]}",COMPLETE,
24,0.0023943083105386754,2026-07-30 21:56:55.510831,2026-07-30 21:57:35.975472,40.464641,1.0,0,matern,1000,100,1.0,0,37.064042084035464,matern,1000,100,1,0.0023943083105386754,24,"{'alpha_edge': [0, 0.001, 0.1, 1, 10], 'alpha_neuron': [0], 'kernel_type': ['rbf', 'matern', 'periodic'], 'layer_width': [100, 250, 500, 750, 1000], 'num_inducing': [10, 25, 50, 75, 100]}",COMPLETE,
25,0.024293531388101624,2026-07-30 21:57:35.980828,2026-07-30 21:57:38.268738,2.28791,0.001,0,rbf,100,75,0.001,0,2.122627292003017,rbf,100,75,1,0.024293531388101624,25,"{'alpha_edge': [0, 0.001, 0.1, 1, 10], 'alpha_neuron': [0], 'kernel_type': ['rbf', 'matern', 'periodic'], 'layer_width': [100, 250, 500, 750, 1000], 'num_inducing': [10, 25, 50, 75, 100]}",COMPLETE,
26,0.007286269185693693,2026-07-30 21:57:38.271729,2026-07-30 21:58:09.209110,30.937381,0.1,0,periodic,750,100,0.1,0,28.16819762502564,periodic,750,100,1,0.007286269185693693,26,"{'alpha_edge': [0, 0.001, 0.1, 1, 10], 'alpha_neuron': [0], 'kernel_type': ['rbf', 'matern', 'periodic'], 'layer_width': [100, 250, 500, 750, 1000], 'num_inducing': [10, 25, 50, 75, 100]}",COMPLETE,
27,0.053089342186365795,2026-07-30 21:58:09.212535,2026-07-30 21:58:12.086424,2.873889,1.0,0,matern,100,75,1.0,0,2.6361174170160666,matern,100,75,1,0.053089342186365795,27,"{'alpha_edge': [0, 0.001, 0.1, 1, 10], 'alpha_neuron': [0], 'kernel_type': ['rbf', 'matern', 'periodic'], 'layer_width': [100, 250, 500, 750, 1000], 'num_inducing': [10, 25, 50, 75, 100]}",COMPLETE,
28,0.0703248678519421,2026-07-30 21:58:12.092846,2026-07-30 21:58:14.310522,2.217676,0.0,0,rbf,250,25,0.0,0,2.0690067500108853,rbf,250,25,1,0.0703248678519421,28,"{'alpha_edge': [0, 0.001, 0.1, 1, 10], 'alpha_neuron': [0], 'kernel_type': ['rbf', 'matern', 'periodic'], 'layer_width': [100, 250, 500, 750, 1000], 'num_inducing': [10, 25, 50, 75, 100]}",COMPLETE,
29,0.08838630512823098,2026-07-30 21:58:14.313189,2026-07-30 21:58:15.280211,0.967022,0.0,0,rbf,100,25,0.0,0,0.8817525409976952,rbf,100,25,1,0.08838630512823098,29,"{'alpha_edge': [0, 0.001, 0.1, 1, 10], 'alpha_neuron': [0], 'kernel_type': ['rbf', 'matern', 'periodic'], 'layer_width': [100, 250, 500, 750, 1000], 'num_inducing': [10, 25, 50, 75, 100]}",COMPLETE,
30,0.035786197923911654,2026-07-30 21:58:15.283365,2026-07-30 21:58:36.504153,21.220788,10.0,0,periodic,500,100,10.0,0,19.238209084025584,periodic,500,100,1,0.035786197923911654,30,"{'alpha_edge': [0, 0.001, 0.1, 1, 10], 'alpha_neuron': [0], 'kernel_type': ['rbf', 'matern', 'periodic'], 'layer_width': [100, 250, 500, 750, 1000], 'num_inducing': [10, 25, 50, 75, 100]}",COMPLETE,
31,0.0023276717965926125,2026-07-30 21:58:36.507228,2026-07-30 21:58:52.476313,15.969085,0.001,0,rbf,500,100,0.001,0,14.83232504199259,rbf,500,100,1,0.0023276717965926125,31,"{'alpha_edge': [0, 0.001, 0.1, 1, 10], 'alpha_neuron': [0], 'kernel_type': ['rbf', 'matern', 'periodic'], 'layer_width': [100, 250, 500, 750, 1000], 'num_inducing': [10, 25, 50, 75, 100]}",COMPLETE,
32,0.015518951934290185,2026-07-30 21:58:52.491476,2026-07-30 21:58:57.146514,4.655038,0.0,0,periodic,750,10,0.0,0,4.288329959032126,periodic,750,10,1,0.015518951934290185,32,"{'alpha_edge': [0, 0.001, 0.1, 1, 10], 'alpha_neuron': [0], 'kernel_type': ['rbf', 'matern', 'periodic'], 'layer_width': [100, 250, 500, 750, 1000], 'num_inducing': [10, 25, 50, 75, 100]}",COMPLETE,
33,0.005623392714803959,2026-07-30 21:58:57.149601,2026-07-30 21:59:28.189046,31.039445,0.1,0,periodic,1000,75,0.1,0,28.29829091602005,periodic,1000,75,1,0.005623392714803959,33,"{'alpha_edge': [0, 0.001, 0.1, 1, 10], 'alpha_neuron': [0], 'kernel_type': ['rbf', 'matern', 'periodic'], 'layer_width': [100, 250, 500, 750, 1000], 'num_inducing': [10, 25, 50, 75, 100]}",COMPLETE,
34,0.00988619993806266,2026-07-30 21:59:28.192496,2026-07-30 21:59:33.748642,5.556146,0.001,0,periodic,500,25,0.001,0,5.024925958015956,periodic,500,25,1,0.00988619993806266,34,"{'alpha_edge': [0, 0.001, 0.1, 1, 10], 'alpha_neuron': [0], 'kernel_type': ['rbf', 'matern', 'periodic'], 'layer_width': [100, 250, 500, 750, 1000], 'num_inducing': [10, 25, 50, 75, 100]}",COMPLETE,
35,0.008449084905173595,2026-07-30 21:59:33.752006,2026-07-30 21:59:41.450444,7.698438,10.0,0,rbf,250,100,10.0,0,7.0904057919979095,rbf,250,100,1,0.008449084905173595,35,"{'alpha_edge': [0, 0.001, 0.1, 1, 10], 'alpha_neuron': [0], 'kernel_type': ['rbf', 'matern', 'periodic'], 'layer_width': [100, 250, 500, 750, 1000], 'num_inducing': [10, 25, 50, 75, 100]}",COMPLETE,
36,0.005227304302515232,2026-07-30 21:59:41.454802,2026-07-30 21:59:49.135045,7.680243,0.1,0,rbf,500,50,0.1,0,7.15228624996962,rbf,500,50,1,0.005227304302515232,36,"{'alpha_edge': [0, 0.001, 0.1, 1, 10], 'alpha_neuron': [0], 'kernel_type': ['rbf', 'matern', 'periodic'], 'layer_width': [100, 250, 500, 750, 1000], 'num_inducing': [10, 25, 50, 75, 100]}",COMPLETE,
37,0.0074547139435112274,2026-07-30 21:59:49.140036,2026-07-30 22:00:20.251787,31.111751,0.001,0,periodic,750,100,0.001,0,28.312315208022483,periodic,750,100,1,0.0074547139435112274,37,"{'alpha_edge': [0, 0.001, 0.1, 1, 10], 'alpha_neuron': [0], 'kernel_type': ['rbf', 'matern', 'periodic'], 'layer_width': [100, 250, 500, 750, 1000], 'num_inducing': [10, 25, 50, 75, 100]}",COMPLETE,
38,0.04143457901441681,2026-07-30 22:00:20.256048,2026-07-30 22:00:22.704185,2.448137,0.0,0,rbf,500,10,0.0,0,2.3261604590225033,rbf,500,10,1,0.04143457901441681,38,"{'alpha_edge': [0, 0.001, 0.1, 1, 10], 'alpha_neuron': [0], 'kernel_type': ['rbf', 'matern', 'periodic'], 'layer_width': [100, 250, 500, 750, 1000], 'num_inducing': [10, 25, 50, 75, 100]}",COMPLETE,
39,0.04641093119446959,2026-07-30 22:00:22.706925,2026-07-30 22:00:23.900566,1.193641,0.0,0,matern,100,25,0.0,0,1.1211670420016162,matern,100,25,1,0.04641093119446959,39,"{'alpha_edge': [0, 0.001, 0.1, 1, 10], 'alpha_neuron': [0], 'kernel_type': ['rbf', 'matern', 'periodic'], 'layer_width': [100, 250, 500, 750, 1000], 'num_inducing': [10, 25, 50, 75, 100]}",COMPLETE,
40,0.016705085488099337,2026-07-30 22:00:23.903790,2026-07-30 22:01:04.446278,40.542488,0.0,0,periodic,1000,100,0.0,0,36.78426787501667,periodic,1000,100,1,0.016705085488099337,40,"{'alpha_edge': [0, 0.001, 0.1, 1, 10], 'alpha_neuron': [0], 'kernel_type': ['rbf', 'matern', 'periodic'], 'layer_width': [100, 250, 500, 750, 1000], 'num_inducing': [10, 25, 50, 75, 100]}",COMPLETE,
41,0.0156610681394404,2026-07-30 22:01:04.449381,2026-07-30 22:01:06.676097,2.226716,10.0,0,rbf,250,25,10.0,0,2.069634750019759,rbf,250,25,1,0.0156610681394404,41,"{'alpha_edge': [0, 0.001, 0.1, 1, 10], 'alpha_neuron': [0], 'kernel_type': ['rbf', 'matern', 'periodic'], 'layer_width': [100, 250, 500, 750, 1000], 'num_inducing': [10, 25, 50, 75, 100]}",COMPLETE,
42,0.0023283951736461153,2026-07-30 22:01:06.681272,2026-07-30 22:01:09.032625,2.351353,10.0,0,rbf,500,10,10.0,0,2.197134666959755,rbf,500,10,1,0.0023283951736461153,42,"{'alpha_edge': [0, 0.001, 0.1, 1, 10], 'alpha_neuron': [0], 'kernel_type': ['rbf', 'matern', 'periodic'], 'layer_width': [100, 250, 500, 750, 1000], 'num_inducing': [10, 25, 50, 75, 100]}",COMPLETE,
43,0.014907630630072463,2026-07-30 22:01:09.035908,2026-07-30 22:01:51.612060,42.576152,10.0,0,periodic,1000,100,10.0,0,38.77723462495487,periodic,1000,100,1,0.014907630630072463,43,"{'alpha_edge': [0, 0.001, 0.1, 1, 10], 'alpha_neuron': [0], 'kernel_type': ['rbf', 'matern', 'periodic'], 'layer_width': [100, 250, 500, 750, 1000], 'num_inducing': [10, 25, 50, 75, 100]}",COMPLETE,
44,0.002546732789427633,2026-07-30 22:01:51.615820,2026-07-30 22:01:57.031409,5.415589,0.0,0,matern,1000,10,0.0,0,4.964579416031484,matern,1000,10,1,0.002546732789427633,44,"{'alpha_edge': [0, 0.001, 0.1, 1, 10], 'alpha_neuron': [0], 'kernel_type': ['rbf', 'matern', 'periodic'], 'layer_width': [100, 250, 500, 750, 1000], 'num_inducing': [10, 25, 50, 75, 100]}",COMPLETE,
45,0.023535944856031683,2026-07-30 22:01:57.034622,2026-07-30 22:02:01.153619,4.118997,0.0,0,rbf,750,10,0.0,0,3.7709444589563645,rbf,750,10,1,0.023535944856031683,45,"{'alpha_edge': [0, 0.001, 0.1, 1, 10], 'alpha_neuron': [0], 'kernel_type': ['rbf', 'matern', 'periodic'], 'layer_width': [100, 250, 500, 750, 1000], 'num_inducing': [10, 25, 50, 75, 100]}",COMPLETE,
46,0.0007351696555224682,2026-07-30 22:02:01.157249,2026-07-30 22:02:09.292586,8.135337,1.0,0,matern,750,25,1.0,0,7.5475810000207275,matern,750,25,1,0.0007351696555224682,46,"{'alpha_edge': [0, 0.001, 0.1, 1, 10], 'alpha_neuron': [0], 'kernel_type': ['rbf', 'matern', 'periodic'], 'layer_width': [100, 250, 500, 750, 1000], 'num_inducing': [10, 25, 50, 75, 100]}",COMPLETE,
47,0.008655398489127518,2026-07-30 22:02:09.296133,2026-07-30 22:02:20.738267,11.442134,10.0,0,periodic,1000,25,10.0,0,10.403749540972058,periodic,1000,25,1,0.008655398489127518,47,"{'alpha_edge': [0, 0.001, 0.1, 1, 10], 'alpha_neuron': [0], 'kernel_type': ['rbf', 'matern', 'periodic'], 'layer_width': [100, 250, 500, 750, 1000], 'num_inducing': [10, 25, 50, 75, 100]}",COMPLETE,
48,0.05696005857015988,2026-07-30 22:02:20.741458,2026-07-30 22:02:21.873735,1.132277,0.0,0,rbf,250,10,0.0,0,1.060951167019084,rbf,250,10,1,0.05696005857015988,48,"{'alpha_edge': [0, 0.001, 0.1, 1, 10], 'alpha_neuron': [0], 'kernel_type': ['rbf', 'matern', 'periodic'], 'layer_width': [100, 250, 500, 750, 1000], 'num_inducing': [10, 25, 50, 75, 100]}",COMPLETE,
49,0.016578318857467633,2026-07-30 22:02:21.877075,2026-07-30 22:02:45.338549,23.461474,0.0,0,periodic,750,75,0.0,0,21.293896457995288,periodic,750,75,1,0.016578318857467633,49,"{'alpha_edge': [0, 0.001, 0.1, 1, 10], 'alpha_neuron': [0], 'kernel_type': ['rbf', 'matern', 'periodic'], 'layer_width': [100, 250, 500, 750, 1000], 'num_inducing': [10, 25, 50, 75, 100]}",COMPLETE,
50,0.01677964520834045,2026-07-30 22:02:45.341936,2026-07-30 22:02:46.628254,1.286318,1.0,0,rbf,250,10,1.0,0,1.194228957989253,rbf,250,10,1,0.01677964520834045,50,"{'alpha_edge': [0, 0.001, 0.1, 1, 10], 'alpha_neuron': [0], 'kernel_type': ['rbf', 'matern', 'periodic'], 'layer_width': [100, 250, 500, 750, 1000], 'num_inducing': [10, 25, 50, 75, 100]}",COMPLETE,
51,0.08420038679904131,2026-07-30 22:02:46.632765,2026-07-30 22:02:50.590538,3.957773,0.0,0,rbf,250,50,0.0,0,3.5825515000033192,rbf,250,50,1,0.08420038679904131,51,"{'alpha_edge': [0, 0.001, 0.1, 1, 10], 'alpha_neuron': [0], 'kernel_type': ['rbf', 'matern', 'periodic'], 'layer_width': [100, 250, 500, 750, 1000], 'num_inducing': [10, 25, 50, 75, 100]}",COMPLETE,
52,0.0046263919634545615,2026-07-30 22:02:50.593766,2026-07-30 22:02:59.103823,8.510057,1.0,0,rbf,500,50,1.0,0,7.887863458017819,rbf,500,50,1,0.0046263919634545615,52,"{'alpha_edge': [0, 0.001, 0.1, 1, 10], 'alpha_neuron': [0], 'kernel_type': ['rbf', 'matern', 'periodic'], 'layer_width': [100, 250, 500, 750, 1000], 'num_inducing': [10, 25, 50, 75, 100]}",COMPLETE,
53,0.008597542807602441,2026-07-30 22:02:59.107634,2026-07-30 22:03:01.753512,2.645878,0.1,0,matern,250,25,0.1,0,2.454053249966819,matern,250,25,1,0.008597542807602441,53,"{'alpha_edge': [0, 0.001, 0.1, 1, 10], 'alpha_neuron': [0], 'kernel_type': ['rbf', 'matern', 'periodic'], 'layer_width': [100, 250, 500, 750, 1000], 'num_inducing': [10, 25, 50, 75, 100]}",COMPLETE,
54,0.056551133254467485,2026-07-30 22:03:01.756534,2026-07-30 22:03:12.287261,10.530727,0.0,0,periodic,250,100,0.0,0,9.668871458037756,periodic,250,100,1,0.056551133254467485,54,"{'alpha_edge': [0, 0.001, 0.1, 1, 10], 'alpha_neuron': [0], 'kernel_type': ['rbf', 'matern', 'periodic'], 'layer_width': [100, 250, 500, 750, 1000], 'num_inducing': [10, 25, 50, 75, 100]}",COMPLETE,
55,0.0020749772529639896,2026-07-30 22:03:12.290559,2026-07-30 22:03:32.584647,20.294088,1.0,0,matern,1000,50,1.0,0,18.578719082986936,matern,1000,50,1,0.0020749772529639896,55,"{'alpha_edge': [0, 0.001, 0.1, 1, 10], 'alpha_neuron': [0], 'kernel_type': ['rbf', 'matern', 'periodic'], 'layer_width': [100, 250, 500, 750, 1000], 'num_inducing': [10, 25, 50, 75, 100]}",COMPLETE,
56,0.002459545198179886,2026-07-30 22:03:32.622057,2026-07-30 22:03:44.266281,11.644224,0.001,0,rbf,750,50,0.001,0,10.784581083978992,rbf,750,50,1,0.002459545198179886,56,"{'alpha_edge': [0, 0.001, 0.1, 1, 10], 'alpha_neuron': [0], 'kernel_type': ['rbf', 'matern', 'periodic'], 'layer_width': [100, 250, 500, 750, 1000], 'num_inducing': [10, 25, 50, 75, 100]}",COMPLETE,
57,0.01927916549237131,2026-07-30 22:03:44.270118,2026-07-30 22:03:49.192109,4.921991,0.0,0,rbf,1000,10,0.0,0,4.616385874978732,rbf,1000,10,1,0.01927916549237131,57,"{'alpha_edge': [0, 0.001, 0.1, 1, 10], 'alpha_neuron': [0], 'kernel_type': ['rbf', 'matern', 'periodic'], 'layer_width': [100, 250, 500, 750, 1000], 'num_inducing': [10, 25, 50, 75, 100]}",COMPLETE,
58,0.0022958769119747003,2026-07-30 22:03:49.196329,2026-07-30 22:03:52.951180,3.754851,0.001,0,rbf,750,10,0.001,0,3.476892958045937,rbf,750,10,1,0.0022958769119747003,58,"{'alpha_edge': [0, 0.001, 0.1, 1, 10], 'alpha_neuron': [0], 'kernel_type': ['rbf', 'matern', 'periodic'], 'layer_width': [100, 250, 500, 750, 1000], 'num_inducing': [10, 25, 50, 75, 100]}",COMPLETE,
59,0.007475609605321169,2026-07-30 22:03:52.954072,2026-07-30 22:04:01.513449,8.559377,0.001,0,periodic,750,25,0.001,0,7.816325582971331,periodic,750,25,1,0.007475609605321169,59,"{'alpha_edge': [0, 0.001, 0.1, 1, 10], 'alpha_neuron': [0], 'kernel_type': ['rbf', 'matern', 'periodic'], 'layer_width': [100, 250, 500, 750, 1000], 'num_inducing': [10, 25, 50, 75, 100]}",COMPLETE,
60,0.006033843659953365,2026-07-30 22:04:01.516603,2026-07-30 22:04:44.651178,43.134575,0.1,0,periodic,1000,100,0.1,0,39.31940833403496,periodic,1000,100,1,0.006033843659953365,60,"{'alpha_edge': [0, 0.001, 0.1, 1, 10], 'alpha_neuron': [0], 'kernel_type': ['rbf', 'matern', 'periodic'], 'layer_width': [100, 250, 500, 750, 1000], 'num_inducing': [10, 25, 50, 75, 100]}",COMPLETE,
61,0.03219042856801808,2026-07-30 22:04:44.654560,2026-07-30 22:04:45.312674,0.658114,1.0,0,matern,100,10,1.0,0,0.6051467919605784,matern,100,10,1,0.03219042856801808,61,"{'alpha_edge': [0, 0.001, 0.1, 1, 10], 'alpha_neuron': [0], 'kernel_type': ['rbf', 'matern', 'periodic'], 'layer_width': [100, 250, 500, 750, 1000], 'num_inducing': [10, 25, 50, 75, 100]}",COMPLETE,
62,0.004496201511584493,2026-07-30 22:04:45.316220,2026-07-30 22:05:01.499667,16.183447,1.0,0,rbf,500,100,1.0,0,15.167524875025265,rbf,500,100,1,0.004496201511584493,62,"{'alpha_edge': [0, 0.001, 0.1, 1, 10], 'alpha_neuron': [0], 'kernel_type': ['rbf', 'matern', 'periodic'], 'layer_width': [100, 250, 500, 750, 1000], 'num_inducing': [10, 25, 50, 75, 100]}",COMPLETE,
63,0.0024621347777905368,2026-07-30 22:05:01.504275,2026-07-30 22:05:31.638417,30.134142,0.1,0,matern,1000,75,0.1,0,27.531772874994203,matern,1000,75,1,0.0024621347777905368,63,"{'alpha_edge': [0, 0.001, 0.1, 1, 10], 'alpha_neuron': [0], 'kernel_type': ['rbf', 'matern', 'periodic'], 'layer_width': [100, 250, 500, 750, 1000], 'num_inducing': [10, 25, 50, 75, 100]}",COMPLETE,
64,0.002139118967661231,2026-07-30 22:05:31.643098,2026-07-30 22:05:36.676444,5.033346,1.0,0,rbf,1000,10,1.0,0,4.763192541024182,rbf,1000,10,1,0.002139118967661231,64,"{'alpha_edge': [0, 0.001, 0.1, 1, 10], 'alpha_neuron': [0], 'kernel_type': ['rbf', 'matern', 'periodic'], 'layer_width': [100, 250, 500, 750, 1000], 'num_inducing': [10, 25, 50, 75, 100]}",COMPLETE,
65,0.027664980308823,2026-07-30 22:05:36.683477,2026-07-30 22:06:00.794302,24.110825,0.0,0,periodic,500,100,0.0,0,22.130052291962784,periodic,500,100,1,0.027664980308823,65,"{'alpha_edge': [0, 0.001, 0.1, 1, 10], 'alpha_neuron': [0], 'kernel_type': ['rbf', 'matern', 'periodic'], 'layer_width': [100, 250, 500, 750, 1000], 'num_inducing': [10, 25, 50, 75, 100]}",COMPLETE,
66,0.020283910716911584,2026-07-30 22:06:00.799474,2026-07-30 22:06:02.199660,1.400186,0.0,0,periodic,250,10,0.0,0,1.3016197090037167,periodic,250,10,1,0.020283910716911584,66,"{'alpha_edge': [0, 0.001, 0.1, 1, 10], 'alpha_neuron': [0], 'kernel_type': ['rbf', 'matern', 'periodic'], 'layer_width': [100, 250, 500, 750, 1000], 'num_inducing': [10, 25, 50, 75, 100]}",COMPLETE,
67,0.0026910779540255253,2026-07-30 22:06:02.202805,2026-07-30 22:06:08.074257,5.871452,1.0,0,matern,1000,10,1.0,0,5.335466333024669,matern,1000,10,1,0.0026910779540255253,67,"{'alpha_edge': [0, 0.001, 0.1, 1, 10], 'alpha_neuron': [0], 'kernel_type': ['rbf', 'matern', 'periodic'], 'layer_width': [100, 250, 500, 750, 1000], 'num_inducing': [10, 25, 50, 75, 100]}",COMPLETE,
68,0.007433462521516801,2026-07-30 22:06:08.077956,2026-07-30 22:06:19.827768,11.749812,0.1,0,periodic,1000,25,0.1,0,10.641458291967865,periodic,1000,25,1,0.007433462521516801,68,"{'alpha_edge': [0, 0.001, 0.1, 1, 10], 'alpha_neuron': [0], 'kernel_type': ['rbf', 'matern', 'periodic'], 'layer_width': [100, 250, 500, 750, 1000], 'num_inducing': [10, 25, 50, 75, 100]}",COMPLETE,
69,0.0019949301148853888,2026-07-30 22:06:19.832933,2026-07-30 22:06:28.698903,8.86597,1.0,0,rbf,1000,25,1.0,0,8.192984124994837,rbf,1000,25,1,0.0019949301148853888,69,"{'alpha_edge': [0, 0.001, 0.1, 1, 10], 'alpha_neuron': [0], 'kernel_type': ['rbf', 'matern', 'periodic'], 'layer_width': [100, 250, 500, 750, 1000], 'num_inducing': [10, 25, 50, 75, 100]}",COMPLETE,
70,0.0037637128474465424,2026-07-30 22:06:28.705459,2026-07-30 22:06:52.756779,24.05132,0.1,0,rbf,1000,75,0.1,0,22.301671124994755,rbf,1000,75,1,0.0037637128474465424,70,"{'alpha_edge': [0, 0.001, 0.1, 1, 10], 'alpha_neuron': [0], 'kernel_type': ['rbf', 'matern', 'periodic'], 'layer_width': [100, 250, 500, 750, 1000], 'num_inducing': [10, 25, 50, 75, 100]}",COMPLETE,
71,0.04191403121152929,2026-07-30 22:06:52.759946,2026-07-30 22:06:55.787155,3.027209,0.0,0,periodic,250,25,0.0,0,2.666140124958474,periodic,250,25,1,0.04191403121152929,71,"{'alpha_edge': [0, 0.001, 0.1, 1, 10], 'alpha_neuron': [0], 'kernel_type': ['rbf', 'matern', 'periodic'], 'layer_width': [100, 250, 500, 750, 1000], 'num_inducing': [10, 25, 50, 75, 100]}",COMPLETE,
72,0.08068720892095547,2026-07-30 22:06:55.790633,2026-07-30 22:07:02.070015,6.279382,0.0,0,rbf,250,75,0.0,0,5.819170667033177,rbf,250,75,1,0.08068720892095547,72,"{'alpha_edge': [0, 0.001, 0.1, 1, 10], 'alpha_neuron': [0], 'kernel_type': ['rbf', 'matern', 'periodic'], 'layer_width': [100, 250, 500, 750, 1000], 'num_inducing': [10, 25, 50, 75, 100]}",COMPLETE,
73,0.03156610782089336,2026-07-30 22:07:02.073438,2026-07-30 22:07:03.863353,1.789915,1.0,0,periodic,250,10,1.0,0,1.652675541001372,periodic,250,10,1,0.03156610782089336,73,"{'alpha_edge': [0, 0.001, 0.1, 1, 10], 'alpha_neuron': [0], 'kernel_type': ['rbf', 'matern', 'periodic'], 'layer_width': [100, 250, 500, 750, 1000], 'num_inducing': [10, 25, 50, 75, 100]}",COMPLETE,
74,0.007789701257343983,2026-07-30 22:07:03.867757,2026-07-30 22:07:47.075181,43.207424,1.0,0,periodic,1000,100,1.0,0,39.05792745796498,periodic,1000,100,1,0.007789701257343983,74,"{'alpha_edge': [0, 0.001, 0.1, 1, 10], 'alpha_neuron': [0], 'kernel_type': ['rbf', 'matern', 'periodic'], 'layer_width': [100, 250, 500, 750, 1000], 'num_inducing': [10, 25, 50, 75, 100]}",COMPLETE,
75,0.004847588273721075,2026-07-30 22:07:47.078324,2026-07-30 22:07:55.023521,7.945197,0.1,0,matern,750,25,0.1,0,7.290168875013478,matern,750,25,1,0.004847588273721075,75,"{'alpha_edge': [0, 0.001, 0.1, 1, 10], 'alpha_neuron': [0], 'kernel_type': ['rbf', 'matern', 'periodic'], 'layer_width': [100, 250, 500, 750, 1000], 'num_inducing': [10, 25, 50, 75, 100]}",COMPLETE,
76,0.05461912842341283,2026-07-30 22:07:55.026682,2026-07-30 22:08:03.222009,8.195327,1.0,0,periodic,250,75,1.0,0,7.376773833006155,periodic,250,75,1,0.05461912842341283,76,"{'alpha_edge': [0, 0.001, 0.1, 1, 10], 'alpha_neuron': [0], 'kernel_type': ['rbf', 'matern', 'periodic'], 'layer_width': [100, 250, 500, 750, 1000], 'num_inducing': [10, 25, 50, 75, 100]}",COMPLETE,
77,0.0021832198502654727,2026-07-30 22:08:03.225151,2026-07-30 22:08:13.839919,10.614768,1.0,0,matern,1000,25,1.0,0,9.732335333013907,matern,1000,25,1,0.0021832198502654727,77,"{'alpha_edge': [0, 0.001, 0.1, 1, 10], 'alpha_neuron': [0], 'kernel_type': ['rbf', 'matern', 'periodic'], 'layer_width': [100, 250, 500, 750, 1000], 'num_inducing': [10, 25, 50, 75, 100]}",COMPLETE,
78,0.009985428304193926,2026-07-30 22:08:13.843206,2026-07-30 22:08:29.898685,16.055479,0.1,0,periodic,500,75,0.1,0,14.398828457982745,periodic,500,75,1,0.009985428304193926,78,"{'alpha_edge': [0, 0.001, 0.1, 1, 10], 'alpha_neuron': [0], 'kernel_type': ['rbf', 'matern', 'periodic'], 'layer_width': [100, 250, 500, 750, 1000], 'num_inducing': [10, 25, 50, 75, 100]}",COMPLETE,
79,0.016129760821956225,2026-07-30 22:08:29.918104,2026-07-30 22:08:46.175107,16.257003,0.0,0,periodic,500,75,0.0,0,14.618771541980095,periodic,500,75,1,0.016129760821956225,79,"{'alpha_edge': [0, 0.001, 0.1, 1, 10], 'alpha_neuron': [0], 'kernel_type': ['rbf', 'matern', 'periodic'], 'layer_width': [100, 250, 500, 750, 1000], 'num_inducing': [10, 25, 50, 75, 100]}",COMPLETE,
80,0.015587854347476511,2026-07-30 22:08:46.178299,2026-07-30 22:08:56.925965,10.747666,0.001,0,periodic,250,100,0.001,0,9.731214582978282,periodic,250,100,1,0.015587854347476511,80,"{'alpha_edge': [0, 0.001, 0.1, 1, 10], 'alpha_neuron': [0], 'kernel_type': ['rbf', 'matern', 'periodic'], 'layer_width': [100, 250, 500, 750, 1000], 'num_inducing': [10, 25, 50, 75, 100]}",COMPLETE,
81,0.00298083340572953,2026-07-30 22:08:56.929233,2026-07-30 22:09:17.927879,20.998646,1.0,0,matern,500,100,1.0,0,19.221562749997247,matern,500,100,1,0.00298083340572953,81,"{'alpha_edge': [0, 0.001, 0.1, 1, 10], 'alpha_neuron': [0], 'kernel_type': ['rbf', 'matern', 'periodic'], 'layer_width': [100, 250, 500, 750, 1000], 'num_inducing': [10, 25, 50, 75, 100]}",COMPLETE,
82,0.011633370673208701,2026-07-30 22:09:17.933594,2026-07-30 22:09:20.144662,2.211068,0.001,0,rbf,250,25,0.001,0,2.0344354580156505,rbf,250,25,1,0.011633370673208701,82,"{'alpha_edge': [0, 0.001, 0.1, 1, 10], 'alpha_neuron': [0], 'kernel_type': ['rbf', 'matern', 'periodic'], 'layer_width': [100, 250, 500, 750, 1000], 'num_inducing': [10, 25, 50, 75, 100]}",COMPLETE,
83,0.0019530471771312975,2026-07-30 22:09:20.150039,2026-07-30 22:09:51.883153,31.733114,10.0,0,rbf,1000,100,10.0,0,29.438496958988253,rbf,1000,100,1,0.0019530471771312975,83,"{'alpha_edge': [0, 0.001, 0.1, 1, 10], 'alpha_neuron': [0], 'kernel_type': ['rbf', 'matern', 'periodic'], 'layer_width': [100, 250, 500, 750, 1000], 'num_inducing': [10, 25, 50, 75, 100]}",COMPLETE,
84,0.017668222215018067,2026-07-30 22:09:51.886258,2026-07-30 22:09:54.702136,2.815878,0.001,0,matern,250,25,0.001,0,2.565234541951213,matern,250,25,1,0.017668222215018067,84,"{'alpha_edge': [0, 0.001, 0.1, 1, 10], 'alpha_neuron': [0], 'kernel_type': ['rbf', 'matern', 'periodic'], 'layer_width': [100, 250, 500, 750, 1000], 'num_inducing': [10, 25, 50, 75, 100]}",COMPLETE,
85,0.0872899055187848,2026-07-30 22:09:54.770733,2026-07-30 22:09:57.912491,3.141758,1.0,0,rbf,100,100,1.0,0,2.946231375040952,rbf,100,100,1,0.0872899055187848,85,"{'alpha_edge': [0, 0.001, 0.1, 1, 10], 'alpha_neuron': [0], 'kernel_type': ['rbf', 'matern', 'periodic'], 'layer_width': [100, 250, 500, 750, 1000], 'num_inducing': [10, 25, 50, 75, 100]}",COMPLETE,
86,0.020782173017007324,2026-07-30 22:09:57.917556,2026-07-30 22:10:07.021250,9.103694,0.0,0,rbf,1000,25,0.0,0,8.384413249965291,rbf,1000,25,1,0.020782173017007324,86,"{'alpha_edge': [0, 0.001, 0.1, 1, 10], 'alpha_neuron': [0], 'kernel_type': ['rbf', 'matern', 'periodic'], 'layer_width': [100, 250, 500, 750, 1000], 'num_inducing': [10, 25, 50, 75, 100]}",COMPLETE,
87,0.07274064502223604,2026-07-30 22:10:07.025820,2026-07-30 22:10:07.632574,0.606754,0.1,0,rbf,100,10,0.1,0,0.5262425420223735,rbf,100,10,1,0.07274064502223604,87,"{'alpha_edge': [0, 0.001, 0.1, 1, 10], 'alpha_neuron': [0], 'kernel_type': ['rbf', 'matern', 'periodic'], 'layer_width': [100, 250, 500, 750, 1000], 'num_inducing': [10, 25, 50, 75, 100]}",COMPLETE,
88,0.04245537435207911,2026-07-30 22:10:07.637788,2026-07-30 22:10:10.093344,2.455556,0.1,0,rbf,100,75,0.1,0,2.2412911250139587,rbf,100,75,1,0.04245537435207911,88,"{'alpha_edge': [0, 0.001, 0.1, 1, 10], 'alpha_neuron': [0], 'kernel_type': ['rbf', 'matern', 'periodic'], 'layer_width': [100, 250, 500, 750, 1000], 'num_inducing': [10, 25, 50, 75, 100]}",COMPLETE,
89,0.00768147091370192,2026-07-30 22:10:10.095751,2026-07-30 22:10:51.876872,41.781121,0.0,0,matern,1000,100,0.0,0,38.141165791021194,matern,1000,100,1,0.00768147091370192,89,"{'alpha_edge': [0, 0.001, 0.1, 1, 10], 'alpha_neuron': [0], 'kernel_type': ['rbf', 'matern', 'periodic'], 'layer_width': [100, 250, 500, 750, 1000], 'num_inducing': [10, 25, 50, 75, 100]}",COMPLETE,
90,0.0300840014801994,2026-07-30 22:10:51.935778,2026-07-30 22:10:56.812179,4.876401,10.0,0,matern,100,100,10.0,0,4.460737625020556,matern,100,100,1,0.0300840014801994,90,"{'alpha_edge': [0, 0.001, 0.1, 1, 10], 'alpha_neuron': [0], 'kernel_type': ['rbf', 'matern', 'periodic'], 'layer_width': [100, 250, 500, 750, 1000], 'num_inducing': [10, 25, 50, 75, 100]}",COMPLETE,
91,0.11867116931323334,2026-07-30 22:10:56.815602,2026-07-30 22:11:30.692825,33.877223,10.0,0,periodic,750,100,10.0,0,28.312514332996216,periodic,750,100,1,0.11867116931323334,91,"{'alpha_edge': [0, 0.001, 0.1, 1, 10], 'alpha_neuron': [0], 'kernel_type': ['rbf', 'matern', 'periodic'], 'layer_width': [100, 250, 500, 750, 1000], 'num_inducing': [10, 25, 50, 75, 100]}",COMPLETE,
92,0.04207031571881374,2026-07-30 22:11:30.698353,2026-07-30 22:11:31.682206,0.983853,1.0,0,periodic,100,10,1.0,0,0.9102779579698108,periodic,100,10,1,0.04207031571881374,92,"{'alpha_edge': [0, 0.001, 0.1, 1, 10], 'alpha_neuron': [0], 'kernel_type': ['rbf', 'matern', 'periodic'], 'layer_width': [100, 250, 500, 750, 1000], 'num_inducing': [10, 25, 50, 75, 100]}",COMPLETE,
93,0.0848565723911443,2026-07-30 22:11:31.685459,2026-07-30 22:11:35.168198,3.482739,1.0,0,rbf,100,75,1.0,0,2.893652833008673,rbf,100,75,1,0.0848565723911443,93,"{'alpha_edge': [0, 0.001, 0.1, 1, 10], 'alpha_neuron': [0], 'kernel_type': ['rbf', 'matern', 'periodic'], 'layer_width': [100, 250, 500, 750, 1000], 'num_inducing': [10, 25, 50, 75, 100]}",COMPLETE,
94,0.015896345126392795,2026-07-30 22:11:35.173063,2026-07-30 22:11:44.577326,9.404263,1.0,0,periodic,500,25,1.0,0,8.46419737499673,periodic,500,25,1,0.015896345126392795,94,"{'alpha_edge': [0, 0.001, 0.1, 1, 10], 'alpha_neuron': [0], 'kernel_type': ['rbf', 'matern', 'periodic'], 'layer_width': [100, 250, 500, 750, 1000], 'num_inducing': [10, 25, 50, 75, 100]}",COMPLETE,
95,0.0022013917109386452,2026-07-30 22:11:44.581297,2026-07-30 22:12:35.484645,50.903348,10.0,0,matern,1000,100,10.0,0,46.15174195903819,matern,1000,100,1,0.0022013917109386452,95,"{'alpha_edge': [0, 0.001, 0.1, 1, 10], 'alpha_neuron': [0], 'kernel_type': ['rbf', 'matern', 'periodic'], 'layer_width': [100, 250, 500, 750, 1000], 'num_inducing': [10, 25, 50, 75, 100]}",COMPLETE,
96,0.000772278966201226,2026-07-30 22:12:35.489255,2026-07-30 22:13:22.897008,47.407753,0.001,0,matern,1000,100,0.001,0,43.995410458010156,matern,1000,100,1,0.000772278966201226,96,"{'alpha_edge': [0, 0.001, 0.1, 1, 10], 'alpha_neuron': [0], 'kernel_type': ['rbf', 'matern', 'periodic'], 'layer_width': [100, 250, 500, 750, 1000], 'num_inducing': [10, 25, 50, 75, 100]}",COMPLETE,
97,0.02312731815135736,2026-07-30 22:13:22.900115,2026-07-30 22:13:42.013375,19.11326,0.0,0,rbf,1000,50,0.0,0,17.46644845895935,rbf,1000,50,1,0.02312731815135736,97,"{'alpha_edge': [0, 0.001, 0.1, 1, 10], 'alpha_neuron': [0], 'kernel_type': ['rbf', 'matern', 'periodic'], 'layer_width': [100, 250, 500, 750, 1000], 'num_inducing': [10, 25, 50, 75, 100]}",COMPLETE,
98,0.01701343718424967,2026-07-30 22:13:42.017054,2026-07-30 22:13:47.426925,5.409871,0.1,0,periodic,750,10,0.1,0,4.863652291998733,periodic,750,10,1,0.01701343718424967,98,"{'alpha_edge': [0, 0.001, 0.1, 1, 10], 'alpha_neuron': [0], 'kernel_type': ['rbf', 'matern', 'periodic'], 'layer_width': [100, 250, 500, 750, 1000], 'num_inducing': [10, 25, 50, 75, 100]}",COMPLETE,
99,0.024165383095540567,2026-07-30 22:13:47.431475,2026-07-30 22:13:48.194535,0.76306,0.001,0,matern,100,10,0.001,0,0.6514955000020564,matern,100,10,1,0.024165383095540567,99,"{'alpha_edge': [0, 0.001, 0.1, 1, 10], 'alpha_neuron': [0], 'kernel_type': ['rbf', 'matern', 'periodic'], 'layer_width': [100, 250, 500, 750, 1000], 'num_inducing': [10, 25, 50, 75, 100]}",COMPLETE,
100,0.0027110018349794825,2026-07-30 22:13:48.198679,2026-07-30 22:14:03.647822,15.449143,0.1,0,rbf,750,50,0.1,0,13.93635816697497,rbf,750,50,1,0.0027110018349794825,100,"{'alpha_edge': [0, 0.001, 0.1, 1, 10], 'alpha_neuron': [0], 'kernel_type': ['rbf', 'matern', 'periodic'], 'layer_width': [100, 250, 500, 750, 1000], 'num_inducing': [10, 25, 50, 75, 100]}",COMPLETE,
101,0.006936370107119954,2026-07-30 22:14:03.652122,2026-07-30 22:14:27.731169,24.079047,0.001,0,periodic,750,50,0.001,0,21.87071583297802,periodic,750,50,1,0.006936370107119954,101,"{'alpha_edge': [0, 0.001, 0.1, 1, 10], 'alpha_neuron': [0], 'kernel_type': ['rbf', 'matern', 'periodic'], 'layer_width': [100, 250, 500, 750, 1000], 'num_inducing': [10, 25, 50, 75, 100]}",COMPLETE,
102,0.018898491291312953,2026-07-30 22:14:27.734349,2026-07-30 22:14:34.939908,7.205559,0.001,0,periodic,250,50,0.001,0,6.53652125003282,periodic,250,50,1,0.018898491291312953,102,"{'alpha_edge': [0, 0.001, 0.1, 1, 10], 'alpha_neuron': [0], 'kernel_type': ['rbf', 'matern', 'periodic'], 'layer_width': [100, 250, 500, 750, 1000], 'num_inducing': [10, 25, 50, 75, 100]}",COMPLETE,
103,0.019310893007406245,2026-07-30 22:14:34.943845,2026-07-30 22:14:44.880347,9.936502,0.0,0,periodic,750,25,0.0,0,8.855094416998327,periodic,750,25,1,0.019310893007406245,103,"{'alpha_edge': [0, 0.001, 0.1, 1, 10], 'alpha_neuron': [0], 'kernel_type': ['rbf', 'matern', 'periodic'], 'layer_width': [100, 250, 500, 750, 1000], 'num_inducing': [10, 25, 50, 75, 100]}",COMPLETE,
104,0.008957411404028918,2026-07-30 22:14:44.893536,2026-07-30 22:14:49.938328,5.044792,0.001,0,periodic,750,10,0.001,0,4.615373832988553,periodic,750,10,1,0.008957411404028918,104,"{'alpha_edge': [0, 0.001, 0.1, 1, 10], 'alpha_neuron': [0], 'kernel_type': ['rbf', 'matern', 'periodic'], 'layer_width': [100, 250, 500, 750, 1000], 'num_inducing': [10, 25, 50, 75, 100]}",COMPLETE,
105,0.06170367378169702,2026-07-30 22:14:49.941740,2026-07-30 22:14:59.633859,9.692119,0.0,0,rbf,500,50,0.0,0,8.955972916970495,rbf,500,50,1,0.06170367378169702,105,"{'alpha_edge': [0, 0.001, 0.1, 1, 10], 'alpha_neuron': [0], 'kernel_type': ['rbf', 'matern', 'periodic'], 'layer_width': [100, 250, 500, 750, 1000], 'num_inducing': [10, 25, 50, 75, 100]}",COMPLETE,
106,0.06689137111673027,2026-07-30 22:14:59.641598,2026-07-30 22:15:00.932116,1.290518,0.001,0,matern,100,25,0.001,0,1.1945487500051968,matern,100,25,1,0.06689137111673027,106,"{'alpha_edge': [0, 0.001, 0.1, 1, 10], 'alpha_neuron': [0], 'kernel_type': ['rbf', 'matern', 'periodic'], 'layer_width': [100, 250, 500, 750, 1000], 'num_inducing': [10, 25, 50, 75, 100]}",COMPLETE,
107,0.023067620289588392,2026-07-30 22:15:00.938696,2026-07-30 22:15:08.019892,7.081196,10.0,0,periodic,1000,10,10.0,0,6.594154542020988,periodic,1000,10,1,0.023067620289588392,107,"{'alpha_edge': [0, 0.001, 0.1, 1, 10], 'alpha_neuron': [0], 'kernel_type': ['rbf', 'matern', 'periodic'], 'layer_width': [100, 250, 500, 750, 1000], 'num_inducing': [10, 25, 50, 75, 100]}",COMPLETE,
108,0.018067534104027123,2026-07-30 22:15:08.023197,2026-07-30 22:15:32.390079,24.366882,1.0,0,periodic,500,100,1.0,0,21.792087666050065,periodic,500,100,1,0.018067534104027123,108,"{'alpha_edge': [0, 0.001, 0.1, 1, 10], 'alpha_neuron': [0], 'kernel_type': ['rbf', 'matern', 'periodic'], 'layer_width': [100, 250, 500, 750, 1000], 'num_inducing': [10, 25, 50, 75, 100]}",COMPLETE,
109,0.029165466351792964,2026-07-30 22:15:32.396372,2026-07-30 22:15:36.661030,4.264658,10.0,0,rbf,100,75,10.0,0,3.947512209007982,rbf,100,75,1,0.029165466351792964,109,"{'alpha_edge': [0, 0.001, 0.1, 1, 10], 'alpha_neuron': [0], 'kernel_type': ['rbf', 'matern', 'periodic'], 'layer_width': [100, 250, 500, 750, 1000], 'num_inducing': [10, 25, 50, 75, 100]}",COMPLETE,
110,0.07345384678605918,2026-07-30 22:15:36.665381,2026-07-30 22:15:37.358480,0.693099,10.0,0,matern,100,10,10.0,0,0.6342726249713451,matern,100,10,1,0.07345384678605918,110,"{'alpha_edge': [0, 0.001, 0.1, 1, 10], 'alpha_neuron': [0], 'kernel_type': ['rbf', 'matern', 'periodic'], 'layer_width': [100, 250, 500, 750, 1000], 'num_inducing': [10, 25, 50, 75, 100]}",COMPLETE,
111,0.03365048653183619,2026-07-30 22:15:37.367430,2026-07-30 22:15:52.915855,15.548425,0.0,0,rbf,750,50,0.0,0,14.395682832982857,rbf,750,50,1,0.03365048653183619,111,"{'alpha_edge': [0, 0.001, 0.1, 1, 10], 'alpha_neuron': [0], 'kernel_type': ['rbf', 'matern', 'periodic'], 'layer_width': [100, 250, 500, 750, 1000], 'num_inducing': [10, 25, 50, 75, 100]}",COMPLETE,
112,0.05542791597876451,2026-07-30 22:15:52.922328,2026-07-30 22:15:54.875913,1.953585,10.0,0,rbf,100,50,10.0,0,1.8336518749711104,rbf,100,50,1,0.05542791597876451,112,"{'alpha_edge': [0, 0.001, 0.1, 1, 10], 'alpha_neuron': [0], 'kernel_type': ['rbf', 'matern', 'periodic'], 'layer_width': [100, 250, 500, 750, 1000], 'num_inducing': [10, 25, 50, 75, 100]}",COMPLETE,
113,0.008986857730175948,2026-07-30 22:15:54.879480,2026-07-30 22:15:56.416655,1.537175,0.1,0,rbf,250,10,0.1,0,1.4362175000132993,rbf,250,10,1,0.008986857730175948,113,"{'alpha_edge': [0, 0.001, 0.1, 1, 10], 'alpha_neuron': [0], 'kernel_type': ['rbf', 'matern', 'periodic'], 'layer_width': [100, 250, 500, 750, 1000], 'num_inducing': [10, 25, 50, 75, 100]}",COMPLETE,
114,0.005403154611708959,2026-07-30 22:15:56.419949,2026-07-30 22:16:14.077295,17.657346,0.001,0,matern,500,75,0.001,0,16.087439291994087,matern,500,75,1,0.005403154611708959,114,"{'alpha_edge': [0, 0.001, 0.1, 1, 10], 'alpha_neuron': [0], 'kernel_type': ['rbf', 'matern', 'periodic'], 'layer_width': [100, 250, 500, 750, 1000], 'num_inducing': [10, 25, 50, 75, 100]}",COMPLETE,
115,0.00844261283388324,2026-07-30 22:16:14.081819,2026-07-30 22:16:23.497762,9.415943,0.1,0,rbf,250,100,0.1,0,8.624006500001997,rbf,250,100,1,0.00844261283388324,115,"{'alpha_edge': [0, 0.001, 0.1, 1, 10], 'alpha_neuron': [0], 'kernel_type': ['rbf', 'matern', 'periodic'], 'layer_width': [100, 250, 500, 750, 1000], 'num_inducing': [10, 25, 50, 75, 100]}",COMPLETE,
116,0.003209327715301895,2026-07-30 22:16:23.500483,2026-07-30 22:16:46.702446,23.201963,10.0,0,rbf,750,75,10.0,0,21.54887866601348,rbf,750,75,1,0.003209327715301895,116,"{'alpha_edge': [0, 0.001, 0.1, 1, 10], 'alpha_neuron': [0], 'kernel_type': ['rbf', 'matern', 'periodic'], 'layer_width': [100, 250, 500, 750, 1000], 'num_inducing': [10, 25, 50, 75, 100]}",COMPLETE,
117,0.005532351627044987,2026-07-30 22:16:46.711515,2026-07-30 22:17:10.134029,23.422514,0.001,0,matern,500,100,0.001,0,21.396461625001393,matern,500,100,1,0.005532351627044987,117,"{'alpha_edge': [0, 0.001, 0.1, 1, 10], 'alpha_neuron': [0], 'kernel_type': ['rbf', 'matern', 'periodic'], 'layer_width': [100, 250, 500, 750, 1000], 'num_inducing': [10, 25, 50, 75, 100]}",COMPLETE,
118,0.02664028085104411,2026-07-30 22:17:10.138671,2026-07-30 22:17:15.650639,5.511968,1.0,0,matern,100,100,1.0,0,5.038384417013731,matern,100,100,1,0.02664028085104411,118,"{'alpha_edge': [0, 0.001, 0.1, 1, 10], 'alpha_neuron': [0], 'kernel_type': ['rbf', 'matern', 'periodic'], 'layer_width': [100, 250, 500, 750, 1000], 'num_inducing': [10, 25, 50, 75, 100]}",COMPLETE,
119,0.024120704915687394,2026-07-30 22:17:15.658786,2026-07-30 22:17:19.375867,3.717081,0.001,0,matern,100,75,0.001,0,3.364418083045166,matern,100,75,1,0.024120704915687394,119,"{'alpha_edge': [0, 0.001, 0.1, 1, 10], 'alpha_neuron': [0], 'kernel_type': ['rbf', 'matern', 'periodic'], 'layer_width': [100, 250, 500, 750, 1000], 'num_inducing': [10, 25, 50, 75, 100]}",COMPLETE,
120,0.007524667065940943,2026-07-30 22:17:19.380575,2026-07-30 22:17:26.918089,7.537514,0.1,0,rbf,250,75,0.1,0,7.032676708011422,rbf,250,75,1,0.007524667065940943,120,"{'alpha_edge': [0, 0.001, 0.1, 1, 10], 'alpha_neuron': [0], 'kernel_type': ['rbf', 'matern', 'periodic'], 'layer_width': [100, 250, 500, 750, 1000], 'num_inducing': [10, 25, 50, 75, 100]}",COMPLETE,
121,0.013744912476360945,2026-07-30 22:17:26.921283,2026-07-30 22:17:36.294038,9.372755,0.1,0,periodic,250,75,0.1,0,8.456448415992782,periodic,250,75,1,0.013744912476360945,121,"{'alpha_edge': [0, 0.001, 0.1, 1, 10], 'alpha_neuron': [0], 'kernel_type': ['rbf', 'matern', 'periodic'], 'layer_width': [100, 250, 500, 750, 1000], 'num_inducing': [10, 25, 50, 75, 100]}",COMPLETE,
122,0.007309818816916103,2026-07-30 22:17:36.297391,2026-07-30 22:17:41.722340,5.424949,10.0,0,rbf,500,25,10.0,0,4.940306332951877,rbf,500,25,1,0.007309818816916103,122,"{'alpha_edge': [0, 0.001, 0.1, 1, 10], 'alpha_neuron': [0], 'kernel_type': ['rbf', 'matern', 'periodic'], 'layer_width': [100, 250, 500, 750, 1000], 'num_inducing': [10, 25, 50, 75, 100]}",COMPLETE,
123,0.0108591120828378,2026-07-30 22:17:41.730028,2026-07-30 22:17:45.883564,4.153536,0.001,0,periodic,500,10,0.001,0,3.6997243749792688,periodic,500,10,1,0.0108591120828378,123,"{'alpha_edge': [0, 0.001, 0.1, 1, 10], 'alpha_neuron': [0], 'kernel_type': ['rbf', 'matern', 'periodic'], 'layer_width': [100, 250, 500, 750, 1000], 'num_inducing': [10, 25, 50, 75, 100]}",COMPLETE,
124,0.0019376224850130162,2026-07-30 22:17:45.897776,2026-07-30 22:17:56.868496,10.97072,0.001,0,matern,750,25,0.001,0,9.880103458999656,matern,750,25,1,0.0019376224850130162,124,"{'alpha_edge': [0, 0.001, 0.1, 1, 10], 'alpha_neuron': [0], 'kernel_type': ['rbf', 'matern', 'periodic'], 'layer_width': [100, 250, 500, 750, 1000], 'num_inducing': [10, 25, 50, 75, 100]}",COMPLETE,
125,0.015358423336489516,2026-07-30 22:17:56.871790,2026-07-30 22:18:10.902860,14.03107,10.0,0,periodic,500,50,10.0,0,12.9387415839592,periodic,500,50,1,0.015358423336489516,125,"{'alpha_edge': [0, 0.001, 0.1, 1, 10], 'alpha_neuron': [0], 'kernel_type': ['rbf', 'matern', 'periodic'], 'layer_width': [100, 250, 500, 750, 1000], 'num_inducing': [10, 25, 50, 75, 100]}",COMPLETE,
126,0.01146423773240725,2026-07-30 22:18:10.905617,2026-07-30 22:18:18.441897,7.53628,10.0,0,rbf,250,50,10.0,0,7.136505874979775,rbf,250,50,1,0.01146423773240725,126,"{'alpha_edge': [0, 0.001, 0.1, 1, 10], 'alpha_neuron': [0], 'kernel_type': ['rbf', 'matern', 'periodic'], 'layer_width': [100, 250, 500, 750, 1000], 'num_inducing': [10, 25, 50, 75, 100]}",COMPLETE,
127,0.00157285619285092,2026-07-30 22:18:18.446817,2026-07-30 22:18:26.489237,8.04242,0.001,0,matern,1000,10,0.001,0,7.489186249964405,matern,1000,10,1,0.00157285619285092,127,"{'alpha_edge': [0, 0.001, 0.1, 1, 10], 'alpha_neuron': [0], 'kernel_type': ['rbf', 'matern', 'periodic'], 'layer_width': [100, 250, 500, 750, 1000], 'num_inducing': [10, 25, 50, 75, 100]}",COMPLETE,
128,0.012513504828627007,2026-07-30 22:18:26.499267,2026-07-30 22:18:32.536849,6.037582,10.0,0,periodic,750,10,10.0,0,5.5238531670183875,periodic,750,10,1,0.012513504828627007,128,"{'alpha_edge': [0, 0.001, 0.1, 1, 10], 'alpha_neuron': [0], 'kernel_type': ['rbf', 'matern', 'periodic'], 'layer_width': [100, 250, 500, 750, 1000], 'num_inducing': [10, 25, 50, 75, 100]}",COMPLETE,
129,0.007303857630378447,2026-07-30 22:18:32.541483,2026-07-30 22:18:35.924250,3.382767,1.0,0,rbf,500,10,1.0,0,3.0013525829999708,rbf,500,10,1,0.007303857630378447,129,"{'alpha_edge': [0, 0.001, 0.1, 1, 10], 'alpha_neuron': [0], 'kernel_type': ['rbf', 'matern', 'periodic'], 'layer_width': [100, 250, 500, 750, 1000], 'num_inducing': [10, 25, 50, 75, 100]}",COMPLETE,
130,0.06993292445426788,2026-07-30 22:18:35.928007,2026-07-30 22:18:37.419907,1.4919,1.0,0,periodic,100,25,1.0,0,1.3728554580011405,periodic,100,25,1,0.06993292445426788,130,"{'alpha_edge': [0, 0.001, 0.1, 1, 10], 'alpha_neuron': [0], 'kernel_type': ['rbf', 'matern', 'periodic'], 'layer_width': [100, 250, 500, 750, 1000], 'num_inducing': [10, 25, 50, 75, 100]}",COMPLETE,
131,0.006248225832516243,2026-07-30 22:18:37.423268,2026-07-30 22:18:52.573717,15.150449,10.0,0,rbf,500,75,10.0,0,14.251039583992679,rbf,500,75,1,0.006248225832516243,131,"{'alpha_edge': [0, 0.001, 0.1, 1, 10], 'alpha_neuron': [0], 'kernel_type': ['rbf', 'matern', 'periodic'], 'layer_width': [100, 250, 500, 750, 1000], 'num_inducing': [10, 25, 50, 75, 100]}",COMPLETE,
132,0.03763107429559342,2026-07-30 22:18:52.576982,2026-07-30 22:18:53.919680,1.342698,0.001,0,periodic,100,25,0.001,0,1.216181957977824,periodic,100,25,1,0.03763107429559342,132,"{'alpha_edge': [0, 0.001, 0.1, 1, 10], 'alpha_neuron': [0], 'kernel_type': ['rbf', 'matern', 'periodic'], 'layer_width': [100, 250, 500, 750, 1000], 'num_inducing': [10, 25, 50, 75, 100]}",COMPLETE,
133,0.009397691285066352,2026-07-30 22:18:53.924992,2026-07-30 22:19:01.733456,7.808464,0.1,0,periodic,1000,10,0.1,0,7.20800458395388,periodic,1000,10,1,0.009397691285066352,133,"{'alpha_edge': [0, 0.001, 0.1, 1, 10], 'alpha_neuron': [0], 'kernel_type': ['rbf', 'matern', 'periodic'], 'layer_width': [100, 250, 500, 750, 1000], 'num_inducing': [10, 25, 50, 75, 100]}",COMPLETE,
134,0.011618985739362807,2026-07-30 22:19:01.739547,2026-07-30 22:19:26.398443,24.658896,1.0,0,periodic,750,75,1.0,0,22.523858957982156,periodic,750,75,1,0.011618985739362807,134,"{'alpha_edge': [0, 0.001, 0.1, 1, 10], 'alpha_neuron': [0], 'kernel_type': ['rbf', 'matern', 'periodic'], 'layer_width': [100, 250, 500, 750, 1000], 'num_inducing': [10, 25, 50, 75, 100]}",COMPLETE,
135,0.07254336036745149,2026-07-30 22:19:26.401464,2026-07-30 22:19:27.401187,0.999723,10.0,0,rbf,100,25,10.0,0,0.9055916250217706,rbf,100,25,1,0.07254336036745149,135,"{'alpha_edge': [0, 0.001, 0.1, 1, 10], 'alpha_neuron': [0], 'kernel_type': ['rbf', 'matern', 'periodic'], 'layer_width': [100, 250, 500, 750, 1000], 'num_inducing': [10, 25, 50, 75, 100]}",COMPLETE,
136,0.018888349134459713,2026-07-30 22:19:27.405011,2026-07-30 22:19:35.073869,7.668858,0.001,0,periodic,250,75,0.001,0,6.919180166965816,periodic,250,75,1,0.018888349134459713,136,"{'alpha_edge': [0, 0.001, 0.1, 1, 10], 'alpha_neuron': [0], 'kernel_type': ['rbf', 'matern', 'periodic'], 'layer_width': [100, 250, 500, 750, 1000], 'num_inducing': [10, 25, 50, 75, 100]}",COMPLETE,
137,0.03308920549717687,2026-07-30 22:19:35.076860,2026-07-30 22:19:42.414296,7.337436,0.0,0,matern,250,75,0.0,0,6.723577416036278,matern,250,75,1,0.03308920549717687,137,"{'alpha_edge': [0, 0.001, 0.1, 1, 10], 'alpha_neuron': [0], 'kernel_type': ['rbf', 'matern', 'periodic'], 'layer_width': [100, 250, 500, 750, 1000], 'num_inducing': [10, 25, 50, 75, 100]}",COMPLETE,
138,0.11096970661762005,2026-07-30 22:19:42.417403,2026-07-30 22:19:45.419525,3.002122,10.0,0,periodic,100,75,10.0,0,2.687196084007155,periodic,100,75,1,0.11096970661762005,138,"{'alpha_edge': [0, 0.001, 0.1, 1, 10], 'alpha_neuron': [0], 'kernel_type': ['rbf', 'matern', 'periodic'], 'layer_width': [100, 250, 500, 750, 1000], 'num_inducing': [10, 25, 50, 75, 100]}",COMPLETE,
139,0.03703116004101055,2026-07-30 22:19:45.422632,2026-07-30 22:19:55.291270,9.868638,0.0,0,matern,250,100,0.0,0,8.974596249987371,matern,250,100,1,0.03703116004101055,139,"{'alpha_edge': [0, 0.001, 0.1, 1, 10], 'alpha_neuron': [0], 'kernel_type': ['rbf', 'matern', 'periodic'], 'layer_width': [100, 250, 500, 750, 1000], 'num_inducing': [10, 25, 50, 75, 100]}",COMPLETE,
140,0.003992426740406033,2026-07-30 22:19:55.294235,2026-07-30 22:20:25.368066,30.073831,1.0,0,matern,750,100,1.0,0,27.484698458982166,matern,750,100,1,0.003992426740406033,140,"{'alpha_edge': [0, 0.001, 0.1, 1, 10], 'alpha_neuron': [0], 'kernel_type': ['rbf', 'matern', 'periodic'], 'layer_width': [100, 250, 500, 750, 1000], 'num_inducing': [10, 25, 50, 75, 100]}",COMPLETE,
141,0.0006524138055855389,2026-07-30 22:20:25.372663,2026-07-30 22:20:41.236017,15.863354,0.001,0,rbf,1000,50,0.001,0,14.650504749966785,rbf,1000,50,1,0.0006524138055855389,141,"{'alpha_edge': [0, 0.001, 0.1, 1, 10], 'alpha_neuron': [0], 'kernel_type': ['rbf', 'matern', 'periodic'], 'layer_width': [100, 250, 500, 750, 1000], 'num_inducing': [10, 25, 50, 75, 100]}",COMPLETE,
142,0.004171037243928544,2026-07-30 22:20:41.240834,2026-07-30 22:20:43.867180,2.626346,0.001,0,rbf,500,10,0.001,0,2.44936329202028,rbf,500,10,1,0.004171037243928544,142,"{'alpha_edge': [0, 0.001, 0.1, 1, 10], 'alpha_neuron': [0], 'kernel_type': ['rbf', 'matern', 'periodic'], 'layer_width': [100, 250, 500, 750, 1000], 'num_inducing': [10, 25, 50, 75, 100]}",COMPLETE,
143,0.027968385657380673,2026-07-30 22:20:43.872768,2026-07-30 22:20:44.426184,0.553416,1.0,0,rbf,100,10,1.0,0,0.506814582971856,rbf,100,10,1,0.027968385657380673,143,"{'alpha_edge': [0, 0.001, 0.1, 1, 10], 'alpha_neuron': [0], 'kernel_type': ['rbf', 'matern', 'periodic'], 'layer_width': [100, 250, 500, 750, 1000], 'num_inducing': [10, 25, 50, 75, 100]}",COMPLETE,
144,0.004502513571487972,2026-07-30 22:20:44.430820,2026-07-30 22:21:01.434038,17.003218,0.1,0,rbf,500,100,0.1,0,15.893704124959186,rbf,500,100,1,0.004502513571487972,144,"{'alpha_edge': [0, 0.001, 0.1, 1, 10], 'alpha_neuron': [0], 'kernel_type': ['rbf', 'matern', 'periodic'], 'layer_width': [100, 250, 500, 750, 1000], 'num_inducing': [10, 25, 50, 75, 100]}",COMPLETE,
145,0.004989593019141257,2026-07-30 22:21:01.481316,2026-07-30 22:21:06.419464,4.938148,0.1,0,rbf,1000,10,0.1,0,4.5771020000102,rbf,1000,10,1,0.004989593019141257,145,"{'alpha_edge': [0, 0.001, 0.1, 1, 10], 'alpha_neuron': [0], 'kernel_type': ['rbf', 'matern', 'periodic'], 'layer_width': [100, 250, 500, 750, 1000], 'num_inducing': [10, 25, 50, 75, 100]}",COMPLETE,
146,0.010514342858932046,2026-07-30 22:21:06.424703,2026-07-30 22:21:14.907753,8.48305,10.0,0,periodic,750,25,10.0,0,7.668981582974084,periodic,750,25,1,0.010514342858932046,146,"{'alpha_edge': [0, 0.001, 0.1, 1, 10], 'alpha_neuron': [0], 'kernel_type': ['rbf', 'matern', 'periodic'], 'layer_width': [100, 250, 500, 750, 1000], 'num_inducing': [10, 25, 50, 75, 100]}",COMPLETE,
147,0.0023890378197743757,2026-07-30 22:21:14.910937,2026-07-30 22:21:25.552831,10.641894,0.1,0,matern,1000,25,0.1,0,9.747613124956843,matern,1000,25,1,0.0023890378197743757,147,"{'alpha_edge': [0, 0.001, 0.1, 1, 10], 'alpha_neuron': [0], 'kernel_type': ['rbf', 'matern', 'periodic'], 'layer_width': [100, 250, 500, 750, 1000], 'num_inducing': [10, 25, 50, 75, 100]}",COMPLETE,
148,0.03546571821043279,2026-07-30 22:21:25.558461,2026-07-30 22:21:26.625677,1.067216,0.1,0,matern,100,25,0.1,0,0.9914237079792656,matern,100,25,1,0.03546571821043279,148,"{'alpha_edge': [0, 0.001, 0.1, 1, 10], 'alpha_neuron': [0], 'kernel_type': ['rbf', 'matern', 'periodic'], 'layer_width': [100, 250, 500, 750, 1000], 'num_inducing': [10, 25, 50, 75, 100]}",COMPLETE,
149,0.0058171470576416145,2026-07-30 22:21:26.628383,2026-07-30 22:21:34.204358,7.575975,0.001,0,matern,250,75,0.001,0,6.95720441598678,matern,250,75,1,0.0058171470576416145,149,"{'alpha_edge': [0, 0.001, 0.1, 1, 10], 'alpha_neuron': [0], 'kernel_type': ['rbf', 'matern', 'periodic'], 'layer_width': [100, 250, 500, 750, 1000], 'num_inducing': [10, 25, 50, 75, 100]}",COMPLETE,
150,0.0037364088457787843,2026-07-30 22:21:34.208026,2026-07-30 22:21:44.696971,10.488945,0.0,0,matern,1000,25,0.0,0,9.688037124986295,matern,1000,25,1,0.0037364088457787843,150,"{'alpha_edge': [0, 0.001, 0.1, 1, 10], 'alpha_neuron': [0], 'kernel_type': ['rbf', 'matern', 'periodic'], 'layer_width': [100, 250, 500, 750, 1000], 'num_inducing': [10, 25, 50, 75, 100]}",COMPLETE,
151,0.008911644338218299,2026-07-30 22:21:44.700115,2026-07-30 22:22:15.922989,31.222874,1.0,0,periodic,1000,75,1.0,0,28.17563675000565,periodic,1000,75,1,0.008911644338218299,151,"{'alpha_edge': [0, 0.001, 0.1, 1, 10], 'alpha_neuron': [0], 'kernel_type': ['rbf', 'matern', 'periodic'], 'layer_width': [100, 250, 500, 750, 1000], 'num_inducing': [10, 25, 50, 75, 100]}",COMPLETE,
152,0.0009837457109695994,2026-07-30 22:22:15.926101,2026-07-30 22:22:38.564066,22.637965,10.0,0,matern,750,75,10.0,0,20.765277167025488,matern,750,75,1,0.0009837457109695994,152,"{'alpha_edge': [0, 0.001, 0.1, 1, 10], 'alpha_neuron': [0], 'kernel_type': ['rbf', 'matern', 'periodic'], 'layer_width': [100, 250, 500, 750, 1000], 'num_inducing': [10, 25, 50, 75, 100]}",COMPLETE,
153,0.004389364856854055,2026-07-30 22:22:38.566861,2026-07-30 22:22:42.896905,4.330044,0.1,0,matern,750,10,0.1,0,3.984779582999181,matern,750,10,1,0.004389364856854055,153,"{'alpha_edge': [0, 0.001, 0.1, 1, 10], 'alpha_neuron': [0], 'kernel_type': ['rbf', 'matern', 'periodic'], 'layer_width': [100, 250, 500, 750, 1000], 'num_inducing': [10, 25, 50, 75, 100]}",COMPLETE,
154,0.0679307959871317,2026-07-30 22:22:42.933275,2026-07-30 22:23:16.082258,33.148983,0.0,0,periodic,1000,75,0.0,0,29.49367983400589,periodic,1000,75,1,0.0679307959871317,154,"{'alpha_edge': [0, 0.001, 0.1, 1, 10], 'alpha_neuron': [0], 'kernel_type': ['rbf', 'matern', 'periodic'], 'layer_width': [100, 250, 500, 750, 1000], 'num_inducing': [10, 25, 50, 75, 100]}",COMPLETE,
155,0.009268136029235673,2026-07-30 22:23:16.085469,2026-07-30 22:23:31.588683,15.503214,0.001,0,periodic,500,50,0.001,0,13.998252207995392,periodic,500,50,1,0.009268136029235673,155,"{'alpha_edge': [0, 0.001, 0.1, 1, 10], 'alpha_neuron': [0], 'kernel_type': ['rbf', 'matern', 'periodic'], 'layer_width': [100, 250, 500, 750, 1000], 'num_inducing': [10, 25, 50, 75, 100]}",COMPLETE,
156,0.04404998984668959,2026-07-30 22:23:31.595762,2026-07-30 22:23:35.700802,4.10504,10.0,0,periodic,250,25,10.0,0,3.754136750008911,periodic,250,25,1,0.04404998984668959,156,"{'alpha_edge': [0, 0.001, 0.1, 1, 10], 'alpha_neuron': [0], 'kernel_type': ['rbf', 'matern', 'periodic'], 'layer_width': [100, 250, 500, 750, 1000], 'num_inducing': [10, 25, 50, 75, 100]}",COMPLETE,
157,0.038185462576852916,2026-07-30 22:23:35.703525,2026-07-30 22:23:36.564267,0.860742,0.1,0,matern,100,10,0.1,0,0.8184466249658726,matern,100,10,1,0.038185462576852916,157,"{'alpha_edge': [0, 0.001, 0.1, 1, 10], 'alpha_neuron': [0], 'kernel_type': ['rbf', 'matern', 'periodic'], 'layer_width': [100, 250, 500, 750, 1000], 'num_inducing': [10, 25, 50, 75, 100]}",COMPLETE,
158,0.0009099022758375963,2026-07-30 22:23:36.567599,2026-07-30 22:23:42.169092,5.601493,10.0,0,matern,750,10,10.0,0,5.232462042011321,matern,750,10,1,0.0009099022758375963,158,"{'alpha_edge': [0, 0.001, 0.1, 1, 10], 'alpha_neuron': [0], 'kernel_type': ['rbf', 'matern', 'periodic'], 'layer_width': [100, 250, 500, 750, 1000], 'num_inducing': [10, 25, 50, 75, 100]}",COMPLETE,
159,0.05709123859820225,2026-07-30 22:23:42.175364,2026-07-30 22:23:47.593162,5.417798,0.0,0,matern,100,100,0.0,0,4.960678833012935,matern,100,100,1,0.05709123859820225,159,"{'alpha_edge': [0, 0.001, 0.1, 1, 10], 'alpha_neuron': [0], 'kernel_type': ['rbf', 'matern', 'periodic'], 'layer_width': [100, 250, 500, 750, 1000], 'num_inducing': [10, 25, 50, 75, 100]}",COMPLETE,
160,0.003040837736907645,2026-07-30 22:23:47.645577,2026-07-30 22:24:15.199689,27.554112,1.0,0,matern,750,75,1.0,0,25.17989337502513,matern,750,75,1,0.003040837736907645,160,"{'alpha_edge': [0, 0.001, 0.1, 1, 10], 'alpha_neuron': [0], 'kernel_type': ['rbf', 'matern', 'periodic'], 'layer_width': [100, 250, 500, 750, 1000], 'num_inducing': [10, 25, 50, 75, 100]}",COMPLETE,
161,0.07554696150571405,2026-07-30 22:24:15.208465,2026-07-30 22:24:16.498062,1.289597,0.0,0,periodic,100,25,0.0,0,1.1954413340426981,periodic,100,25,1,0.07554696150571405,161,"{'alpha_edge': [0, 0.001, 0.1, 1, 10], 'alpha_neuron': [0], 'kernel_type': ['rbf', 'matern', 'periodic'], 'layer_width': [100, 250, 500, 750, 1000], 'num_inducing': [10, 25, 50, 75, 100]}",COMPLETE,
162,0.008633334489480463,2026-07-30 22:24:16.500730,2026-07-30 22:24:18.237023,1.736293,10.0,0,rbf,250,10,10.0,0,1.6340167909511365,rbf,250,10,1,0.008633334489480463,162,"{'alpha_edge': [0, 0.001, 0.1, 1, 10], 'alpha_neuron': [0], 'kernel_type': ['rbf', 'matern', 'periodic'], 'layer_width': [100, 250, 500, 750, 1000], 'num_inducing': [10, 25, 50, 75, 100]}",COMPLETE,
163,0.05555000516895481,2026-07-30 22:24:18.242530,2026-07-30 22:24:20.736847,2.494317,10.0,0,matern,100,50,10.0,0,2.2197102089994587,matern,100,50,1,0.05555000516895481,163,"{'alpha_edge': [0, 0.001, 0.1, 1, 10], 'alpha_neuron': [0], 'kernel_type': ['rbf', 'matern', 'periodic'], 'layer_width': [100, 250, 500, 750, 1000], 'num_inducing': [10, 25, 50, 75, 100]}",COMPLETE,
164,0.05863760149122543,2026-07-30 22:24:20.741289,2026-07-30 22:24:23.557780,2.816491,0.0,0,matern,100,50,0.0,0,2.6336989169940352,matern,100,50,1,0.05863760149122543,164,"{'alpha_edge': [0, 0.001, 0.1, 1, 10], 'alpha_neuron': [0], 'kernel_type': ['rbf', 'matern', 'periodic'], 'layer_width': [100, 250, 500, 750, 1000], 'num_inducing': [10, 25, 50, 75, 100]}",COMPLETE,
165,0.002351272847105841,2026-07-30 22:24:23.563560,2026-07-30 22:24:32.537324,8.973764,1.0,0,rbf,750,25,1.0,0,8.223237166006584,rbf,750,25,1,0.002351272847105841,165,"{'alpha_edge': [0, 0.001, 0.1, 1, 10], 'alpha_neuron': [0], 'kernel_type': ['rbf', 'matern', 'periodic'], 'layer_width': [100, 250, 500, 750, 1000], 'num_inducing': [10, 25, 50, 75, 100]}",COMPLETE,
166,0.007171730500659769,2026-07-30 22:24:32.551542,2026-07-30 22:24:49.241080,16.689538,1.0,0,matern,500,75,1.0,0,15.440115666016936,matern,500,75,1,0.007171730500659769,166,"{'alpha_edge': [0, 0.001, 0.1, 1, 10], 'alpha_neuron': [0], 'kernel_type': ['rbf', 'matern', 'periodic'], 'layer_width': [100, 250, 500, 750, 1000], 'num_inducing': [10, 25, 50, 75, 100]}",COMPLETE,
167,0.00812610815659666,2026-07-30 22:24:49.302258,2026-07-30 22:24:51.707908,2.40565,0.1,0,rbf,250,25,0.1,0,2.2224457500269637,rbf,250,25,1,0.00812610815659666,167,"{'alpha_edge': [0, 0.001, 0.1, 1, 10], 'alpha_neuron': [0], 'kernel_type': ['rbf', 'matern', 'periodic'], 'layer_width': [100, 250, 500, 750, 1000], 'num_inducing': [10, 25, 50, 75, 100]}",COMPLETE,
168,0.02035854723598932,2026-07-30 22:24:51.711607,2026-07-30 22:24:56.993740,5.282133,0.1,0,matern,100,100,0.1,0,4.866288791992702,matern,100,100,1,0.02035854723598932,168,"{'alpha_edge': [0, 0.001, 0.1, 1, 10], 'alpha_neuron': [0], 'kernel_type': ['rbf', 'matern', 'periodic'], 'layer_width': [100, 250, 500, 750, 1000], 'num_inducing': [10, 25, 50, 75, 100]}",COMPLETE,
169,0.0447930464815849,2026-07-30 22:24:56.996420,2026-07-30 22:24:58.163474,1.167054,10.0,0,periodic,100,25,10.0,0,1.0508761670207605,periodic,100,25,1,0.0447930464815849,169,"{'alpha_edge': [0, 0.001, 0.1, 1, 10], 'alpha_neuron': [0], 'kernel_type': ['rbf', 'matern', 'periodic'], 'layer_width': [100, 250, 500, 750, 1000], 'num_inducing': [10, 25, 50, 75, 100]}",COMPLETE,
170,0.012517927194956984,2026-07-30 22:24:58.166838,2026-07-30 22:25:16.955172,18.788334,0.001,0,periodic,500,75,0.001,0,16.95562041696394,periodic,500,75,1,0.012517927194956984,170,"{'alpha_edge': [0, 0.001, 0.1, 1, 10], 'alpha_neuron': [0], 'kernel_type': ['rbf', 'matern', 'periodic'], 'layer_width': [100, 250, 500, 750, 1000], 'num_inducing': [10, 25, 50, 75, 100]}",COMPLETE,
171,0.04605692613783444,2026-07-30 22:25:16.958397,2026-07-30 22:25:17.549231,0.590834,0.1,0,periodic,100,10,0.1,0,0.5207339580520056,periodic,100,10,1,0.04605692613783444,171,"{'alpha_edge': [0, 0.001, 0.1, 1, 10], 'alpha_neuron': [0], 'kernel_type': ['rbf', 'matern', 'periodic'], 'layer_width': [100, 250, 500, 750, 1000], 'num_inducing': [10, 25, 50, 75, 100]}",COMPLETE,
172,0.007915232993851813,2026-07-30 22:25:17.554794,2026-07-30 22:25:22.743270,5.188476,0.1,0,matern,500,25,0.1,0,4.705797250033356,matern,500,25,1,0.007915232993851813,172,"{'alpha_edge': [0, 0.001, 0.1, 1, 10], 'alpha_neuron': [0], 'kernel_type': ['rbf', 'matern', 'periodic'], 'layer_width': [100, 250, 500, 750, 1000], 'num_inducing': [10, 25, 50, 75, 100]}",COMPLETE,
173,0.027266675893499872,2026-07-30 22:25:22.746649,2026-07-30 22:25:33.697774,10.951125,1.0,0,periodic,250,100,1.0,0,9.919875291001517,periodic,250,100,1,0.027266675893499872,173,"{'alpha_edge': [0, 0.001, 0.1, 1, 10], 'alpha_neuron': [0], 'kernel_type': ['rbf', 'matern', 'periodic'], 'layer_width': [100, 250, 500, 750, 1000], 'num_inducing': [10, 25, 50, 75, 100]}",COMPLETE,
174,0.0023851692627343745,2026-07-30 22:25:33.700710,2026-07-30 22:25:36.560284,2.859574,1.0,0,matern,500,10,1.0,0,2.674448667035904,matern,500,10,1,0.0023851692627343745,174,"{'alpha_edge': [0, 0.001, 0.1, 1, 10], 'alpha_neuron': [0], 'kernel_type': ['rbf', 'matern', 'periodic'], 'layer_width': [100, 250, 500, 750, 1000], 'num_inducing': [10, 25, 50, 75, 100]}",COMPLETE,
175,0.007773866390116924,2026-07-30 22:25:36.564170,2026-07-30 22:25:39.236644,2.672474,0.0,0,matern,500,10,0.0,0,2.4558112079976127,matern,500,10,1,0.007773866390116924,175,"{'alpha_edge': [0, 0.001, 0.1, 1, 10], 'alpha_neuron': [0], 'kernel_type': ['rbf', 'matern', 'periodic'], 'layer_width': [100, 250, 500, 750, 1000], 'num_inducing': [10, 25, 50, 75, 100]}",COMPLETE,
176,0.004325209457809722,2026-07-30 22:25:39.242068,2026-07-30 22:25:42.969198,3.72713,1.0,0,rbf,750,10,1.0,0,3.3143667909898795,rbf,750,10,1,0.004325209457809722,176,"{'alpha_edge': [0, 0.001, 0.1, 1, 10], 'alpha_neuron': [0], 'kernel_type': ['rbf', 'matern', 'periodic'], 'layer_width': [100, 250, 500, 750, 1000], 'num_inducing': [10, 25, 50, 75, 100]}",COMPLETE,
177,0.004282049970978751,2026-07-30 22:25:42.973393,2026-07-30 22:25:54.730226,11.756833,1.0,0,rbf,500,75,1.0,0,10.942382749984972,rbf,500,75,1,0.004282049970978751,177,"{'alpha_edge': [0, 0.001, 0.1, 1, 10], 'alpha_neuron': [0], 'kernel_type': ['rbf', 'matern', 'periodic'], 'layer_width': [100, 250, 500, 750, 1000], 'num_inducing': [10, 25, 50, 75, 100]}",COMPLETE,
178,0.002859340711250591,2026-07-30 22:25:54.733130,2026-07-30 22:26:17.806491,23.073361,10.0,0,matern,500,100,10.0,0,20.924873291980475,matern,500,100,1,0.002859340711250591,178,"{'alpha_edge': [0, 0.001, 0.1, 1, 10], 'alpha_neuron': [0], 'kernel_type': ['rbf', 'matern', 'periodic'], 'layer_width': [100, 250, 500, 750, 1000], 'num_inducing': [10, 25, 50, 75, 100]}",COMPLETE,
179,0.015861683608377117,2026-07-30 22:26:17.811860,2026-07-30 22:26:34.555906,16.744046,10.0,0,periodic,500,75,10.0,0,14.948566499981098,periodic,500,75,1,0.015861683608377117,179,"{'alpha_edge': [0, 0.001, 0.1, 1, 10], 'alpha_neuron': [0], 'kernel_type': ['rbf', 'matern', 'periodic'], 'layer_width': [100, 250, 500, 750, 1000], 'num_inducing': [10, 25, 50, 75, 100]}",COMPLETE,
180,0.008437456185605917,2026-07-30 22:26:34.561268,2026-07-30 22:27:06.501885,31.940617,0.0,0,matern,750,100,0.0,0,29.441020041995216,matern,750,100,1,0.008437456185605917,180,"{'alpha_edge': [0, 0.001, 0.1, 1, 10], 'alpha_neuron': [0], 'kernel_type': ['rbf', 'matern', 'periodic'], 'layer_width': [100, 250, 500, 750, 1000], 'num_inducing': [10, 25, 50, 75, 100]}",COMPLETE,
181,0.007241105508876711,2026-07-30 22:27:06.504437,2026-07-30 22:27:29.703648,23.199211,0.1,0,periodic,750,75,0.1,0,21.002369666006416,periodic,750,75,1,0.007241105508876711,181,"{'alpha_edge': [0, 0.001, 0.1, 1, 10], 'alpha_neuron': [0], 'kernel_type': ['rbf', 'matern', 'periodic'], 'layer_width': [100, 250, 500, 750, 1000], 'num_inducing': [10, 25, 50, 75, 100]}",COMPLETE,
182,0.03413558089452144,2026-07-30 22:27:29.708687,2026-07-30 22:27:34.082149,4.373462,0.001,0,periodic,100,100,0.001,0,3.9380591249791905,periodic,100,100,1,0.03413558089452144,182,"{'alpha_edge': [0, 0.001, 0.1, 1, 10], 'alpha_neuron': [0], 'kernel_type': ['rbf', 'matern', 'periodic'], 'layer_width': [100, 250, 500, 750, 1000], 'num_inducing': [10, 25, 50, 75, 100]}",COMPLETE,
183,0.0022356949882904155,2026-07-30 22:27:34.086044,2026-07-30 22:27:51.318802,17.232758,0.001,0,rbf,750,75,0.001,0,16.050745624990668,rbf,750,75,1,0.0022356949882904155,183,"{'alpha_edge': [0, 0.001, 0.1, 1, 10], 'alpha_neuron': [0], 'kernel_type': ['rbf', 'matern', 'periodic'], 'layer_width': [100, 250, 500, 750, 1000], 'num_inducing': [10, 25, 50, 75, 100]}",COMPLETE,
184,0.005625806135276938,2026-07-30 22:27:51.323866,2026-07-30 22:27:56.642577,5.318711,0.001,0,matern,500,25,0.001,0,4.913269457989372,matern,500,25,1,0.005625806135276938,184,"{'alpha_edge': [0, 0.001, 0.1, 1, 10], 'alpha_neuron': [0], 'kernel_type': ['rbf', 'matern', 'periodic'], 'layer_width': [100, 250, 500, 750, 1000], 'num_inducing': [10, 25, 50, 75, 100]}",COMPLETE,
185,0.002218481010167201,2026-07-30 22:27:56.645540,2026-07-30 22:28:03.031765,6.386225,0.1,0,rbf,750,25,0.1,0,5.861733499972615,rbf,750,25,1,0.002218481010167201,185,"{'alpha_edge': [0, 0.001, 0.1, 1, 10], 'alpha_neuron': [0], 'kernel_type': ['rbf', 'matern', 'periodic'], 'layer_width': [100, 250, 500, 750, 1000], 'num_inducing': [10, 25, 50, 75, 100]}",COMPLETE,
186,0.008469292757131576,2026-07-30 22:28:03.034709,2026-07-30 22:28:13.264721,10.230012,1.0,0,matern,250,100,1.0,0,9.350688333041035,matern,250,100,1,0.008469292757131576,186,"{'alpha_edge': [0, 0.001, 0.1, 1, 10], 'alpha_neuron': [0], 'kernel_type': ['rbf', 'matern', 'periodic'], 'layer_width': [100, 250, 500, 750, 1000], 'num_inducing': [10, 25, 50, 75, 100]}",COMPLETE,
187,0.016062408942064666,2026-07-30 22:28:13.267675,2026-07-30 22:28:14.686086,1.418411,1.0,0,matern,250,10,1.0,0,1.3151251249946654,matern,250,10,1,0.016062408942064666,187,"{'alpha_edge': [0, 0.001, 0.1, 1, 10], 'alpha_neuron': [0], 'kernel_type': ['rbf', 'matern', 'periodic'], 'layer_width': [100, 250, 500, 750, 1000], 'num_inducing': [10, 25, 50, 75, 100]}",COMPLETE,
188,0.008151041250779641,2026-07-30 22:28:14.689013,2026-07-30 22:28:25.583997,10.894984,1.0,0,rbf,250,100,1.0,0,10.15480691700941,rbf,250,100,1,0.008151041250779641,188,"{'alpha_edge': [0, 0.001, 0.1, 1, 10], 'alpha_neuron': [0], 'kernel_type': ['rbf', 'matern', 'periodic'], 'layer_width': [100, 250, 500, 750, 1000], 'num_inducing': [10, 25, 50, 75, 100]}",COMPLETE,
189,0.03607136644865386,2026-07-30 22:28:25.587907,2026-07-30 22:28:44.406615,18.818708,0.0,0,rbf,750,75,0.0,0,17.346869292028714,rbf,750,75,1,0.03607136644865386,189,"{'alpha_edge': [0, 0.001, 0.1, 1, 10], 'alpha_neuron': [0], 'kernel_type': ['rbf', 'matern', 'periodic'], 'layer_width': [100, 250, 500, 750, 1000], 'num_inducing': [10, 25, 50, 75, 100]}",COMPLETE,
190,0.007054494591979443,2026-07-30 22:28:44.410852,2026-07-30 22:28:55.597470,11.186618,10.0,0,matern,250,100,10.0,0,10.17308720794972,matern,250,100,1,0.007054494591979443,190,"{'alpha_edge': [0, 0.001, 0.1, 1, 10], 'alpha_neuron': [0], 'kernel_type': ['rbf', 'matern', 'periodic'], 'layer_width': [100, 250, 500, 750, 1000], 'num_inducing': [10, 25, 50, 75, 100]}",COMPLETE,
191,0.025339970314199732,2026-07-30 22:28:55.601102,2026-07-30 22:28:59.097696,3.496594,0.001,0,rbf,100,100,0.001,0,3.2635294580250047,rbf,100,100,1,0.025339970314199732,191,"{'alpha_edge': [0, 0.001, 0.1, 1, 10], 'alpha_neuron': [0], 'kernel_type': ['rbf', 'matern', 'periodic'], 'layer_width': [100, 250, 500, 750, 1000], 'num_inducing': [10, 25, 50, 75, 100]}",COMPLETE,
192,0.010068750349643402,2026-07-30 22:28:59.103204,2026-07-30 22:29:10.015452,10.912248,0.1,0,periodic,500,50,0.1,0,9.780045124993194,periodic,500,50,1,0.010068750349643402,192,"{'alpha_edge': [0, 0.001, 0.1, 1, 10], 'alpha_neuron': [0], 'kernel_type': ['rbf', 'matern', 'periodic'], 'layer_width': [100, 250, 500, 750, 1000], 'num_inducing': [10, 25, 50, 75, 100]}",COMPLETE,
193,0.010457711108987125,2026-07-30 22:29:10.018634,2026-07-30 22:29:30.650872,20.632238,0.1,0,periodic,500,100,0.1,0,18.67542179202428,periodic,500,100,1,0.010457711108987125,193,"{'alpha_edge': [0, 0.001, 0.1, 1, 10], 'alpha_neuron': [0], 'kernel_type': ['rbf', 'matern', 'periodic'], 'layer_width': [100, 250, 500, 750, 1000], 'num_inducing': [10, 25, 50, 75, 100]}",COMPLETE,
194,0.017673718325507348,2026-07-30 22:29:30.653952,2026-07-30 22:29:41.789902,11.13595,0.0,0,periodic,1000,25,0.0,0,9.900475375005044,periodic,1000,25,1,0.017673718325507348,194,"{'alpha_edge': [0, 0.001, 0.1, 1, 10], 'alpha_neuron': [0], 'kernel_type': ['rbf', 'matern', 'periodic'], 'layer_width': [100, 250, 500, 750, 1000], 'num_inducing': [10, 25, 50, 75, 100]}",COMPLETE,
195,0.0068305849256867415,2026-07-30 22:29:41.818235,2026-07-30 22:29:47.712299,5.894064,1.0,0,rbf,500,25,1.0,0,5.500739292008802,rbf,500,25,1,0.0068305849256867415,195,"{'alpha_edge': [0, 0.001, 0.1, 1, 10], 'alpha_neuron': [0], 'kernel_type': ['rbf', 'matern', 'periodic'], 'layer_width': [100, 250, 500, 750, 1000], 'num_inducing': [10, 25, 50, 75, 100]}",COMPLETE,
196,0.03075660094115723,2026-07-30 22:29:47.717208,2026-07-30 22:29:57.920410,10.203202,10.0,0,periodic,250,75,10.0,0,9.143158207996748,periodic,250,75,1,0.03075660094115723,196,"{'alpha_edge': [0, 0.001, 0.1, 1, 10], 'alpha_neuron': [0], 'kernel_type': ['rbf', 'matern', 'periodic'], 'layer_width': [100, 250, 500, 750, 1000], 'num_inducing': [10, 25, 50, 75, 100]}",COMPLETE,
197,0.05798532602941274,2026-07-30 22:29:57.929164,2026-07-30 22:30:00.988312,3.059148,10.0,0,periodic,500,10,10.0,0,2.7693867909838445,periodic,500,10,1,0.05798532602941274,197,"{'alpha_edge': [0, 0.001, 0.1, 1, 10], 'alpha_neuron': [0], 'kernel_type': ['rbf', 'matern', 'periodic'], 'layer_width': [100, 250, 500, 750, 1000], 'num_inducing': [10, 25, 50, 75, 100]}",COMPLETE,
198,0.023105063328604184,2026-07-30 22:30:00.992768,2026-07-30 22:30:03.803282,2.810514,0.1,0,periodic,250,25,0.1,0,2.4569089169963263,periodic,250,25,1,0.023105063328604184,198,"{'alpha_edge': [0, 0.001, 0.1, 1, 10], 'alpha_neuron': [0], 'kernel_type': ['rbf', 'matern', 'periodic'], 'layer_width': [100, 250, 500, 750, 1000], 'num_inducing': [10, 25, 50, 75, 100]}",COMPLETE,
199,0.002021137966953659,2026-07-30 22:30:03.807520,2026-07-30 22:30:06.386576,2.579056,0.1,0,rbf,500,10,0.1,0,2.409387958003208,rbf,500,10,1,0.002021137966953659,199,"{'alpha_edge': [0, 0.001, 0.1, 1, 10], 'alpha_neuron': [0], 'kernel_type': ['rbf', 'matern', 'periodic'], 'layer_width': [100, 250, 500, 750, 1000], 'num_inducing': [10, 25, 50, 75, 100]}",COMPLETE,
200,0.036762335470523225,2026-07-30 22:30:06.389376,2026-07-30 22:30:10.775717,4.386341,0.001,0,matern,100,100,0.001,0,3.937354708032217,matern,100,100,1,0.036762335470523225,200,"{'alpha_edge': [0, 0.001, 0.1, 1, 10], 'alpha_neuron': [0], 'kernel_type': ['rbf', 'matern', 'periodic'], 'layer_width': [100, 250, 500, 750, 1000], 'num_inducing': [10, 25, 50, 75, 100]}",COMPLETE,
201,0.0052521985468299785,2026-07-30 22:30:10.778929,2026-07-30 22:30:16.122943,5.344014,0.1,0,rbf,500,25,0.1,0,4.964194707979914,rbf,500,25,1,0.0052521985468299785,201,"{'alpha_edge': [0, 0.001, 0.1, 1, 10], 'alpha_neuron': [0], 'kernel_type': ['rbf', 'matern', 'periodic'], 'layer_width': [100, 250, 500, 750, 1000], 'num_inducing': [10, 25, 50, 75, 100]}",COMPLETE,
202,0.008094109395990333,2026-07-30 22:30:16.126190,2026-07-30 22:30:22.550921,6.424731,0.001,0,rbf,250,75,0.001,0,5.996091542008799,rbf,250,75,1,0.008094109395990333,202,"{'alpha_edge': [0, 0.001, 0.1, 1, 10], 'alpha_neuron': [0], 'kernel_type': ['rbf', 'matern', 'periodic'], 'layer_width': [100, 250, 500, 750, 1000], 'num_inducing': [10, 25, 50, 75, 100]}",COMPLETE,
203,0.0016806829010191367,2026-07-30 22:30:22.554113,2026-07-30 22:30:44.313558,21.759445,0.1,0,matern,500,100,0.1,0,19.60391050000908,matern,500,100,1,0.0016806829010191367,203,"{'alpha_edge': [0, 0.001, 0.1, 1, 10], 'alpha_neuron': [0], 'kernel_type': ['rbf', 'matern', 'periodic'], 'layer_width': [100, 250, 500, 750, 1000], 'num_inducing': [10, 25, 50, 75, 100]}",COMPLETE,
204,0.009305991365035937,2026-07-30 22:30:44.317865,2026-07-30 22:31:13.815768,29.497903,10.0,0,periodic,1000,50,10.0,0,27.157531750039198,periodic,1000,50,1,0.009305991365035937,204,"{'alpha_edge': [0, 0.001, 0.1, 1, 10], 'alpha_neuron': [0], 'kernel_type': ['rbf', 'matern', 'periodic'], 'layer_width': [100, 250, 500, 750, 1000], 'num_inducing': [10, 25, 50, 75, 100]}",COMPLETE,
205,0.002973073635145608,2026-07-30 22:31:13.819041,2026-07-30 22:31:40.133900,26.314859,0.001,0,matern,750,75,0.001,0,23.737487707985565,matern,750,75,1,0.002973073635145608,205,"{'alpha_edge': [0, 0.001, 0.1, 1, 10], 'alpha_neuron': [0], 'kernel_type': ['rbf', 'matern', 'periodic'], 'layer_width': [100, 250, 500, 750, 1000], 'num_inducing': [10, 25, 50, 75, 100]}",COMPLETE,
206,0.006623888506996943,2026-07-30 22:31:40.137508,2026-07-30 22:32:00.939080,20.801572,0.1,0,periodic,750,50,0.1,0,18.814945749996696,periodic,750,50,1,0.006623888506996943,206,"{'alpha_edge': [0, 0.001, 0.1, 1, 10], 'alpha_neuron': [0], 'kernel_type': ['rbf', 'matern', 'periodic'], 'layer_width': [100, 250, 500, 750, 1000], 'num_inducing': [10, 25, 50, 75, 100]}",COMPLETE,
207,0.0012662160971936094,2026-07-30 22:32:00.942666,2026-07-30 22:32:18.104209,17.161543,1.0,0,rbf,1000,50,1.0,0,15.986039250041358,rbf,1000,50,1,0.0012662160971936094,207,"{'alpha_edge': [0, 0.001, 0.1, 1, 10], 'alpha_neuron': [0], 'kernel_type': ['rbf', 'matern', 'periodic'], 'layer_width': [100, 250, 500, 750, 1000], 'num_inducing': [10, 25, 50, 75, 100]}",COMPLETE,
208,0.06455998624628047,2026-07-30 22:32:18.109667,2026-07-30 22:32:18.699423,0.589756,10.0,0,periodic,100,10,10.0,0,0.5084447499830276,periodic,100,10,1,0.06455998624628047,208,"{'alpha_edge': [0, 0.001, 0.1, 1, 10], 'alpha_neuron': [0], 'kernel_type': ['rbf', 'matern', 'periodic'], 'layer_width': [100, 250, 500, 750, 1000], 'num_inducing': [10, 25, 50, 75, 100]}",COMPLETE,
209,0.005812678649175659,2026-07-30 22:32:18.782192,2026-07-30 22:32:21.551736,2.769544,0.001,0,matern,500,10,0.001,0,2.5539743750123307,matern,500,10,1,0.005812678649175659,209,"{'alpha_edge': [0, 0.001, 0.1, 1, 10], 'alpha_neuron': [0], 'kernel_type': ['rbf', 'matern', 'periodic'], 'layer_width': [100, 250, 500, 750, 1000], 'num_inducing': [10, 25, 50, 75, 100]}",COMPLETE,
210,0.005114117913956967,2026-07-30 22:32:21.559989,2026-07-30 22:33:14.312522,52.752533,0.001,0,periodic,1000,100,0.001,0,47.87106004101224,periodic,1000,100,1,0.005114117913956967,210,"{'alpha_edge': [0, 0.001, 0.1, 1, 10], 'alpha_neuron': [0], 'kernel_type': ['rbf', 'matern', 'periodic'], 'layer_width': [100, 250, 500, 750, 1000], 'num_inducing': [10, 25, 50, 75, 100]}",COMPLETE,
211,0.006965881807460196,2026-07-30 22:33:14.316130,2026-07-30 22:33:20.175587,5.859457,0.1,0,rbf,250,50,0.1,0,5.380801625025924,rbf,250,50,1,0.006965881807460196,211,"{'alpha_edge': [0, 0.001, 0.1, 1, 10], 'alpha_neuron': [0], 'kernel_type': ['rbf', 'matern', 'periodic'], 'layer_width': [100, 250, 500, 750, 1000], 'num_inducing': [10, 25, 50, 75, 100]}",COMPLETE,
212,0.06376103239160588,2026-07-30 22:33:20.179378,2026-07-30 22:33:22.085020,1.905642,0.1,0,rbf,100,50,0.1,0,1.715527791006025,rbf,100,50,1,0.06376103239160588,212,"{'alpha_edge': [0, 0.001, 0.1, 1, 10], 'alpha_neuron': [0], 'kernel_type': ['rbf', 'matern', 'periodic'], 'layer_width': [100, 250, 500, 750, 1000], 'num_inducing': [10, 25, 50, 75, 100]}",COMPLETE,
213,0.03655057633798862,2026-07-30 22:33:22.088099,2026-07-30 22:33:30.376482,8.288383,0.0,0,rbf,750,25,0.0,0,7.617227250011638,rbf,750,25,1,0.03655057633798862,213,"{'alpha_edge': [0, 0.001, 0.1, 1, 10], 'alpha_neuron': [0], 'kernel_type': ['rbf', 'matern', 'periodic'], 'layer_width': [100, 250, 500, 750, 1000], 'num_inducing': [10, 25, 50, 75, 100]}",COMPLETE,
214,0.0016868891697755773,2026-07-30 22:33:30.379502,2026-07-30 22:34:00.100762,29.72126,1.0,0,rbf,1000,75,1.0,0,27.623661332996562,rbf,1000,75,1,0.0016868891697755773,214,"{'alpha_edge': [0, 0.001, 0.1, 1, 10], 'alpha_neuron': [0], 'kernel_type': ['rbf', 'matern', 'periodic'], 'layer_width': [100, 250, 500, 750, 1000], 'num_inducing': [10, 25, 50, 75, 100]}",COMPLETE,
215,0.06943807350906898,2026-07-30 22:34:00.103992,2026-07-30 22:34:00.905470,0.801478,0.001,0,rbf,100,10,0.001,0,0.7245210830005817,rbf,100,10,1,0.06943807350906898,215,"{'alpha_edge': [0, 0.001, 0.1, 1, 10], 'alpha_neuron': [0], 'kernel_type': ['rbf', 'matern', 'periodic'], 'layer_width': [100, 250, 500, 750, 1000], 'num_inducing': [10, 25, 50, 75, 100]}",COMPLETE,
216,0.016204767832175088,2026-07-30 22:34:00.915639,2026-07-30 22:34:14.229874,13.314235,0.001,0,matern,250,100,0.001,0,12.223277207987849,matern,250,100,1,0.016204767832175088,216,"{'alpha_edge': [0, 0.001, 0.1, 1, 10], 'alpha_neuron': [0], 'kernel_type': ['rbf', 'matern', 'periodic'], 'layer_width': [100, 250, 500, 750, 1000], 'num_inducing': [10, 25, 50, 75, 100]}",COMPLETE,
217,0.04814015197082643,2026-07-30 22:34:14.233752,2026-07-30 22:34:18.468596,4.234844,10.0,0,rbf,100,100,10.0,0,3.7961925000417978,rbf,100,100,1,0.04814015197082643,217,"{'alpha_edge': [0, 0.001, 0.1, 1, 10], 'alpha_neuron': [0], 'kernel_type': ['rbf', 'matern', 'periodic'], 'layer_width': [100, 250, 500, 750, 1000], 'num_inducing': [10, 25, 50, 75, 100]}",COMPLETE,
218,0.027057040690395166,2026-07-30 22:34:18.480202,2026-07-30 22:34:20.340379,1.860177,0.1,0,periodic,250,10,0.1,0,1.7243438750156201,periodic,250,10,1,0.027057040690395166,218,"{'alpha_edge': [0, 0.001, 0.1, 1, 10], 'alpha_neuron': [0], 'kernel_type': ['rbf', 'matern', 'periodic'], 'layer_width': [100, 250, 500, 750, 1000], 'num_inducing': [10, 25, 50, 75, 100]}",COMPLETE,
219,0.0029373011085687935,2026-07-30 22:34:20.353286,2026-07-30 22:34:26.711902,6.358616,1.0,0,matern,500,25,1.0,0,5.651830249989871,matern,500,25,1,0.0029373011085687935,219,"{'alpha_edge': [0, 0.001, 0.1, 1, 10], 'alpha_neuron': [0], 'kernel_type': ['rbf', 'matern', 'periodic'], 'layer_width': [100, 250, 500, 750, 1000], 'num_inducing': [10, 25, 50, 75, 100]}",COMPLETE,
220,0.009387073107298173,2026-07-30 22:34:26.715778,2026-07-30 22:34:53.681585,26.965807,0.001,0,periodic,500,100,0.001,0,24.813684749999084,periodic,500,100,1,0.009387073107298173,220,"{'alpha_edge': [0, 0.001, 0.1, 1, 10], 'alpha_neuron': [0], 'kernel_type': ['rbf', 'matern', 'periodic'], 'layer_width': [100, 250, 500, 750, 1000], 'num_inducing': [10, 25, 50, 75, 100]}",COMPLETE,
221,0.06835711430587096,2026-07-30 22:34:53.685265,2026-07-30 22:35:22.024718,28.339453,10.0,0,periodic,750,75,10.0,0,25.650301790970843,periodic,750,75,1,0.06835711430587096,221,"{'alpha_edge': [0, 0.001, 0.1, 1, 10], 'alpha_neuron': [0], 'kernel_type': ['rbf', 'matern', 'periodic'], 'layer_width': [100, 250, 500, 750, 1000], 'num_inducing': [10, 25, 50, 75, 100]}",COMPLETE,
222,0.08134670734760006,2026-07-30 22:35:22.028894,2026-07-30 22:35:26.732313,4.703419,0.0,0,rbf,100,100,0.0,0,4.364068833005149,rbf,100,100,1,0.08134670734760006,222,"{'alpha_edge': [0, 0.001, 0.1, 1, 10], 'alpha_neuron': [0], 'kernel_type': ['rbf', 'matern', 'periodic'], 'layer_width': [100, 250, 500, 750, 1000], 'num_inducing': [10, 25, 50, 75, 100]}",COMPLETE,
223,0.001810805563734855,2026-07-30 22:35:26.735401,2026-07-30 22:35:36.441387,9.705986,0.001,0,rbf,1000,25,0.001,0,8.761213540972676,rbf,1000,25,1,0.001810805563734855,223,"{'alpha_edge': [0, 0.001, 0.1, 1, 10], 'alpha_neuron': [0], 'kernel_type': ['rbf', 'matern', 'periodic'], 'layer_width': [100, 250, 500, 750, 1000], 'num_inducing': [10, 25, 50, 75, 100]}",COMPLETE,
224,0.07990902054690019,2026-07-30 22:35:36.444624,2026-07-30 22:35:53.068624,16.624,0.0,0,rbf,500,100,0.0,0,15.473022166988812,rbf,500,100,1,0.07990902054690019,224,"{'alpha_edge': [0, 0.001, 0.1, 1, 10], 'alpha_neuron': [0], 'kernel_type': ['rbf', 'matern', 'periodic'], 'layer_width': [100, 250, 500, 750, 1000], 'num_inducing': [10, 25, 50, 75, 100]}",COMPLETE,
225,0.02338440119005075,2026-07-30 22:35:53.071869,2026-07-30 22:35:58.819283,5.747414,0.0,0,periodic,500,25,0.0,0,5.211008834012318,periodic,500,25,1,0.02338440119005075,225,"{'alpha_edge': [0, 0.001, 0.1, 1, 10], 'alpha_neuron': [0], 'kernel_type': ['rbf', 'matern', 'periodic'], 'layer_width': [100, 250, 500, 750, 1000], 'num_inducing': [10, 25, 50, 75, 100]}",COMPLETE,
226,0.012481712431618506,2026-07-30 22:35:58.822301,2026-07-30 22:36:15.076858,16.254557,0.0,0,periodic,750,50,0.0,0,14.63737154204864,periodic,750,50,1,0.012481712431618506,226,"{'alpha_edge': [0, 0.001, 0.1, 1, 10], 'alpha_neuron': [0], 'kernel_type': ['rbf', 'matern', 'periodic'], 'layer_width': [100, 250, 500, 750, 1000], 'num_inducing': [10, 25, 50, 75, 100]}",COMPLETE,
227,0.00967218763024132,2026-07-30 22:36:15.079995,2026-07-30 22:36:36.908750,21.828755,1.0,0,periodic,1000,50,1.0,0,19.674619665951468,periodic,1000,50,1,0.00967218763024132,227,"{'alpha_edge': [0, 0.001, 0.1, 1, 10], 'alpha_neuron': [0], 'kernel_type': ['rbf', 'matern', 'periodic'], 'layer_width': [100, 250, 500, 750, 1000], 'num_inducing': [10, 25, 50, 75, 100]}",COMPLETE,
228,0.0031073491914259577,2026-07-30 22:36:36.911883,2026-07-30 22:37:11.125726,34.213843,0.1,0,matern,750,100,0.1,0,31.20555387501372,matern,750,100,1,0.0031073491914259577,228,"{'alpha_edge': [0, 0.001, 0.1, 1, 10], 'alpha_neuron': [0], 'kernel_type': ['rbf', 'matern', 'periodic'], 'layer_width': [100, 250, 500, 750, 1000], 'num_inducing': [10, 25, 50, 75, 100]}",COMPLETE,
229,0.04045312429714952,2026-07-30 22:37:11.133171,2026-07-30 22:37:15.092034,3.958863,0.1,0,rbf,100,100,0.1,0,3.657375000009779,rbf,100,100,1,0.04045312429714952,229,"{'alpha_edge': [0, 0.001, 0.1, 1, 10], 'alpha_neuron': [0], 'kernel_type': ['rbf', 'matern', 'periodic'], 'layer_width': [100, 250, 500, 750, 1000], 'num_inducing': [10, 25, 50, 75, 100]}",COMPLETE,
230,0.005958872504420555,2026-07-30 22:37:15.095684,2026-07-30 22:37:22.912241,7.816557,1.0,0,rbf,250,75,1.0,0,7.180634125019424,rbf,250,75,1,0.005958872504420555,230,"{'alpha_edge': [0, 0.001, 0.1, 1, 10], 'alpha_neuron': [0], 'kernel_type': ['rbf', 'matern', 'periodic'], 'layer_width': [100, 250, 500, 750, 1000], 'num_inducing': [10, 25, 50, 75, 100]}",COMPLETE,
231,0.04337840399982282,2026-07-30 22:37:22.917772,2026-07-30 22:37:35.259972,12.3422,1.0,0,periodic,500,50,1.0,0,11.353797540999949,periodic,500,50,1,0.04337840399982282,231,"{'alpha_edge': [0, 0.001, 0.1, 1, 10], 'alpha_neuron': [0], 'kernel_type': ['rbf', 'matern', 'periodic'], 'layer_width': [100, 250, 500, 750, 1000], 'num_inducing': [10, 25, 50, 75, 100]}",COMPLETE,
232,0.09651412632588392,2026-07-30 22:37:35.265756,2026-07-30 22:37:37.486975,2.221219,1.0,0,matern,100,50,1.0,0,2.0203316250117496,matern,100,50,1,0.09651412632588392,232,"{'alpha_edge': [0, 0.001, 0.1, 1, 10], 'alpha_neuron': [0], 'kernel_type': ['rbf', 'matern', 'periodic'], 'layer_width': [100, 250, 500, 750, 1000], 'num_inducing': [10, 25, 50, 75, 100]}",COMPLETE,
233,0.0029714026564348654,2026-07-30 22:37:37.490168,2026-07-30 22:38:14.446170,36.956002,10.0,0,matern,1000,75,10.0,0,33.49578991701128,matern,1000,75,1,0.0029714026564348654,233,"{'alpha_edge': [0, 0.001, 0.1, 1, 10], 'alpha_neuron': [0], 'kernel_type': ['rbf', 'matern', 'periodic'], 'layer_width': [100, 250, 500, 750, 1000], 'num_inducing': [10, 25, 50, 75, 100]}",COMPLETE,
234,0.004751787257250459,2026-07-30 22:38:14.449902,2026-07-30 22:38:19.407934,4.958032,0.0,0,matern,750,10,0.0,0,4.58170804195106,matern,750,10,1,0.004751787257250459,234,"{'alpha_edge': [0, 0.001, 0.1, 1, 10], 'alpha_neuron': [0], 'kernel_type': ['rbf', 'matern', 'periodic'], 'layer_width': [100, 250, 500, 750, 1000], 'num_inducing': [10, 25, 50, 75, 100]}",COMPLETE,
235,0.006255233584039168,2026-07-30 22:38:19.417312,2026-07-30 22:38:31.383608,11.966296,0.001,0,matern,500,50,0.001,0,10.950921583047602,matern,500,50,1,0.006255233584039168,235,"{'alpha_edge': [0, 0.001, 0.1, 1, 10], 'alpha_neuron': [0], 'kernel_type': ['rbf', 'matern', 'periodic'], 'layer_width': [100, 250, 500, 750, 1000], 'num_inducing': [10, 25, 50, 75, 100]}",COMPLETE,
236,0.13755195865056208,2026-07-30 22:38:31.387320,2026-07-30 22:38:43.469415,12.082095,0.0,0,rbf,500,75,0.0,0,11.156119167048018,rbf,500,75,1,0.13755195865056208,236,"{'alpha_edge': [0, 0.001, 0.1, 1, 10], 'alpha_neuron': [0], 'kernel_type': ['rbf', 'matern', 'periodic'], 'layer_width': [100, 250, 500, 750, 1000], 'num_inducing': [10, 25, 50, 75, 100]}",COMPLETE,
237,0.01451461383575541,2026-07-30 22:38:43.475617,2026-07-30 22:38:48.910293,5.434676,0.001,0,matern,250,50,0.001,0,4.982888082973659,matern,250,50,1,0.01451461383575541,237,"{'alpha_edge': [0, 0.001, 0.1, 1, 10], 'alpha_neuron': [0], 'kernel_type': ['rbf', 'matern', 'periodic'], 'layer_width': [100, 250, 500, 750, 1000], 'num_inducing': [10, 25, 50, 75, 100]}",COMPLETE,
238,0.04604333178143365,2026-07-30 22:38:48.913357,2026-07-30 22:38:49.859838,0.946481,1.0,0,rbf,100,25,1.0,0,0.8712682499899529,rbf,100,25,1,0.04604333178143365,238,"{'alpha_edge': [0, 0.001, 0.1, 1, 10], 'alpha_neuron': [0], 'kernel_type': ['rbf', 'matern', 'periodic'], 'layer_width': [100, 250, 500, 750, 1000], 'num_inducing': [10, 25, 50, 75, 100]}",COMPLETE,
239,0.003801706370362447,2026-07-30 22:38:49.862845,2026-07-30 22:39:09.164883,19.302038,10.0,0,matern,750,50,10.0,0,17.573124667047523,matern,750,50,1,0.003801706370362447,239,"{'alpha_edge': [0, 0.001, 0.1, 1, 10], 'alpha_neuron': [0], 'kernel_type': ['rbf', 'matern', 'periodic'], 'layer_width': [100, 250, 500, 750, 1000], 'num_inducing': [10, 25, 50, 75, 100]}",COMPLETE,
240,0.09903221527284366,2026-07-30 22:39:09.169253,2026-07-30 22:39:11.563902,2.394649,0.0,0,rbf,100,75,0.0,0,2.2326159160002135,rbf,100,75,1,0.09903221527284366,240,"{'alpha_edge': [0, 0.001, 0.1, 1, 10], 'alpha_neuron': [0], 'kernel_type': ['rbf', 'matern', 'periodic'], 'layer_width': [100, 250, 500, 750, 1000], 'num_inducing': [10, 25, 50, 75, 100]}",COMPLETE,
241,0.09701178032563941,2026-07-30 22:39:11.566965,2026-07-30 22:39:13.617540,2.050575,0.0,0,rbf,100,50,0.0,0,1.9411649579997174,rbf,100,50,1,0.09701178032563941,241,"{'alpha_edge': [0, 0.001, 0.1, 1, 10], 'alpha_neuron': [0], 'kernel_type': ['rbf', 'matern', 'periodic'], 'layer_width': [100, 250, 500, 750, 1000], 'num_inducing': [10, 25, 50, 75, 100]}",COMPLETE,
242,0.039691319561918785,2026-07-30 22:39:13.620691,2026-07-30 22:39:14.375729,0.755038,0.001,0,periodic,100,10,0.001,0,0.6718121669837274,periodic,100,10,1,0.039691319561918785,242,"{'alpha_edge': [0, 0.001, 0.1, 1, 10], 'alpha_neuron': [0], 'kernel_type': ['rbf', 'matern', 'periodic'], 'layer_width': [100, 250, 500, 750, 1000], 'num_inducing': [10, 25, 50, 75, 100]}",COMPLETE,
243,0.023777079289184176,2026-07-30 22:39:14.380226,2026-07-30 22:39:58.213627,43.833401,0.0,0,rbf,1000,100,0.0,0,40.979828291980084,rbf,1000,100,1,0.023777079289184176,243,"{'alpha_edge': [0, 0.001, 0.1, 1, 10], 'alpha_neuron': [0], 'kernel_type': ['rbf', 'matern', 'periodic'], 'layer_width': [100, 250, 500, 750, 1000], 'num_inducing': [10, 25, 50, 75, 100]}",COMPLETE,
244,0.015168960852042201,2026-07-30 22:39:58.219753,2026-07-30 22:40:00.159212,1.939459,0.0,0,matern,250,10,0.0,0,1.8395767500041984,matern,250,10,1,0.015168960852042201,244,"{'alpha_edge': [0, 0.001, 0.1, 1, 10], 'alpha_neuron': [0], 'kernel_type': ['rbf', 'matern', 'periodic'], 'layer_width': [100, 250, 500, 750, 1000], 'num_inducing': [10, 25, 50, 75, 100]}",COMPLETE,
245,0.027340643051054048,2026-07-30 22:40:00.169356,2026-07-30 22:40:02.394146,2.22479,0.001,0,rbf,100,50,0.001,0,2.0868935830076225,rbf,100,50,1,0.027340643051054048,245,"{'alpha_edge': [0, 0.001, 0.1, 1, 10], 'alpha_neuron': [0], 'kernel_type': ['rbf', 'matern', 'periodic'], 'layer_width': [100, 250, 500, 750, 1000], 'num_inducing': [10, 25, 50, 75, 100]}",COMPLETE,
246,0.008293578640888215,2026-07-30 22:40:02.397812,2026-07-30 22:40:07.501154,5.103342,1.0,0,rbf,250,50,1.0,0,4.742813666991424,rbf,250,50,1,0.008293578640888215,246,"{'alpha_edge': [0, 0.001, 0.1, 1, 10], 'alpha_neuron': [0], 'kernel_type': ['rbf', 'matern', 'periodic'], 'layer_width': [100, 250, 500, 750, 1000], 'num_inducing': [10, 25, 50, 75, 100]}",COMPLETE,
247,0.00457200989134928,2026-07-30 22:40:07.504899,2026-07-30 22:40:26.875984,19.371085,0.1,0,matern,500,75,0.1,0,17.454931208048947,matern,500,75,1,0.00457200989134928,247,"{'alpha_edge': [0, 0.001, 0.1, 1, 10], 'alpha_neuron': [0], 'kernel_type': ['rbf', 'matern', 'periodic'], 'layer_width': [100, 250, 500, 750, 1000], 'num_inducing': [10, 25, 50, 75, 100]}",COMPLETE,
248,0.013149418439184697,2026-07-30 22:40:26.883618,2026-07-30 22:40:38.094053,11.210435,0.1,0,matern,250,100,0.1,0,10.212243125017267,matern,250,100,1,0.013149418439184697,248,"{'alpha_edge': [0, 0.001, 0.1, 1, 10], 'alpha_neuron': [0], 'kernel_type': ['rbf', 'matern', 'periodic'], 'layer_width': [100, 250, 500, 750, 1000], 'num_inducing': [10, 25, 50, 75, 100]}",COMPLETE,
249,0.002625774236779244,2026-07-30 22:40:38.097047,2026-07-30 22:40:48.637059,10.540012,10.0,0,matern,1000,25,10.0,0,9.577761874999851,matern,1000,25,1,0.002625774236779244,249,"{'alpha_edge': [0, 0.001, 0.1, 1, 10], 'alpha_neuron': [0], 'kernel_type': ['rbf', 'matern', 'periodic'], 'layer_width': [100, 250, 500, 750, 1000], 'num_inducing': [10, 25, 50, 75, 100]}",COMPLETE,
250,0.02774324836916694,2026-07-30 22:40:48.640261,2026-07-30 22:40:51.784482,3.144221,1.0,0,periodic,250,25,1.0,0,2.885194457951002,periodic,250,25,1,0.02774324836916694,250,"{'alpha_edge': [0, 0.001, 0.1, 1, 10], 'alpha_neuron': [0], 'kernel_type': ['rbf', 'matern', 'periodic'], 'layer_width': [100, 250, 500, 750, 1000], 'num_inducing': [10, 25, 50, 75, 100]}",COMPLETE,
251,0.0516316849607025,2026-07-30 22:40:51.788080,2026-07-30 22:40:56.057760,4.26968,10.0,0,periodic,100,100,10.0,0,3.8586532499757595,periodic,100,100,1,0.0516316849607025,251,"{'alpha_edge': [0, 0.001, 0.1, 1, 10], 'alpha_neuron': [0], 'kernel_type': ['rbf', 'matern', 'periodic'], 'layer_width': [100, 250, 500, 750, 1000], 'num_inducing': [10, 25, 50, 75, 100]}",COMPLETE,
252,0.03882009457161464,2026-07-30 22:40:56.061305,2026-07-30 22:41:21.547636,25.486331,0.0,0,rbf,750,100,0.0,0,23.710948334017303,rbf,750,100,1,0.03882009457161464,252,"{'alpha_edge': [0, 0.001, 0.1, 1, 10], 'alpha_neuron': [0], 'kernel_type': ['rbf', 'matern', 'periodic'], 'layer_width': [100, 250, 500, 750, 1000], 'num_inducing': [10, 25, 50, 75, 100]}",COMPLETE,
253,0.002206079345826848,2026-07-30 22:41:21.550714,2026-07-30 22:41:44.526472,22.975758,10.0,0,rbf,750,100,10.0,0,21.264049542020075,rbf,750,100,1,0.002206079345826848,253,"{'alpha_edge': [0, 0.001, 0.1, 1, 10], 'alpha_neuron': [0], 'kernel_type': ['rbf', 'matern', 'periodic'], 'layer_width': [100, 250, 500, 750, 1000], 'num_inducing': [10, 25, 50, 75, 100]}",COMPLETE,
254,0.0024619718405806176,2026-07-30 22:41:44.529396,2026-07-30 22:41:53.043167,8.513771,10.0,0,rbf,1000,25,10.0,0,7.655159374990035,rbf,1000,25,1,0.0024619718405806176,254,"{'alpha_edge': [0, 0.001, 0.1, 1, 10], 'alpha_neuron': [0], 'kernel_type': ['rbf', 'matern', 'periodic'], 'layer_width': [100, 250, 500, 750, 1000], 'num_inducing': [10, 25, 50, 75, 100]}",COMPLETE,
255,0.01272388733792279,2026-07-30 22:41:53.046196,2026-07-30 22:41:58.326836,5.28064,0.1,0,matern,250,50,0.1,0,4.881910416006576,matern,250,50,1,0.01272388733792279,255,"{'alpha_edge': [0, 0.001, 0.1, 1, 10], 'alpha_neuron': [0], 'kernel_type': ['rbf', 'matern', 'periodic'], 'layer_width': [100, 250, 500, 750, 1000], 'num_inducing': [10, 25, 50, 75, 100]}",COMPLETE,
256,0.0078632648861655,2026-07-30 22:41:58.329582,2026-07-30 22:42:01.076978,2.747396,10.0,0,matern,250,25,10.0,0,2.4793297910364345,matern,250,25,1,0.0078632648861655,256,"{'alpha_edge': [0, 0.001, 0.1, 1, 10], 'alpha_neuron': [0], 'kernel_type': ['rbf', 'matern', 'periodic'], 'layer_width': [100, 250, 500, 750, 1000], 'num_inducing': [10, 25, 50, 75, 100]}",COMPLETE,
257,0.008063853287931444,2026-07-30 22:42:01.079514,2026-07-30 22:42:02.065780,0.986266,0.001,0,rbf,250,10,0.001,0,0.8883100000093691,rbf,250,10,1,0.008063853287931444,257,"{'alpha_edge': [0, 0.001, 0.1, 1, 10], 'alpha_neuron': [0], 'kernel_type': ['rbf', 'matern', 'periodic'], 'layer_width': [100, 250, 500, 750, 1000], 'num_inducing': [10, 25, 50, 75, 100]}",COMPLETE,
258,0.007721165666169984,2026-07-30 22:42:02.069151,2026-07-30 22:42:10.434330,8.365179,1.0,0,matern,250,75,1.0,0,7.656295457971282,matern,250,75,1,0.007721165666169984,258,"{'alpha_edge': [0, 0.001, 0.1, 1, 10], 'alpha_neuron': [0], 'kernel_type': ['rbf', 'matern', 'periodic'], 'layer_width': [100, 250, 500, 750, 1000], 'num_inducing': [10, 25, 50, 75, 100]}",COMPLETE,
259,0.2182075911589777,2026-07-30 22:42:10.437499,2026-07-30 22:42:15.886824,5.449325,0.0,0,rbf,500,25,0.0,0,4.939963583019562,rbf,500,25,1,0.2182075911589777,259,"{'alpha_edge': [0, 0.001, 0.1, 1, 10], 'alpha_neuron': [0], 'kernel_type': ['rbf', 'matern', 'periodic'], 'layer_width': [100, 250, 500, 750, 1000], 'num_inducing': [10, 25, 50, 75, 100]}",COMPLETE,
260,0.0425063400811353,2026-07-30 22:42:15.937498,2026-07-30 22:42:20.592036,4.654538,1.0,0,periodic,100,75,1.0,0,4.251311791012995,periodic,100,75,1,0.0425063400811353,260,"{'alpha_edge': [0, 0.001, 0.1, 1, 10], 'alpha_neuron': [0], 'kernel_type': ['rbf', 'matern', 'periodic'], 'layer_width': [100, 250, 500, 750, 1000], 'num_inducing': [10, 25, 50, 75, 100]}",COMPLETE,
261,0.006130712357763669,2026-07-30 22:42:20.595204,2026-07-30 22:42:26.380866,5.785662,0.001,0,rbf,500,25,0.001,0,5.281158542027697,rbf,500,25,1,0.006130712357763669,261,"{'alpha_edge': [0, 0.001, 0.1, 1, 10], 'alpha_neuron': [0], 'kernel_type': ['rbf', 'matern', 'periodic'], 'layer_width': [100, 250, 500, 750, 1000], 'num_inducing': [10, 25, 50, 75, 100]}",COMPLETE,
262,0.01126598455250203,2026-07-30 22:42:26.388324,2026-07-30 22:42:32.824292,6.435968,0.0,0,matern,500,25,0.0,0,5.92386520904256,matern,500,25,1,0.01126598455250203,262,"{'alpha_edge': [0, 0.001, 0.1, 1, 10], 'alpha_neuron': [0], 'kernel_type': ['rbf', 'matern', 'periodic'], 'layer_width': [100, 250, 500, 750, 1000], 'num_inducing': [10, 25, 50, 75, 100]}",COMPLETE,
263,0.03125322201666831,2026-07-30 22:42:32.827203,2026-07-30 22:42:44.265059,11.437856,10.0,0,periodic,250,50,10.0,0,10.497668707976118,periodic,250,50,1,0.03125322201666831,263,"{'alpha_edge': [0, 0.001, 0.1, 1, 10], 'alpha_neuron': [0], 'kernel_type': ['rbf', 'matern', 'periodic'], 'layer_width': [100, 250, 500, 750, 1000], 'num_inducing': [10, 25, 50, 75, 100]}",COMPLETE,
264,0.04160811147144052,2026-07-30 22:42:44.278672,2026-07-30 22:42:56.287709,12.009037,0.0,0,periodic,250,75,0.0,0,10.80999633402098,periodic,250,75,1,0.04160811147144052,264,"{'alpha_edge': [0, 0.001, 0.1, 1, 10], 'alpha_neuron': [0], 'kernel_type': ['rbf', 'matern', 'periodic'], 'layer_width': [100, 250, 500, 750, 1000], 'num_inducing': [10, 25, 50, 75, 100]}",COMPLETE,
265,0.004772229676048199,2026-07-30 22:42:56.293374,2026-07-30 22:43:09.374275,13.080901,0.0,0,matern,750,25,0.0,0,12.104244542017113,matern,750,25,1,0.004772229676048199,265,"{'alpha_edge': [0, 0.001, 0.1, 1, 10], 'alpha_neuron': [0], 'kernel_type': ['rbf', 'matern', 'periodic'], 'layer_width': [100, 250, 500, 750, 1000], 'num_inducing': [10, 25, 50, 75, 100]}",COMPLETE,
266,0.06835220602576615,2026-07-30 22:43:09.377731,2026-07-30 22:43:10.008853,0.631122,0.0,0,periodic,100,10,0.0,0,0.5616444579791278,periodic,100,10,1,0.06835220602576615,266,"{'alpha_edge': [0, 0.001, 0.1, 1, 10], 'alpha_neuron': [0], 'kernel_type': ['rbf', 'matern', 'periodic'], 'layer_width': [100, 250, 500, 750, 1000], 'num_inducing': [10, 25, 50, 75, 100]}",COMPLETE,
267,0.012646124193912062,2026-07-30 22:43:10.012167,2026-07-30 22:43:21.814874,11.802707,0.1,0,periodic,250,100,0.1,0,10.657001250016037,periodic,250,100,1,0.012646124193912062,267,"{'alpha_edge': [0, 0.001, 0.1, 1, 10], 'alpha_neuron': [0], 'kernel_type': ['rbf', 'matern', 'periodic'], 'layer_width': [100, 250, 500, 750, 1000], 'num_inducing': [10, 25, 50, 75, 100]}",COMPLETE,
268,0.03772802572786084,2026-07-30 22:43:21.817597,2026-07-30 22:43:28.853253,7.035656,1.0,0,periodic,1000,10,1.0,0,6.3513878749799915,periodic,1000,10,1,0.03772802572786084,268,"{'alpha_edge': [0, 0.001, 0.1, 1, 10], 'alpha_neuron': [0], 'kernel_type': ['rbf', 'matern', 'periodic'], 'layer_width': [100, 250, 500, 750, 1000], 'num_inducing': [10, 25, 50, 75, 100]}",COMPLETE,
269,0.015010522029328417,2026-07-30 22:43:28.856143,2026-07-30 22:43:59.992707,31.136564,1.0,0,periodic,750,100,1.0,0,28.230981250002515,periodic,750,100,1,0.015010522029328417,269,"{'alpha_edge': [0, 0.001, 0.1, 1, 10], 'alpha_neuron': [0], 'kernel_type': ['rbf', 'matern', 'periodic'], 'layer_width': [100, 250, 500, 750, 1000], 'num_inducing': [10, 25, 50, 75, 100]}",COMPLETE,
270,0.013727715970808619,2026-07-30 22:44:00.004278,2026-07-30 22:44:05.166522,5.162244,10.0,0,rbf,250,75,10.0,0,4.827538250014186,rbf,250,75,1,0.013727715970808619,270,"{'alpha_edge': [0, 0.001, 0.1, 1, 10], 'alpha_neuron': [0], 'kernel_type': ['rbf', 'matern', 'periodic'], 'layer_width': [100, 250, 500, 750, 1000], 'num_inducing': [10, 25, 50, 75, 100]}",COMPLETE,
271,0.0013101010527376466,2026-07-30 22:44:05.170123,2026-07-30 22:44:32.942230,27.772107,0.001,0,matern,1000,75,0.001,0,25.25315079104621,matern,1000,75,1,0.0013101010527376466,271,"{'alpha_edge': [0, 0.001, 0.1, 1, 10], 'alpha_neuron': [0], 'kernel_type': ['rbf', 'matern', 'periodic'], 'layer_width': [100, 250, 500, 750, 1000], 'num_inducing': [10, 25, 50, 75, 100]}",COMPLETE,
272,0.006273377436816135,2026-07-30 22:44:32.945536,2026-07-30 22:44:57.475229,24.529693,0.1,0,periodic,1000,50,0.1,0,22.115671916981228,periodic,1000,50,1,0.006273377436816135,272,"{'alpha_edge': [0, 0.001, 0.1, 1, 10], 'alpha_neuron': [0], 'kernel_type': ['rbf', 'matern', 'periodic'], 'layer_width': [100, 250, 500, 750, 1000], 'num_inducing': [10, 25, 50, 75, 100]}",COMPLETE,
273,0.025828766549453895,2026-07-30 22:44:57.480689,2026-07-30 22:45:08.639269,11.15858,0.0,0,periodic,500,50,0.0,0,10.011379458010197,periodic,500,50,1,0.025828766549453895,273,"{'alpha_edge': [0, 0.001, 0.1, 1, 10], 'alpha_neuron': [0], 'kernel_type': ['rbf', 'matern', 'periodic'], 'layer_width': [100, 250, 500, 750, 1000], 'num_inducing': [10, 25, 50, 75, 100]}",COMPLETE,
274,0.08874451787193759,2026-07-30 22:45:08.642593,2026-07-30 22:45:15.136018,6.493425,1.0,0,periodic,250,50,1.0,0,5.606025916989893,periodic,250,50,1,0.08874451787193759,274,"{'alpha_edge': [0, 0.001, 0.1, 1, 10], 'alpha_neuron': [0], 'kernel_type': ['rbf', 'matern', 'periodic'], 'layer_width': [100, 250, 500, 750, 1000], 'num_inducing': [10, 25, 50, 75, 100]}",COMPLETE,
275,0.02305661623522289,2026-07-30 22:45:15.139051,2026-07-30 22:45:17.457451,2.3184,0.001,0,periodic,250,10,0.001,0,2.1749074169783853,periodic,250,10,1,0.02305661623522289,275,"{'alpha_edge': [0, 0.001, 0.1, 1, 10], 'alpha_neuron': [0], 'kernel_type': ['rbf', 'matern', 'periodic'], 'layer_width': [100, 250, 500, 750, 1000], 'num_inducing': [10, 25, 50, 75, 100]}",COMPLETE,
276,0.006227998752668333,2026-07-30 22:45:17.461717,2026-07-30 22:45:32.557772,15.096055,0.1,0,matern,500,50,0.1,0,14.045987999998033,matern,500,50,1,0.006227998752668333,276,"{'alpha_edge': [0, 0.001, 0.1, 1, 10], 'alpha_neuron': [0], 'kernel_type': ['rbf', 'matern', 'periodic'], 'layer_width': [100, 250, 500, 750, 1000], 'num_inducing': [10, 25, 50, 75, 100]}",COMPLETE,
277,0.025114567778181645,2026-07-30 22:45:32.562275,2026-07-30 22:46:01.437872,28.875597,0.0,0,rbf,1000,75,0.0,0,27.044499333016574,rbf,1000,75,1,0.025114567778181645,277,"{'alpha_edge': [0, 0.001, 0.1, 1, 10], 'alpha_neuron': [0], 'kernel_type': ['rbf', 'matern', 'periodic'], 'layer_width': [100, 250, 500, 750, 1000], 'num_inducing': [10, 25, 50, 75, 100]}",COMPLETE,
278,0.008868999042207105,2026-07-30 22:46:01.442307,2026-07-30 22:46:27.320739,25.878432,0.0,0,matern,750,75,0.0,0,23.781593332998455,matern,750,75,1,0.008868999042207105,278,"{'alpha_edge': [0, 0.001, 0.1, 1, 10], 'alpha_neuron': [0], 'kernel_type': ['rbf', 'matern', 'periodic'], 'layer_width': [100, 250, 500, 750, 1000], 'num_inducing': [10, 25, 50, 75, 100]}",COMPLETE,
279,0.08045263537291716,2026-07-30 22:46:27.325993,2026-07-30 22:46:27.735978,0.409985,0.0,0,rbf,100,10,0.0,0,0.3747647500131279,rbf,100,10,1,0.08045263537291716,279,"{'alpha_edge': [0, 0.001, 0.1, 1, 10], 'alpha_neuron': [0], 'kernel_type': ['rbf', 'matern', 'periodic'], 'layer_width': [100, 250, 500, 750, 1000], 'num_inducing': [10, 25, 50, 75, 100]}",COMPLETE,
280,0.048802606721377234,2026-07-30 22:46:27.738812,2026-07-30 22:46:28.848300,1.109488,0.1,0,periodic,100,25,0.1,0,0.9996604999760166,periodic,100,25,1,0.048802606721377234,280,"{'alpha_edge': [0, 0.001, 0.1, 1, 10], 'alpha_neuron': [0], 'kernel_type': ['rbf', 'matern', 'periodic'], 'layer_width': [100, 250, 500, 750, 1000], 'num_inducing': [10, 25, 50, 75, 100]}",COMPLETE,
281,0.0005170824804526617,2026-07-30 22:46:28.851588,2026-07-30 22:46:33.651547,4.799959,10.0,0,rbf,750,10,10.0,0,4.283339625049848,rbf,750,10,1,0.0005170824804526617,281,"{'alpha_edge': [0, 0.001, 0.1, 1, 10], 'alpha_neuron': [0], 'kernel_type': ['rbf', 'matern', 'periodic'], 'layer_width': [100, 250, 500, 750, 1000], 'num_inducing': [10, 25, 50, 75, 100]}",COMPLETE,0.005885402814328815
282,0.0007023509845191178,2026-07-30 22:46:33.655956,2026-07-30 22:47:04.388924,30.732968,0.001,0,rbf,1000,75,0.001,0,28.792640708037652,rbf,1000,75,1,0.0007023509845191178,282,"{'alpha_edge': [0, 0.001, 0.1, 1, 10], 'alpha_neuron': [0], 'kernel_type': ['rbf', 'matern', 'periodic'], 'layer_width': [100, 250, 500, 750, 1000], 'num_inducing': [10, 25, 50, 75, 100]}",COMPLETE,
283,0.020955178236661213,2026-07-30 22:47:04.392098,2026-07-30 22:47:07.935604,3.543506,0.1,0,matern,100,75,0.1,0,3.312290334026329,matern,100,75,1,0.020955178236661213,283,"{'alpha_edge': [0, 0.001, 0.1, 1, 10], 'alpha_neuron': [0], 'kernel_type': ['rbf', 'matern', 'periodic'], 'layer_width': [100, 250, 500, 750, 1000], 'num_inducing': [10, 25, 50, 75, 100]}",COMPLETE,
284,0.007191703671929529,2026-07-30 22:47:07.938499,2026-07-30 22:47:10.561919,2.62342,1.0,0,matern,250,25,1.0,0,2.4396304169786163,matern,250,25,1,0.007191703671929529,284,"{'alpha_edge': [0, 0.001, 0.1, 1, 10], 'alpha_neuron': [0], 'kernel_type': ['rbf', 'matern', 'periodic'], 'layer_width': [100, 250, 500, 750, 1000], 'num_inducing': [10, 25, 50, 75, 100]}",COMPLETE,
285,0.0009300644738800005,2026-07-30 22:47:10.564678,2026-07-30 22:47:42.007149,31.442471,0.001,0,rbf,750,100,0.001,0,29.818244500027504,rbf,750,100,1,0.0009300644738800005,285,"{'alpha_edge': [0, 0.001, 0.1, 1, 10], 'alpha_neuron': [0], 'kernel_type': ['rbf', 'matern', 'periodic'], 'layer_width': [100, 250, 500, 750, 1000], 'num_inducing': [10, 25, 50, 75, 100]}",COMPLETE,
286,0.0009046513021540025,2026-07-30 22:47:42.010898,2026-07-30 22:48:18.928776,36.917878,10.0,0,matern,750,100,10.0,0,34.63135879102629,matern,750,100,1,0.0009046513021540025,286,"{'alpha_edge': [0, 0.001, 0.1, 1, 10], 'alpha_neuron': [0], 'kernel_type': ['rbf', 'matern', 'periodic'], 'layer_width': [100, 250, 500, 750, 1000], 'num_inducing': [10, 25, 50, 75, 100]}",COMPLETE,
287,0.0036012885378561696,2026-07-30 22:48:18.931975,2026-07-30 22:48:23.963285,5.03131,0.001,0,rbf,1000,10,0.001,0,4.57628354197368,rbf,1000,10,1,0.0036012885378561696,287,"{'alpha_edge': [0, 0.001, 0.1, 1, 10], 'alpha_neuron': [0], 'kernel_type': ['rbf', 'matern', 'periodic'], 'layer_width': [100, 250, 500, 750, 1000], 'num_inducing': [10, 25, 50, 75, 100]}",COMPLETE,
288,0.07304321960605901,2026-07-30 22:48:23.966292,2026-07-30 22:48:24.831787,0.865495,10.0,0,matern,100,25,10.0,0,0.7804579579969868,matern,100,25,1,0.07304321960605901,288,"{'alpha_edge': [0, 0.001, 0.1, 1, 10], 'alpha_neuron': [0], 'kernel_type': ['rbf', 'matern', 'periodic'], 'layer_width': [100, 250, 500, 750, 1000], 'num_inducing': [10, 25, 50, 75, 100]}",COMPLETE,
289,0.0022611534377201714,2026-07-30 22:48:24.834642,2026-07-30 22:48:50.139124,25.304482,0.1,0,rbf,750,100,0.1,0,23.437731707992498,rbf,750,100,1,0.0022611534377201714,289,"{'alpha_edge': [0, 0.001, 0.1, 1, 10], 'alpha_neuron': [0], 'kernel_type': ['rbf', 'matern', 'periodic'], 'layer_width': [100, 250, 500, 750, 1000], 'num_inducing': [10, 25, 50, 75, 100]}",COMPLETE,
290,0.027144696622600505,2026-07-30 22:48:50.144243,2026-07-30 22:49:22.105871,31.961628,0.0,0,periodic,750,100,0.0,0,28.959538166993298,periodic,750,100,1,0.027144696622600505,290,"{'alpha_edge': [0, 0.001, 0.1, 1, 10], 'alpha_neuron': [0], 'kernel_type': ['rbf', 'matern', 'periodic'], 'layer_width': [100, 250, 500, 750, 1000], 'num_inducing': [10, 25, 50, 75, 100]}",COMPLETE,
291,0.007485054234894376,2026-07-30 22:49:22.108973,2026-07-30 22:49:49.590042,27.481069,0.0,0,matern,1000,75,0.0,0,25.22780416702153,matern,1000,75,1,0.007485054234894376,291,"{'alpha_edge': [0, 0.001, 0.1, 1, 10], 'alpha_neuron': [0], 'kernel_type': ['rbf', 'matern', 'periodic'], 'layer_width': [100, 250, 500, 750, 1000], 'num_inducing': [10, 25, 50, 75, 100]}",COMPLETE,
292,0.02400510661537069,2026-07-30 22:49:49.594128,2026-07-30 22:49:54.675617,5.081489,0.1,0,periodic,250,50,0.1,0,4.63671220804099,periodic,250,50,1,0.02400510661537069,292,"{'alpha_edge': [0, 0.001, 0.1, 1, 10], 'alpha_neuron': [0], 'kernel_type': ['rbf', 'matern', 'periodic'], 'layer_width': [100, 250, 500, 750, 1000], 'num_inducing': [10, 25, 50, 75, 100]}",COMPLETE,
293,0.03567699282257399,2026-07-30 22:49:54.678490,2026-07-30 22:49:58.790206,4.111716,1.0,0,periodic,100,100,1.0,0,3.760424542007968,periodic,100,100,1,0.03567699282257399,293,"{'alpha_edge': [0, 0.001, 0.1, 1, 10], 'alpha_neuron': [0], 'kernel_type': ['rbf', 'matern', 'periodic'], 'layer_width': [100, 250, 500, 750, 1000], 'num_inducing': [10, 25, 50, 75, 100]}",COMPLETE,
294,0.08097553475708447,2026-07-30 22:49:58.793135,2026-07-30 22:50:00.387364,1.594229,1.0,0,rbf,100,50,1.0,0,1.478681708977092,rbf,100,50,1,0.08097553475708447,294,"{'alpha_edge': [0, 0.001, 0.1, 1, 10], 'alpha_neuron': [0], 'kernel_type': ['rbf', 'matern', 'periodic'], 'layer_width': [100, 250, 500, 750, 1000], 'num_inducing': [10, 25, 50, 75, 100]}",COMPLETE,
295,0.0053374073903436035,2026-07-30 22:50:00.390297,2026-07-30 22:50:30.076718,29.686421,0.001,0,periodic,1000,75,0.001,0,26.76468758401461,periodic,1000,75,1,0.0053374073903436035,295,"{'alpha_edge': [0, 0.001, 0.1, 1, 10], 'alpha_neuron': [0], 'kernel_type': ['rbf', 'matern', 'periodic'], 'layer_width': [100, 250, 500, 750, 1000], 'num_inducing': [10, 25, 50, 75, 100]}",COMPLETE,
296,0.0070069338719822875,2026-07-30 22:50:30.079941,2026-07-30 22:50:52.383908,22.303967,0.001,0,periodic,750,75,0.001,0,20.30903258296894,periodic,750,75,1,0.0070069338719822875,296,"{'alpha_edge': [0, 0.001, 0.1, 1, 10], 'alpha_neuron': [0], 'kernel_type': ['rbf', 'matern', 'periodic'], 'layer_width': [100, 250, 500, 750, 1000], 'num_inducing': [10, 25, 50, 75, 100]}",COMPLETE,
297,0.01679149362066631,2026-07-30 22:50:52.386938,2026-07-30 22:50:53.585081,1.198143,0.1,0,matern,250,10,0.1,0,1.105486791988369,matern,250,10,1,0.01679149362066631,297,"{'alpha_edge': [0, 0.001, 0.1, 1, 10], 'alpha_neuron': [0], 'kernel_type': ['rbf', 'matern', 'periodic'], 'layer_width': [100, 250, 500, 750, 1000], 'num_inducing': [10, 25, 50, 75, 100]}",COMPLETE,
298,0.017924330060713894,2026-07-30 22:50:53.587986,2026-07-30 22:50:56.143857,2.555871,0.001,0,periodic,250,25,0.001,0,2.2483320840401575,periodic,250,25,1,0.017924330060713894,298,"{'alpha_edge': [0, 0.001, 0.1, 1, 10], 'alpha_neuron': [0], 'kernel_type': ['rbf', 'matern', 'periodic'], 'layer_width': [100, 250, 500, 750, 1000], 'num_inducing': [10, 25, 50, 75, 100]}",COMPLETE,
299,0.008220497426634334,2026-07-30 22:50:56.146756,2026-07-30 22:51:01.016601,4.869845,10.0,0,matern,250,50,10.0,0,4.430592874996364,matern,250,50,1,0.008220497426634334,299,"{'alpha_edge': [0, 0.001, 0.1, 1, 10], 'alpha_neuron': [0], 'kernel_type': ['rbf', 'matern', 'periodic'], 'layer_width': [100, 250, 500, 750, 1000], 'num_inducing': [10, 25, 50, 75, 100]}",COMPLETE,
300,0.04404282548794345,2026-07-30 22:51:01.019960,2026-07-30 22:51:34.889106,33.869146,10.0,0,periodic,1000,75,10.0,0,31.205889750039205,periodic,1000,75,1,0.04404282548794345,300,"{'alpha_edge': [0, 0.001, 0.1, 1, 10], 'alpha_neuron': [0], 'kernel_type': ['rbf', 'matern', 'periodic'], 'layer_width': [100, 250, 500, 750, 1000], 'num_inducing': [10, 25, 50, 75, 100]}",COMPLETE,
301,0.002568624528976451,2026-07-30 22:51:34.892281,2026-07-30 22:51:43.525119,8.632838,1.0,0,matern,500,50,1.0,0,7.854645999963395,matern,500,50,1,0.002568624528976451,301,"{'alpha_edge': [0, 0.001, 0.1, 1, 10], 'alpha_neuron': [0], 'kernel_type': ['rbf', 'matern', 'periodic'], 'layer_width': [100, 250, 500, 750, 1000], 'num_inducing': [10, 25, 50, 75, 100]}",COMPLETE,
302,0.03192393192624172,2026-07-30 22:51:43.528216,2026-07-30 22:51:46.321525,2.793309,0.1,0,periodic,100,75,0.1,0,2.5145256250398234,periodic,100,75,1,0.03192393192624172,302,"{'alpha_edge': [0, 0.001, 0.1, 1, 10], 'alpha_neuron': [0], 'kernel_type': ['rbf', 'matern', 'periodic'], 'layer_width': [100, 250, 500, 750, 1000], 'num_inducing': [10, 25, 50, 75, 100]}",COMPLETE,
303,0.008706209401065139,2026-07-30 22:51:46.324455,2026-07-30 22:51:53.164598,6.840143,0.001,0,rbf,250,100,0.001,0,6.382554375042673,rbf,250,100,1,0.008706209401065139,303,"{'alpha_edge': [0, 0.001, 0.1, 1, 10], 'alpha_neuron': [0], 'kernel_type': ['rbf', 'matern', 'periodic'], 'layer_width': [100, 250, 500, 750, 1000], 'num_inducing': [10, 25, 50, 75, 100]}",COMPLETE,
304,0.0010989519338664147,2026-07-30 22:51:53.167307,2026-07-30 22:52:02.457784,9.290477,0.001,0,matern,1000,25,0.001,0,8.560505584056955,matern,1000,25,1,0.0010989519338664147,304,"{'alpha_edge': [0, 0.001, 0.1, 1, 10], 'alpha_neuron': [0], 'kernel_type': ['rbf', 'matern', 'periodic'], 'layer_width': [100, 250, 500, 750, 1000], 'num_inducing': [10, 25, 50, 75, 100]}",COMPLETE,
305,0.0006579911179015544,2026-07-30 22:52:02.461633,2026-07-30 22:52:08.332670,5.871037,10.0,0,rbf,1000,10,10.0,0,5.579795000026934,rbf,1000,10,1,0.0006579911179015544,305,"{'alpha_edge': [0, 0.001, 0.1, 1, 10], 'alpha_neuron': [0], 'kernel_type': ['rbf', 'matern', 'periodic'], 'layer_width': [100, 250, 500, 750, 1000], 'num_inducing': [10, 25, 50, 75, 100]}",COMPLETE,
306,0.0010426218671712238,2026-07-30 22:52:08.338719,2026-07-30 22:52:15.170134,6.831415,10.0,0,matern,750,25,10.0,0,6.2738057089736685,matern,750,25,1,0.0010426218671712238,306,"{'alpha_edge': [0, 0.001, 0.1, 1, 10], 'alpha_neuron': [0], 'kernel_type': ['rbf', 'matern', 'periodic'], 'layer_width': [100, 250, 500, 750, 1000], 'num_inducing': [10, 25, 50, 75, 100]}",COMPLETE,
307,0.003245689173390391,2026-07-30 22:52:15.173040,2026-07-30 22:52:20.974416,5.801376,0.001,0,rbf,750,25,0.001,0,5.315125084016472,rbf,750,25,1,0.003245689173390391,307,"{'alpha_edge': [0, 0.001, 0.1, 1, 10], 'alpha_neuron': [0], 'kernel_type': ['rbf', 'matern', 'periodic'], 'layer_width': [100, 250, 500, 750, 1000], 'num_inducing': [10, 25, 50, 75, 100]}",COMPLETE,
308,0.010084785327449771,2026-07-30 22:52:20.977633,2026-07-30 22:52:24.618256,3.640623,0.001,0,rbf,250,50,0.001,0,3.3939491669880226,rbf,250,50,1,0.010084785327449771,308,"{'alpha_edge': [0, 0.001, 0.1, 1, 10], 'alpha_neuron': [0], 'kernel_type': ['rbf', 'matern', 'periodic'], 'layer_width': [100, 250, 500, 750, 1000], 'num_inducing': [10, 25, 50, 75, 100]}",COMPLETE,
309,0.0007651018448335321,2026-07-30 22:52:24.621063,2026-07-30 22:52:39.159244,14.538181,1.0,0,matern,750,50,1.0,0,13.330243041040376,matern,750,50,1,0.0007651018448335321,309,"{'alpha_edge': [0, 0.001, 0.1, 1, 10], 'alpha_neuron': [0], 'kernel_type': ['rbf', 'matern', 'periodic'], 'layer_width': [100, 250, 500, 750, 1000], 'num_inducing': [10, 25, 50, 75, 100]}",COMPLETE,
310,0.0020526350085081054,2026-07-30 22:52:39.162922,2026-07-30 22:53:11.049102,31.88618,0.001,0,matern,750,100,0.001,0,29.48074737499701,matern,750,100,1,0.0020526350085081054,310,"{'alpha_edge': [0, 0.001, 0.1, 1, 10], 'alpha_neuron': [0], 'kernel_type': ['rbf', 'matern', 'periodic'], 'layer_width': [100, 250, 500, 750, 1000], 'num_inducing': [10, 25, 50, 75, 100]}",COMPLETE,
311,0.014589392013757101,2026-07-30 22:53:11.052138,2026-07-30 22:53:18.937788,7.88565,1.0,0,periodic,750,25,1.0,0,7.066720125032589,periodic,750,25,1,0.014589392013757101,311,"{'alpha_edge': [0, 0.001, 0.1, 1, 10], 'alpha_neuron': [0], 'kernel_type': ['rbf', 'matern', 'periodic'], 'layer_width': [100, 250, 500, 750, 1000], 'num_inducing': [10, 25, 50, 75, 100]}",COMPLETE,
312,0.04421651259113523,2026-07-30 22:53:18.940825,2026-07-30 22:53:24.126490,5.185665,0.0,0,periodic,250,50,0.0,0,4.704539708036464,periodic,250,50,1,0.04421651259113523,312,"{'alpha_edge': [0, 0.001, 0.1, 1, 10], 'alpha_neuron': [0], 'kernel_type': ['rbf', 'matern', 'periodic'], 'layer_width': [100, 250, 500, 750, 1000], 'num_inducing': [10, 25, 50, 75, 100]}",COMPLETE,
313,0.006959856699066276,2026-07-30 22:53:24.129359,2026-07-30 22:53:28.510994,4.381635,1.0,0,matern,250,50,1.0,0,4.013542583968956,matern,250,50,1,0.006959856699066276,313,"{'alpha_edge': [0, 0.001, 0.1, 1, 10], 'alpha_neuron': [0], 'kernel_type': ['rbf', 'matern', 'periodic'], 'layer_width': [100, 250, 500, 750, 1000], 'num_inducing': [10, 25, 50, 75, 100]}",COMPLETE,
314,0.011081750658020546,2026-07-30 22:53:28.513877,2026-07-30 22:53:29.728562,1.214685,10.0,0,matern,250,10,10.0,0,1.0725283750216477,matern,250,10,1,0.011081750658020546,314,"{'alpha_edge': [0, 0.001, 0.1, 1, 10], 'alpha_neuron': [0], 'kernel_type': ['rbf', 'matern', 'periodic'], 'layer_width': [100, 250, 500, 750, 1000], 'num_inducing': [10, 25, 50, 75, 100]}",COMPLETE,
315,0.007683246282070062,2026-07-30 22:53:29.750721,2026-07-30 22:53:43.279180,13.528459,0.0,0,matern,750,50,0.0,0,12.338318624999374,matern,750,50,1,0.007683246282070062,315,"{'alpha_edge': [0, 0.001, 0.1, 1, 10], 'alpha_neuron': [0], 'kernel_type': ['rbf', 'matern', 'periodic'], 'layer_width': [100, 250, 500, 750, 1000], 'num_inducing': [10, 25, 50, 75, 100]}",COMPLETE,
316,0.007457145097442152,2026-07-30 22:53:43.282221,2026-07-30 22:53:44.462682,1.180461,0.001,0,matern,250,10,0.001,0,1.0722304160008207,matern,250,10,1,0.007457145097442152,316,"{'alpha_edge': [0, 0.001, 0.1, 1, 10], 'alpha_neuron': [0], 'kernel_type': ['rbf', 'matern', 'periodic'], 'layer_width': [100, 250, 500, 750, 1000], 'num_inducing': [10, 25, 50, 75, 100]}",COMPLETE,
317,0.003064647538102518,2026-07-30 22:53:44.465847,2026-07-30 22:54:16.371822,31.905975,1.0,0,matern,1000,75,1.0,0,29.88058287499007,matern,1000,75,1,0.003064647538102518,317,"{'alpha_edge': [0, 0.001, 0.1, 1, 10], 'alpha_neuron': [0], 'kernel_type': ['rbf', 'matern', 'periodic'], 'layer_width': [100, 250, 500, 750, 1000], 'num_inducing': [10, 25, 50, 75, 100]}",COMPLETE,
318,0.030247863675397627,2026-07-30 22:54:16.376323,2026-07-30 22:54:19.036043,2.65972,10.0,0,matern,100,75,10.0,0,2.437308291962836,matern,100,75,1,0.030247863675397627,318,"{'alpha_edge': [0, 0.001, 0.1, 1, 10], 'alpha_neuron': [0], 'kernel_type': ['rbf', 'matern', 'periodic'], 'layer_width': [100, 250, 500, 750, 1000], 'num_inducing': [10, 25, 50, 75, 100]}",COMPLETE,
319,0.013736651460643077,2026-07-30 22:54:19.038761,2026-07-30 22:54:33.183771,14.14501,0.0,0,matern,500,75,0.0,0,13.08429274999071,matern,500,75,1,0.013736651460643077,319,"{'alpha_edge': [0, 0.001, 0.1, 1, 10], 'alpha_neuron': [0], 'kernel_type': ['rbf', 'matern', 'periodic'], 'layer_width': [100, 250, 500, 750, 1000], 'num_inducing': [10, 25, 50, 75, 100]}",COMPLETE,
320,0.06108834254381635,2026-07-30 22:54:33.186942,2026-07-30 22:54:36.225209,3.038267,0.0,0,periodic,100,75,0.0,0,2.763365458988119,periodic,100,75,1,0.06108834254381635,320,"{'alpha_edge': [0, 0.001, 0.1, 1, 10], 'alpha_neuron': [0], 'kernel_type': ['rbf', 'matern', 'periodic'], 'layer_width': [100, 250, 500, 750, 1000], 'num_inducing': [10, 25, 50, 75, 100]}",COMPLETE,
321,0.0027853573553493736,2026-07-30 22:54:36.228039,2026-07-30 22:54:50.260530,14.032491,10.0,0,rbf,1000,50,10.0,0,13.028849666996393,rbf,1000,50,1,0.0027853573553493736,321,"{'alpha_edge': [0, 0.001, 0.1, 1, 10], 'alpha_neuron': [0], 'kernel_type': ['rbf', 'matern', 'periodic'], 'layer_width': [100, 250, 500, 750, 1000], 'num_inducing': [10, 25, 50, 75, 100]}",COMPLETE,
322,0.05465169275839064,2026-07-30 22:54:50.263763,2026-07-30 22:54:53.040466,2.776703,0.001,0,periodic,100,75,0.001,0,2.4971220419974998,periodic,100,75,1,0.05465169275839064,322,"{'alpha_edge': [0, 0.001, 0.1, 1, 10], 'alpha_neuron': [0], 'kernel_type': ['rbf', 'matern', 'periodic'], 'layer_width': [100, 250, 500, 750, 1000], 'num_inducing': [10, 25, 50, 75, 100]}",COMPLETE,
323,0.013093198676600104,2026-07-30 22:54:53.043336,2026-07-30 22:54:58.968314,5.924978,1.0,0,periodic,750,10,1.0,0,5.448039082984906,periodic,750,10,1,0.013093198676600104,323,"{'alpha_edge': [0, 0.001, 0.1, 1, 10], 'alpha_neuron': [0], 'kernel_type': ['rbf', 'matern', 'periodic'], 'layer_width': [100, 250, 500, 750, 1000], 'num_inducing': [10, 25, 50, 75, 100]}",COMPLETE,
324,0.06296916102689362,2026-07-30 22:54:58.974615,2026-07-30 22:55:02.807252,3.832637,0.0,0,matern,100,75,0.0,0,3.456027082982473,matern,100,75,1,0.06296916102689362,324,"{'alpha_edge': [0, 0.001, 0.1, 1, 10], 'alpha_neuron': [0], 'kernel_type': ['rbf', 'matern', 'periodic'], 'layer_width': [100, 250, 500, 750, 1000], 'num_inducing': [10, 25, 50, 75, 100]}",COMPLETE,
325,0.00906173669572989,2026-07-30 22:55:02.810699,2026-07-30 22:55:13.117103,10.306404,0.1,0,matern,250,75,0.1,0,9.55200791702373,matern,250,75,1,0.00906173669572989,325,"{'alpha_edge': [0, 0.001, 0.1, 1, 10], 'alpha_neuron': [0], 'kernel_type': ['rbf', 'matern', 'periodic'], 'layer_width': [100, 250, 500, 750, 1000], 'num_inducing': [10, 25, 50, 75, 100]}",COMPLETE,
326,0.0021876533784900725,2026-07-30 22:55:13.126625,2026-07-30 22:55:28.935005,15.80838,0.1,0,rbf,500,75,0.1,0,14.788778042013291,rbf,500,75,1,0.0021876533784900725,326,"{'alpha_edge': [0, 0.001, 0.1, 1, 10], 'alpha_neuron': [0], 'kernel_type': ['rbf', 'matern', 'periodic'], 'layer_width': [100, 250, 500, 750, 1000], 'num_inducing': [10, 25, 50, 75, 100]}",COMPLETE,
327,0.08057246640802092,2026-07-30 22:55:28.938486,2026-07-30 22:55:29.976843,1.038357,0.1,0,rbf,100,25,0.1,0,0.9443032080307603,rbf,100,25,1,0.08057246640802092,327,"{'alpha_edge': [0, 0.001, 0.1, 1, 10], 'alpha_neuron': [0], 'kernel_type': ['rbf', 'matern', 'periodic'], 'layer_width': [100, 250, 500, 750, 1000], 'num_inducing': [10, 25, 50, 75, 100]}",COMPLETE,
328,0.002398548282239685,2026-07-30 22:55:29.980632,2026-07-30 22:55:57.961675,27.981043,1.0,0,rbf,750,100,1.0,0,26.011460083012935,rbf,750,100,1,0.002398548282239685,328,"{'alpha_edge': [0, 0.001, 0.1, 1, 10], 'alpha_neuron': [0], 'kernel_type': ['rbf', 'matern', 'periodic'], 'layer_width': [100, 250, 500, 750, 1000], 'num_inducing': [10, 25, 50, 75, 100]}",COMPLETE,
329,0.025577675503592773,2026-07-30 22:55:57.965080,2026-07-30 22:56:00.704728,2.739648,0.1,0,periodic,100,50,0.1,0,2.428304583998397,periodic,100,50,1,0.025577675503592773,329,"{'alpha_edge': [0, 0.001, 0.1, 1, 10], 'alpha_neuron': [0], 'kernel_type': ['rbf', 'matern', 'periodic'], 'layer_width': [100, 250, 500, 750, 1000], 'num_inducing': [10, 25, 50, 75, 100]}",COMPLETE,
330,0.01647663070027379,2026-07-30 22:56:00.709051,2026-07-30 22:56:03.622121,2.91307,0.0,0,matern,250,25,0.0,0,2.6532512920093723,matern,250,25,1,0.01647663070027379,330,"{'alpha_edge': [0, 0.001, 0.1, 1, 10], 'alpha_neuron': [0], 'kernel_type': ['rbf', 'matern', 'periodic'], 'layer_width': [100, 250, 500, 750, 1000], 'num_inducing': [10, 25, 50, 75, 100]}",COMPLETE,
331,0.03403146628868433,2026-07-30 22:56:03.625124,2026-07-30 22:56:09.558970,5.933846,0.0,0,matern,250,50,0.0,0,5.407952708017547,matern,250,50,1,0.03403146628868433,331,"{'alpha_edge': [0, 0.001, 0.1, 1, 10], 'alpha_neuron': [0], 'kernel_type': ['rbf', 'matern', 'periodic'], 'layer_width': [100, 250, 500, 750, 1000], 'num_inducing': [10, 25, 50, 75, 100]}",COMPLETE,
332,0.027193106514335867,2026-07-30 22:56:09.562465,2026-07-30 22:56:12.112696,2.550231,0.001,0,periodic,100,50,0.001,0,2.326300834014546,periodic,100,50,1,0.027193106514335867,332,"{'alpha_edge': [0, 0.001, 0.1, 1, 10], 'alpha_neuron': [0], 'kernel_type': ['rbf', 'matern', 'periodic'], 'layer_width': [100, 250, 500, 750, 1000], 'num_inducing': [10, 25, 50, 75, 100]}",COMPLETE,
333,0.0027266414388135343,2026-07-30 22:56:12.117315,2026-07-30 22:56:14.817656,2.700341,0.1,0,matern,500,10,0.1,0,2.487263916991651,matern,500,10,1,0.0027266414388135343,333,"{'alpha_edge': [0, 0.001, 0.1, 1, 10], 'alpha_neuron': [0], 'kernel_type': ['rbf', 'matern', 'periodic'], 'layer_width': [100, 250, 500, 750, 1000], 'num_inducing': [10, 25, 50, 75, 100]}",COMPLETE,
334,0.0022599894531924107,2026-07-30 22:56:14.823439,2026-07-30 22:56:36.524502,21.701063,10.0,0,matern,1000,50,10.0,0,19.998425416008104,matern,1000,50,1,0.0022599894531924107,334,"{'alpha_edge': [0, 0.001, 0.1, 1, 10], 'alpha_neuron': [0], 'kernel_type': ['rbf', 'matern', 'periodic'], 'layer_width': [100, 250, 500, 750, 1000], 'num_inducing': [10, 25, 50, 75, 100]}",COMPLETE,
335,0.05667541172816065,2026-07-30 22:56:36.527698,2026-07-30 22:56:52.714989,16.187291,1.0,0,periodic,500,75,1.0,0,14.629638207959943,periodic,500,75,1,0.05667541172816065,335,"{'alpha_edge': [0, 0.001, 0.1, 1, 10], 'alpha_neuron': [0], 'kernel_type': ['rbf', 'matern', 'periodic'], 'layer_width': [100, 250, 500, 750, 1000], 'num_inducing': [10, 25, 50, 75, 100]}",COMPLETE,
336,0.05096362641822522,2026-07-30 22:56:52.718339,2026-07-30 22:56:55.114529,2.39619,10.0,0,periodic,100,50,10.0,0,2.175308874982875,periodic,100,50,1,0.05096362641822522,336,"{'alpha_edge': [0, 0.001, 0.1, 1, 10], 'alpha_neuron': [0], 'kernel_type': ['rbf', 'matern', 'periodic'], 'layer_width': [100, 250, 500, 750, 1000], 'num_inducing': [10, 25, 50, 75, 100]}",COMPLETE,
337,0.005108725074954516,2026-07-30 22:56:55.118548,2026-07-30 22:57:17.505978,22.38743,0.001,0,periodic,1000,50,0.001,0,20.300418375001755,periodic,1000,50,1,0.005108725074954516,337,"{'alpha_edge': [0, 0.001, 0.1, 1, 10], 'alpha_neuron': [0], 'kernel_type': ['rbf', 'matern', 'periodic'], 'layer_width': [100, 250, 500, 750, 1000], 'num_inducing': [10, 25, 50, 75, 100]}",COMPLETE,
338,0.032557232329147895,2026-07-30 22:57:17.509106,2026-07-30 22:57:20.368823,2.859717,1.0,0,periodic,500,10,1.0,0,2.568943999998737,periodic,500,10,1,0.032557232329147895,338,"{'alpha_edge': [0, 0.001, 0.1, 1, 10], 'alpha_neuron': [0], 'kernel_type': ['rbf', 'matern', 'periodic'], 'layer_width': [100, 250, 500, 750, 1000], 'num_inducing': [10, 25, 50, 75, 100]}",COMPLETE,
339,0.002309164435661831,2026-07-30 22:57:20.371665,2026-07-30 22:57:26.095407,5.723742,10.0,0,matern,1000,10,10.0,0,5.318271583004389,matern,1000,10,1,0.002309164435661831,339,"{'alpha_edge': [0, 0.001, 0.1, 1, 10], 'alpha_neuron': [0], 'kernel_type': ['rbf', 'matern', 'periodic'], 'layer_width': [100, 250, 500, 750, 1000], 'num_inducing': [10, 25, 50, 75, 100]}",COMPLETE,
340,0.01853403569496008,2026-07-30 22:57:26.099088,2026-07-30 22:57:28.236631,2.137543,0.1,0,matern,100,50,0.1,0,1.9661246670293622,matern,100,50,1,0.01853403569496008,340,"{'alpha_edge': [0, 0.001, 0.1, 1, 10], 'alpha_neuron': [0], 'kernel_type': ['rbf', 'matern', 'periodic'], 'layer_width': [100, 250, 500, 750, 1000], 'num_inducing': [10, 25, 50, 75, 100]}",COMPLETE,
341,0.0007123505305576094,2026-07-30 22:57:28.241498,2026-07-30 22:58:02.576549,34.335051,0.001,0,rbf,1000,100,0.001,0,31.95493429194903,rbf,1000,100,1,0.0007123505305576094,341,"{'alpha_edge': [0, 0.001, 0.1, 1, 10], 'alpha_neuron': [0], 'kernel_type': ['rbf', 'matern', 'periodic'], 'layer_width': [100, 250, 500, 750, 1000], 'num_inducing': [10, 25, 50, 75, 100]}",COMPLETE,
342,0.002509087629810047,2026-07-30 22:58:02.582001,2026-07-30 22:58:18.229775,15.647774,10.0,0,matern,500,75,10.0,0,14.501773500000127,matern,500,75,1,0.002509087629810047,342,"{'alpha_edge': [0, 0.001, 0.1, 1, 10], 'alpha_neuron': [0], 'kernel_type': ['rbf', 'matern', 'periodic'], 'layer_width': [100, 250, 500, 750, 1000], 'num_inducing': [10, 25, 50, 75, 100]}",COMPLETE,
343,0.008093790495313339,2026-07-30 22:58:18.232984,2026-07-30 22:58:20.920664,2.68768,10.0,0,matern,500,10,10.0,0,2.4424233339959756,matern,500,10,1,0.008093790495313339,343,"{'alpha_edge': [0, 0.001, 0.1, 1, 10], 'alpha_neuron': [0], 'kernel_type': ['rbf', 'matern', 'periodic'], 'layer_width': [100, 250, 500, 750, 1000], 'num_inducing': [10, 25, 50, 75, 100]}",COMPLETE,
344,0.0018850097555345832,2026-07-30 22:58:20.953213,2026-07-30 22:58:42.564664,21.611451,0.1,0,matern,1000,50,0.1,0,19.780062082980294,matern,1000,50,1,0.0018850097555345832,344,"{'alpha_edge': [0, 0.001, 0.1, 1, 10], 'alpha_neuron': [0], 'kernel_type': ['rbf', 'matern', 'periodic'], 'layer_width': [100, 250, 500, 750, 1000], 'num_inducing': [10, 25, 50, 75, 100]}",COMPLETE,
345,0.00238925581195547,2026-07-30 22:58:42.567818,2026-07-30 22:59:01.056800,18.488982,1.0,0,rbf,750,75,1.0,0,17.267511042009573,rbf,750,75,1,0.00238925581195547,345,"{'alpha_edge': [0, 0.001, 0.1, 1, 10], 'alpha_neuron': [0], 'kernel_type': ['rbf', 'matern', 'periodic'], 'layer_width': [100, 250, 500, 750, 1000], 'num_inducing': [10, 25, 50, 75, 100]}",COMPLETE,
346,0.0022491972662591845,2026-07-30 22:59:01.059821,2026-07-30 22:59:05.678537,4.618716,0.001,0,matern,750,10,0.001,0,4.2666765410103835,matern,750,10,1,0.0022491972662591845,346,"{'alpha_edge': [0, 0.001, 0.1, 1, 10], 'alpha_neuron': [0], 'kernel_type': ['rbf', 'matern', 'periodic'], 'layer_width': [100, 250, 500, 750, 1000], 'num_inducing': [10, 25, 50, 75, 100]}",COMPLETE,
347,0.004417390024515966,2026-07-30 22:59:05.683558,2026-07-30 22:59:09.699787,4.016229,1.0,0,matern,750,10,1.0,0,3.719954708998557,matern,750,10,1,0.004417390024515966,347,"{'alpha_edge': [0, 0.001, 0.1, 1, 10], 'alpha_neuron': [0], 'kernel_type': ['rbf', 'matern', 'periodic'], 'layer_width': [100, 250, 500, 750, 1000], 'num_inducing': [10, 25, 50, 75, 100]}",COMPLETE,
348,0.03639941737094208,2026-07-30 22:59:09.702744,2026-07-30 22:59:30.548091,20.845347,0.0,0,periodic,1000,50,0.0,0,18.907177917019,periodic,1000,50,1,0.03639941737094208,348,"{'alpha_edge': [0, 0.001, 0.1, 1, 10], 'alpha_neuron': [0], 'kernel_type': ['rbf', 'matern', 'periodic'], 'layer_width': [100, 250, 500, 750, 1000], 'num_inducing': [10, 25, 50, 75, 100]}",COMPLETE,
349,0.009316291024604913,2026-07-30 22:59:30.551306,2026-07-30 22:59:38.686762,8.135456,10.0,0,matern,250,75,10.0,0,7.50823387503624,matern,250,75,1,0.009316291024604913,349,"{'alpha_edge': [0, 0.001, 0.1, 1, 10], 'alpha_neuron': [0], 'kernel_type': ['rbf', 'matern', 'periodic'], 'layer_width': [100, 250, 500, 750, 1000], 'num_inducing': [10, 25, 50, 75, 100]}",COMPLETE,
350,0.04410278486074556,2026-07-30 22:59:38.691855,2026-07-30 22:59:39.176428,0.484573,0.0,0,matern,100,10,0.0,0,0.44333491602446884,matern,100,10,1,0.04410278486074556,350,"{'alpha_edge': [0, 0.001, 0.1, 1, 10], 'alpha_neuron': [0], 'kernel_type': ['rbf', 'matern', 'periodic'], 'layer_width': [100, 250, 500, 750, 1000], 'num_inducing': [10, 25, 50, 75, 100]}",COMPLETE,
351,0.003286797870844647,2026-07-30 22:59:39.182102,2026-07-30 22:59:43.020910,3.838808,0.1,0,rbf,750,10,0.1,0,3.564884624967817,rbf,750,10,1,0.003286797870844647,351,"{'alpha_edge': [0, 0.001, 0.1, 1, 10], 'alpha_neuron': [0], 'kernel_type': ['rbf', 'matern', 'periodic'], 'layer_width': [100, 250, 500, 750, 1000], 'num_inducing': [10, 25, 50, 75, 100]}",COMPLETE,
352,0.007356266367855207,2026-07-30 22:59:43.024163,2026-07-30 22:59:53.731000,10.706837,10.0,0,matern,500,50,10.0,0,9.691818291030359,matern,500,50,1,0.007356266367855207,352,"{'alpha_edge': [0, 0.001, 0.1, 1, 10], 'alpha_neuron': [0], 'kernel_type': ['rbf', 'matern', 'periodic'], 'layer_width': [100, 250, 500, 750, 1000], 'num_inducing': [10, 25, 50, 75, 100]}",COMPLETE,
353,0.01275627656728929,2026-07-30 22:59:53.734580,2026-07-30 23:00:12.743055,19.008475,10.0,0,periodic,750,50,10.0,0,17.097469792002812,periodic,750,50,1,0.01275627656728929,353,"{'alpha_edge': [0, 0.001, 0.1, 1, 10], 'alpha_neuron': [0], 'kernel_type': ['rbf', 'matern', 'periodic'], 'layer_width': [100, 250, 500, 750, 1000], 'num_inducing': [10, 25, 50, 75, 100]}",COMPLETE,
354,0.003004580992044303,2026-07-30 23:00:12.746533,2026-07-30 23:00:46.685017,33.938484,0.1,0,rbf,1000,100,0.1,0,31.557835040963255,rbf,1000,100,1,0.003004580992044303,354,"{'alpha_edge': [0, 0.001, 0.1, 1, 10], 'alpha_neuron': [0], 'kernel_type': ['rbf', 'matern', 'periodic'], 'layer_width': [100, 250, 500, 750, 1000], 'num_inducing': [10, 25, 50, 75, 100]}",COMPLETE,
355,0.023808492742344294,2026-07-30 23:00:46.691195,2026-07-30 23:00:52.281766,5.590571,10.0,0,periodic,500,25,10.0,0,4.994386832986493,periodic,500,25,1,0.023808492742344294,355,"{'alpha_edge': [0, 0.001, 0.1, 1, 10], 'alpha_neuron': [0], 'kernel_type': ['rbf', 'matern', 'periodic'], 'layer_width': [100, 250, 500, 750, 1000], 'num_inducing': [10, 25, 50, 75, 100]}",COMPLETE,
356,0.014404766256961748,2026-07-30 23:00:52.284844,2026-07-30 23:01:13.837175,21.552331,0.0,0,matern,500,100,0.0,0,19.732577125017997,matern,500,100,1,0.014404766256961748,356,"{'alpha_edge': [0, 0.001, 0.1, 1, 10], 'alpha_neuron': [0], 'kernel_type': ['rbf', 'matern', 'periodic'], 'layer_width': [100, 250, 500, 750, 1000], 'num_inducing': [10, 25, 50, 75, 100]}",COMPLETE,
357,0.0035900441040109753,2026-07-30 23:01:13.842764,2026-07-30 23:01:37.053778,23.211014,0.1,0,matern,750,75,0.1,0,21.41187249997165,matern,750,75,1,0.0035900441040109753,357,"{'alpha_edge': [0, 0.001, 0.1, 1, 10], 'alpha_neuron': [0], 'kernel_type': ['rbf', 'matern', 'periodic'], 'layer_width': [100, 250, 500, 750, 1000], 'num_inducing': [10, 25, 50, 75, 100]}",COMPLETE,
358,0.002851109295238521,2026-07-30 23:01:37.058576,2026-07-30 23:01:54.175075,17.116499,10.0,0,rbf,500,100,10.0,0,15.860525875003077,rbf,500,100,1,0.002851109295238521,358,"{'alpha_edge': [0, 0.001, 0.1, 1, 10], 'alpha_neuron': [0], 'kernel_type': ['rbf', 'matern', 'periodic'], 'layer_width': [100, 250, 500, 750, 1000], 'num_inducing': [10, 25, 50, 75, 100]}",COMPLETE,
359,0.0031837914861587544,2026-07-30 23:01:54.266508,2026-07-30 23:02:06.502642,12.236134,0.001,0,rbf,500,75,0.001,0,11.309044249996077,rbf,500,75,1,0.0031837914861587544,359,"{'alpha_edge': [0, 0.001, 0.1, 1, 10], 'alpha_neuron': [0], 'kernel_type': ['rbf', 'matern', 'periodic'], 'layer_width': [100, 250, 500, 750, 1000], 'num_inducing': [10, 25, 50, 75, 100]}",COMPLETE,
360,1.490047598019804,2026-07-30 23:02:06.507852,2026-07-30 23:02:13.003816,6.495964,0.0,0,periodic,1000,10,0.0,0,5.843674290983472,periodic,1000,10,1,1.490047598019804,360,"{'alpha_edge': [0, 0.001, 0.1, 1, 10], 'alpha_neuron': [0], 'kernel_type': ['rbf', 'matern', 'periodic'], 'layer_width': [100, 250, 500, 750, 1000], 'num_inducing': [10, 25, 50, 75, 100]}",COMPLETE,
361,0.002753678985439102,2026-07-30 23:02:13.009333,2026-07-30 23:02:21.430245,8.420912,0.001,0,rbf,500,50,0.001,0,7.790641666972078,rbf,500,50,1,0.002753678985439102,361,"{'alpha_edge': [0, 0.001, 0.1, 1, 10], 'alpha_neuron': [0], 'kernel_type': ['rbf', 'matern', 'periodic'], 'layer_width': [100, 250, 500, 750, 1000], 'num_inducing': [10, 25, 50, 75, 100]}",COMPLETE,
362,0.03414367548624267,2026-07-30 23:02:21.433743,2026-07-30 23:02:37.798095,16.364352,1.0,0,periodic,750,50,1.0,0,14.793686499993782,periodic,750,50,1,0.03414367548624267,362,"{'alpha_edge': [0, 0.001, 0.1, 1, 10], 'alpha_neuron': [0], 'kernel_type': ['rbf', 'matern', 'periodic'], 'layer_width': [100, 250, 500, 750, 1000], 'num_inducing': [10, 25, 50, 75, 100]}",COMPLETE,
363,0.00277649722819836,2026-07-30 23:02:37.800787,2026-07-30 23:02:50.418733,12.617946,1.0,0,rbf,750,50,1.0,0,11.738904417026788,rbf,750,50,1,0.00277649722819836,363,"{'alpha_edge': [0, 0.001, 0.1, 1, 10], 'alpha_neuron': [0], 'kernel_type': ['rbf', 'matern', 'periodic'], 'layer_width': [100, 250, 500, 750, 1000], 'num_inducing': [10, 25, 50, 75, 100]}",COMPLETE,
364,0.04410729944725138,2026-07-30 23:02:50.424330,2026-07-30 23:02:52.858528,2.434198,1.0,0,periodic,100,50,1.0,0,2.191848708956968,periodic,100,50,1,0.04410729944725138,364,"{'alpha_edge': [0, 0.001, 0.1, 1, 10], 'alpha_neuron': [0], 'kernel_type': ['rbf', 'matern', 'periodic'], 'layer_width': [100, 250, 500, 750, 1000], 'num_inducing': [10, 25, 50, 75, 100]}",COMPLETE,
365,0.009932888300897518,2026-07-30 23:02:52.892334,2026-07-30 23:02:59.520921,6.628587,0.1,0,periodic,500,25,0.1,0,5.960209708020557,periodic,500,25,1,0.009932888300897518,365,"{'alpha_edge': [0, 0.001, 0.1, 1, 10], 'alpha_neuron': [0], 'kernel_type': ['rbf', 'matern', 'periodic'], 'layer_width': [100, 250, 500, 750, 1000], 'num_inducing': [10, 25, 50, 75, 100]}",COMPLETE,
366,0.09873661425351933,2026-07-30 23:02:59.529135,2026-07-30 23:03:09.186257,9.657122,0.0,0,rbf,250,100,0.0,0,8.978369582968298,rbf,250,100,1,0.09873661425351933,366,"{'alpha_edge': [0, 0.001, 0.1, 1, 10], 'alpha_neuron': [0], 'kernel_type': ['rbf', 'matern', 'periodic'], 'layer_width': [100, 250, 500, 750, 1000], 'num_inducing': [10, 25, 50, 75, 100]}",COMPLETE,
367,0.25658521663410255,2026-07-30 23:03:09.192924,2026-07-30 23:03:20.508843,11.315919,10.0,0,periodic,250,100,10.0,0,10.273307707975619,periodic,250,100,1,0.25658521663410255,367,"{'alpha_edge': [0, 0.001, 0.1, 1, 10], 'alpha_neuron': [0], 'kernel_type': ['rbf', 'matern', 'periodic'], 'layer_width': [100, 250, 500, 750, 1000], 'num_inducing': [10, 25, 50, 75, 100]}",COMPLETE,
368,0.0025288870700564924,2026-07-30 23:03:20.512016,2026-07-30 23:03:26.238481,5.726465,0.1,0,matern,1000,10,0.1,0,5.237081874976866,matern,1000,10,1,0.0025288870700564924,368,"{'alpha_edge': [0, 0.001, 0.1, 1, 10], 'alpha_neuron': [0], 'kernel_type': ['rbf', 'matern', 'periodic'], 'layer_width': [100, 250, 500, 750, 1000], 'num_inducing': [10, 25, 50, 75, 100]}",COMPLETE,
369,0.042412174897269325,2026-07-30 23:03:26.241481,2026-07-30 23:03:27.272932,1.031451,1.0,0,matern,100,25,1.0,0,0.9135566669865511,matern,100,25,1,0.042412174897269325,369,"{'alpha_edge': [0, 0.001, 0.1, 1, 10], 'alpha_neuron': [0], 'kernel_type': ['rbf', 'matern', 'periodic'], 'layer_width': [100, 250, 500, 750, 1000], 'num_inducing': [10, 25, 50, 75, 100]}",COMPLETE,
370,0.003536145178965222,2026-07-30 23:03:27.276613,2026-07-30 23:03:51.271518,23.994905,10.0,0,rbf,1000,75,10.0,0,22.183410457975697,rbf,1000,75,1,0.003536145178965222,370,"{'alpha_edge': [0, 0.001, 0.1, 1, 10], 'alpha_neuron': [0], 'kernel_type': ['rbf', 'matern', 'periodic'], 'layer_width': [100, 250, 500, 750, 1000], 'num_inducing': [10, 25, 50, 75, 100]}",COMPLETE,
371,0.0023721198393398465,2026-07-30 23:03:51.284128,2026-07-30 23:04:07.271079,15.986951,0.1,0,matern,750,50,0.1,0,14.646141249977518,matern,750,50,1,0.0023721198393398465,371,"{'alpha_edge': [0, 0.001, 0.1, 1, 10], 'alpha_neuron': [0], 'kernel_type': ['rbf', 'matern', 'periodic'], 'layer_width': [100, 250, 500, 750, 1000], 'num_inducing': [10, 25, 50, 75, 100]}",COMPLETE,
372,0.0021454582011078685,2026-07-30 23:04:07.276828,2026-07-30 23:04:23.191280,15.914452,0.001,0,matern,750,50,0.001,0,14.553753708023578,matern,750,50,1,0.0021454582011078685,372,"{'alpha_edge': [0, 0.001, 0.1, 1, 10], 'alpha_neuron': [0], 'kernel_type': ['rbf', 'matern', 'periodic'], 'layer_width': [100, 250, 500, 750, 1000], 'num_inducing': [10, 25, 50, 75, 100]}",COMPLETE,
373,0.005669965177596716,2026-07-30 23:04:23.194883,2026-07-30 23:04:45.008140,21.813257,0.0,0,matern,1000,50,0.0,0,20.111282458005007,matern,1000,50,1,0.005669965177596716,373,"{'alpha_edge': [0, 0.001, 0.1, 1, 10], 'alpha_neuron': [0], 'kernel_type': ['rbf', 'matern', 'periodic'], 'layer_width': [100, 250, 500, 750, 1000], 'num_inducing': [10, 25, 50, 75, 100]}",COMPLETE,
374,0.0024696915028750463,2026-07-30 23:04:45.011654,2026-07-30 23:05:02.179029,17.167375,0.1,0,rbf,1000,50,0.1,0,16.035085332987364,rbf,1000,50,1,0.0024696915028750463,374,"{'alpha_edge': [0, 0.001, 0.1, 1, 10], 'alpha_neuron': [0], 'kernel_type': ['rbf', 'matern', 'periodic'], 'layer_width': [100, 250, 500, 750, 1000], 'num_inducing': [10, 25, 50, 75, 100]}",COMPLETE,
